Method,coverage,cov_gap,mean_width,recovery_step,false_alarm_rate,cp_delay,postcov10,postwidth10,postcov25,postwidth25,postcov50,postwidth50,postcov100,postwidth100,neff_t+1,neff_t+5,neff_t+10,neff_t+25,width_overshoot_ratio,condition,shift,ramp,seed
BOCPD-weighted CP,0.8866666666666667,0.013333333333333308,3.452562636176127,0.0,0.0,,0.9,3.344445385042325,0.88,3.2521704732489995,0.88,3.237812062662513,0.89,3.4744022320301995,44.01598362542658,44.37692719613792,43.27299087283946,46.437556847577,0.985308656292722,shift1.0_ramp0,1.0,0,0
BOCPD-weighted ACI,0.9133333333333333,0.013333333333333308,3.993182739896735,0.0,0.0,,0.9,3.566307349093589,0.92,3.4789243044653504,0.9,3.482030553355593,0.92,3.863328403035591,44.01598362542658,44.37692719613792,43.27299087283946,46.437556847577,0.9464817939137887,shift1.0_ramp0,1.0,0,0
Hard-reset CP,0.88,0.020000000000000018,3.452080906249001,0.0,0.0,,0.9,3.4034819170549113,0.88,3.2750955010393223,0.88,3.2392831353334377,0.89,3.4397561301139596,49.0,49.0,41.0,46.0,1.0,shift1.0_ramp0,1.0,0,0
Hard-reset ACI,0.9133333333333333,0.013333333333333308,3.9564808171432166,0.0,0.0,,0.9,3.611456227695919,0.92,3.482885985990851,0.9,3.417601838211226,0.92,3.790799165514466,49.0,49.0,41.0,46.0,1.0000000000000002,shift1.0_ramp0,1.0,0,0
BOCPD-weighted CP,0.8866666666666667,0.013333333333333308,3.417412316814204,0.0,0.0,,1.0,3.2119192659637315,0.92,3.099897705137849,0.88,3.0943243453562483,0.89,3.3964126306917772,43.23495884521077,42.20415264253797,41.93526160608103,46.429564786505786,0.9853086562927219,shift1.0_ramp10,1.0,10,0
BOCPD-weighted ACI,0.9133333333333333,0.013333333333333308,3.9858836688948003,0.0,0.0,,1.0,3.4758086190079416,0.92,3.350333194181297,0.9,3.4073349982135652,0.92,3.850201938519711,43.23495884521077,42.20415264253797,41.93526160608103,46.429564786505786,0.9251888658031084,shift1.0_ramp10,1.0,10,0
Hard-reset CP,0.8766666666666667,0.023333333333333317,3.371090182671287,0.0,0.0,,1.0,3.287585163913218,0.92,3.140581786241292,0.88,3.089912759606648,0.89,3.347659815543903,49.0,36.0,41.0,46.0,0.9853086562927219,shift1.0_ramp10,1.0,10,0
Hard-reset ACI,0.91,0.010000000000000009,3.9465139978780024,0.0,0.0,,1.0,3.558522039307254,0.92,3.3774399859423556,0.9,3.3715237919747305,0.92,3.8303816343821904,49.0,36.0,41.0,46.0,1.0000000000000002,shift1.0_ramp10,1.0,10,0
BOCPD-weighted CP,0.8866666666666667,0.013333333333333308,3.4397278806587246,0.0,0.0,,0.9,3.2269803968636195,0.92,3.1707368182771307,0.88,3.1555134517759074,0.89,3.4557213281963524,43.18833222299839,42.045956048046776,41.850240812768185,46.46635765282804,0.9853086562927219,shift1.0_ramp40,1.0,40,0
BOCPD-weighted ACI,0.91,0.010000000000000009,3.986136043270241,0.0,0.0,,0.9,3.4872363357152443,0.92,3.517007796976576,0.88,3.5305277862372826,0.91,3.871470015237009,43.18833222299839,42.045956048046776,41.850240812768185,46.46635765282804,0.9477625164282709,shift1.0_ramp40,1.0,40,0
Hard-reset CP,0.8833333333333333,0.01666666666666672,3.408950679321682,0.0,0.0,,0.9,3.289692594441321,0.92,3.1957137149471766,0.88,3.1323161796207533,0.9,3.3974439960758303,49.0,36.0,41.0,46.0,0.9853086562927219,shift1.0_ramp40,1.0,40,0
Hard-reset ACI,0.91,0.010000000000000009,3.9617512510961848,0.0,0.0,,0.9,3.569949756014556,0.92,3.487072698140697,0.88,3.47613638174085,0.91,3.8641394612510305,49.0,36.0,41.0,46.0,1.0000000000000002,shift1.0_ramp40,1.0,40,0
BOCPD-weighted CP,0.8866666666666667,0.013333333333333308,3.534844314058179,2.0,0.0,,0.7,4.310122789374307,0.88,4.168086510196268,0.9,3.8115061923326348,0.9,3.763595032476346,37.99203036520075,36.278382637792866,37.6970014499623,44.61586457240364,1.368237335286827,shift2.0_ramp0,2.0,0,0
BOCPD-weighted ACI,0.9233333333333333,0.023333333333333317,4.166338271209438,1.0,0.0,,0.8,4.647221266754835,0.92,4.687840940375337,0.96,4.638179662810775,0.95,4.4038442154522714,37.99203036520075,36.278382637792866,37.6970014499623,44.61586457240364,1.4318560835189025,shift2.0_ramp0,2.0,0,0
Hard-reset CP,0.8833333333333333,0.01666666666666672,3.5163032494795416,1.0,0.0,,0.8,4.881915174409039,0.92,4.252594503989416,0.92,3.8865817184634026,0.91,3.7657003237668194,6.0,10.0,15.0,48.0,1.5755004934200583,shift2.0_ramp0,2.0,0,0
Hard-reset ACI,0.92,0.020000000000000018,4.163305263172854,1.0,0.0,,0.8,5.183089281900735,0.92,4.875464462857842,0.96,4.674795012421968,0.95,4.450742359583819,6.0,10.0,15.0,48.0,1.4318560835189025,shift2.0_ramp0,2.0,0,0
BOCPD-weighted CP,0.8833333333333333,0.01666666666666672,3.5134034815806294,15.0,0.0,,0.8,3.229087827391723,0.8,3.438245882880368,0.86,3.5334975240895914,0.88,3.6745855365036597,43.309043070043494,42.96372688663156,43.190532493430226,44.91706419825244,1.0402670395899385,shift2.0_ramp10,2.0,10,0
BOCPD-weighted ACI,0.9166666666666666,0.016666666666666607,4.082505545528154,10.0,0.0,,0.8,3.498664052422547,0.88,3.8001671097583603,0.9,3.926707871399019,0.92,4.139058353041526,43.309043070043494,42.96372688663156,43.190532493430226,44.91706419825244,1.0413442281991436,shift2.0_ramp10,2.0,10,0
Hard-reset CP,0.8766666666666667,0.023333333333333317,3.473423446269773,15.0,0.0,,0.8,3.2918000249694246,0.8,3.4016587611092475,0.86,3.4749889387082487,0.88,3.5920786422024116,49.0,36.0,41.0,46.0,1.0180042054207599,shift2.0_ramp10,2.0,10,0
Hard-reset ACI,0.91,0.010000000000000009,4.062987952392468,15.0,0.0,,0.8,3.581377472721859,0.84,3.714083698730214,0.88,3.883666165884946,0.91,4.123704623885651,49.0,36.0,41.0,46.0,1.0393032411303125,shift2.0_ramp10,2.0,10,0
BOCPD-weighted CP,0.8766666666666667,0.023333333333333317,3.4581059820149207,0.0,0.0,,0.9,3.2269803968636195,0.92,3.1777041649873308,0.84,3.2484075654935527,0.87,3.544717800947843,43.20296969506452,42.01853883730904,41.80806688964884,46.3660835924324,0.9853086562927219,shift2.0_ramp40,2.0,40,0
BOCPD-weighted ACI,0.9066666666666666,0.006666666666666599,3.969728285681077,0.0,0.0,,0.9,3.481890463674943,0.92,3.4899289965967752,0.88,3.5462187310559545,0.9,3.817233811432611,43.20296969506452,42.01853883730904,41.80806688964884,46.3660835924324,0.9251888658031084,shift2.0_ramp40,2.0,40,0
Hard-reset CP,0.87,0.030000000000000027,3.4213296181117765,0.0,0.0,,0.9,3.289692594441321,0.92,3.206184657605639,0.82,3.227066504374489,0.87,3.5162767864639175,49.0,36.0,41.0,46.0,0.9853086562927219,shift2.0_ramp40,2.0,40,0
Hard-reset ACI,0.9033333333333333,0.0033333333333332993,3.931301495934172,0.0,0.0,,0.9,3.5646038839742547,0.92,3.4742426052439725,0.88,3.5225278984984523,0.9,3.812866182639358,49.0,36.0,41.0,46.0,1.0000000000000002,shift2.0_ramp40,2.0,40,0
BOCPD-weighted CP,0.8866666666666667,0.013333333333333308,3.7793208275497863,1.0,0.0,0.0,0.8,8.56883930212526,0.88,7.283424308932719,0.88,5.30078167527086,0.89,4.524797609335099,4.399794106830037,8.22905551502974,13.727055984239687,16.962669007391558,2.643634982030026,shift4.0_ramp0,4.0,0,0
BOCPD-weighted ACI,0.9133333333333333,0.013333333333333308,4.350892522235682,1.0,0.0,0.0,0.8,8.626042770726665,0.88,7.603067870398047,0.88,5.61873973853827,0.91,4.937123379426482,4.399794106830037,8.22905551502974,13.727055984239687,16.962669007391558,2.4026046627291295,shift4.0_ramp0,4.0,0,0
Hard-reset CP,0.8833333333333333,0.01666666666666672,3.815800237807448,1.0,0.0,0.0,0.8,8.614615054019362,0.88,6.882693835980003,0.88,5.107674309921136,0.89,4.400102640723848,3.0,7.0,15.0,18.0,2.643634982030026,shift4.0_ramp0,4.0,0,0
Hard-reset ACI,0.9133333333333333,0.013333333333333308,4.3692331049910305,1.0,0.0,0.0,0.8,8.654813855947202,0.88,7.092839958461319,0.88,5.4111715642697025,0.91,4.8795319596452735,3.0,7.0,15.0,18.0,2.4026046627291295,shift4.0_ramp0,4.0,0,0
BOCPD-weighted CP,0.89,0.010000000000000009,3.739858464214902,8.0,0.0,,0.7,3.4549416986191424,0.88,5.17734052582092,0.9,4.9869439976098535,0.9,4.328849090259001,43.48940342036653,44.20013237088224,12.705921789355738,25.06567595372169,1.8988902573932558,shift4.0_ramp10,4.0,10,0
BOCPD-weighted ACI,0.9133333333333333,0.013333333333333308,4.299126443036563,8.0,0.0,,0.7,3.744048258005597,0.88,5.432750934415655,0.9,5.320208984196752,0.92,4.754119432569313,43.48940342036653,44.20013237088224,12.705921789355738,25.06567595372169,1.7257611650004017,shift4.0_ramp10,4.0,10,0
Hard-reset CP,0.8833333333333333,0.01666666666666672,3.6540320596210996,8.0,0.0,,0.7,3.973382310382946,0.88,5.384716770526441,0.9,4.8998804287845115,0.9,4.214388697652387,49.0,49.0,8.0,23.0,1.8988902573932558,shift4.0_ramp10,4.0,10,0
Hard-reset ACI,0.9133333333333333,0.013333333333333308,4.254524354164711,8.0,0.0,,0.7,4.153003362161774,0.88,5.596332976078125,0.9,5.1610870905425426,0.92,4.720264926268407,49.0,49.0,8.0,23.0,1.7257611650004017,shift4.0_ramp10,4.0,10,0
BOCPD-weighted CP,0.87,0.030000000000000027,3.52880397409342,0.0,0.0,,1.0,3.2119192659637315,0.8,3.244134029240488,0.8,3.544214416552695,0.85,3.762873768294109,43.23495884521077,42.20415264253797,41.93526160608103,45.244568577502484,1.0054425731316843,shift4.0_ramp40,4.0,40,0
BOCPD-weighted ACI,0.9133333333333333,0.013333333333333308,4.04733581088014,0.0,0.0,,1.0,3.4758086190079416,0.84,3.5161816509089774,0.86,3.8270539541384396,0.91,4.050924984360174,43.23495884521077,42.20415264253797,41.93526160608103,45.244568577502484,1.0142752445086045,shift4.0_ramp40,4.0,40,0
Hard-reset CP,0.8733333333333333,0.026666666666666727,3.5387605606714216,0.0,0.0,,1.0,3.287585163913218,0.8,3.2619608856238096,0.8,3.5102416929428877,0.87,3.738858150582721,49.0,36.0,41.0,46.0,0.985308656292722,shift4.0_ramp40,4.0,40,0
Hard-reset ACI,0.91,0.010000000000000009,4.042423341154634,0.0,0.0,,1.0,3.558522039307254,0.84,3.463636779025626,0.86,3.7928879941165548,0.91,4.052642989690968,49.0,36.0,41.0,46.0,1.0000000000000002,shift4.0_ramp40,4.0,40,0
BOCPD-weighted CP,0.8833333333333333,0.01666666666666672,3.441158008724464,0.0,0.0,,0.9,3.2269803968636195,0.88,3.1715797904883716,0.86,3.186667368970147,0.88,3.4529186251312947,43.17462706615167,42.15752874610623,42.013273656188666,46.52409667465882,0.9853086562927219,no_changepoint_control,0.0,0,0
BOCPD-weighted ACI,0.9133333333333333,0.013333333333333308,3.9942340143773216,0.0,0.0,,0.9,3.4872363357152443,0.92,3.432714513700365,0.9,3.4589256579731,0.92,3.8867763440446406,43.17462706615167,42.15752874610623,42.013273656188666,46.52409667465882,0.9251888658031084,no_changepoint_control,0.0,0,0
Hard-reset CP,0.8766666666666667,0.023333333333333317,3.4217388613914093,0.0,0.0,,0.9,3.289692594441321,0.88,3.199204029166664,0.86,3.168466414987788,0.88,3.414286854639631,49.0,36.0,41.0,46.0,0.9853086562927219,no_changepoint_control,0.0,0,0
Hard-reset ACI,0.9133333333333333,0.013333333333333308,3.9732124964894577,0.0,0.0,,0.9,3.569949756014556,0.92,3.4662833973183056,0.9,3.462719190347691,0.92,3.8978661753792188,49.0,36.0,41.0,46.0,1.0000000000000002,no_changepoint_control,0.0,0,0
BOCPD-weighted CP,0.8733333333333333,0.026666666666666727,3.1938062594261782,5.0,0.0,173.0,0.6,3.4149456634339885,0.76,3.708125309666861,0.88,3.8477765339638355,0.87,3.4382376720011973,38.271945930164634,34.02253146208969,32.65307739068065,37.368452234762906,1.5428965236079069,shift1.0_ramp0,1.0,0,1
BOCPD-weighted ACI,0.9133333333333333,0.013333333333333308,3.7621161069656273,5.0,0.0,173.0,0.7,3.8656545428109697,0.8,4.239361145349462,0.9,4.392723992972844,0.89,4.1646173208653705,38.271945930164634,34.02253146208969,32.65307739068065,37.368452234762906,1.611235750454569,shift1.0_ramp0,1.0,0,1
Hard-reset CP,0.8833333333333333,0.01666666666666672,3.3455954453995114,5.0,0.0,173.0,0.7,3.866605284455356,0.8,3.983509663085308,0.9,3.9824584384930484,0.88,3.598653693848852,10.0,14.0,19.0,34.0,1.8498256005765084,shift1.0_ramp0,1.0,0,1
Hard-reset ACI,0.9266666666666666,0.026666666666666616,3.9177633077355978,2.0,0.0,173.0,0.8,4.401358500132029,0.84,4.613241375394473,0.92,4.642501517355587,0.91,4.339110332659418,10.0,14.0,19.0,34.0,1.5966344580794394,shift1.0_ramp0,1.0,0,1
BOCPD-weighted CP,0.8766666666666667,0.023333333333333317,3.103859693623543,5.0,0.0,173.0,0.8,2.9454736114233024,0.8,3.0582577942415305,0.88,3.303819559598046,0.88,3.176573859277828,41.89213211619464,42.05110641782532,39.03678321897766,37.36749862964777,1.3088757950559475,shift1.0_ramp10,1.0,10,1
BOCPD-weighted ACI,0.9133333333333333,0.013333333333333308,3.7280046437661802,0.0,0.0,173.0,0.9,3.3966279161397424,0.84,3.797946116743807,0.9,4.152415705268904,0.89,4.0562556370978635,41.89213211619464,42.05110641782532,39.03678321897766,37.36749862964777,1.6150469360873232,shift1.0_ramp10,1.0,10,1
Hard-reset CP,0.88,0.020000000000000018,3.3171179197099523,5.0,0.0,173.0,0.8,3.062347598568433,0.8,3.59201177543754,0.88,3.7386509479292975,0.87,3.503896133964082,51.0,49.0,16.0,31.0,1.8498256005765084,shift1.0_ramp10,1.0,10,1
Hard-reset ACI,0.9266666666666666,0.026666666666666616,3.9370373228159847,5.0,0.0,173.0,0.8,3.295683622730313,0.84,4.211449106436885,0.92,4.478450662890231,0.91,4.274410546916754,51.0,49.0,16.0,31.0,1.6942432931946683,shift1.0_ramp10,1.0,10,1
BOCPD-weighted CP,0.87,0.030000000000000027,3.069552723638117,0.0,0.0,173.0,0.9,2.8777473880358695,0.84,2.9205571278534466,0.9,3.163282342489467,0.86,3.0813887151660344,41.96187602684415,42.709592285887425,41.91664926970007,32.22798134947259,1.3868687282864773,shift1.0_ramp40,1.0,40,1
BOCPD-weighted ACI,0.9166666666666666,0.016666666666666607,3.694586392427785,0.0,0.0,173.0,0.9,3.298494539839261,0.84,3.52991798228954,0.9,3.8959838116103462,0.9,3.9568903147957473,41.96187602684415,42.709592285887425,41.91664926970007,32.22798134947259,1.5075907845883463,shift1.0_ramp40,1.0,40,1
Hard-reset CP,0.8766666666666667,0.023333333333333317,3.264867641914407,0.0,0.0,173.0,0.9,3.161082912100108,0.84,3.3489681638095017,0.9,3.532912048370433,0.86,3.347145300577448,51.0,49.0,51.0,7.0,1.8498256005765084,shift1.0_ramp40,1.0,40,1
Hard-reset ACI,0.93,0.030000000000000027,3.9082598547815692,0.0,0.0,173.0,0.9,3.352868418011897,0.84,3.8055944493580864,0.9,4.071683022918298,0.92,4.188078142813506,51.0,49.0,51.0,7.0,1.578458759831498,shift1.0_ramp40,1.0,40,1
BOCPD-weighted CP,0.8666666666666667,0.033333333333333326,3.36403034662761,5.0,0.0,173.0,0.7,4.738055849139748,0.8,5.033790480447712,0.86,4.769075890776201,0.85,3.9536334538401383,18.243122611683027,13.503104861862708,19.137157539161116,35.03464427969169,2.232132679728764,shift2.0_ramp0,2.0,0,1
BOCPD-weighted ACI,0.92,0.020000000000000018,3.8903293778113017,2.0,0.0,173.0,0.8,5.231422952783724,0.92,5.467384791728192,0.96,5.114643391823333,0.91,4.527196451171204,18.243122611683027,13.503104861862708,19.137157539161116,35.03464427969169,1.9246495256599183,shift2.0_ramp0,2.0,0,1
Hard-reset CP,0.8733333333333333,0.026666666666666727,3.4599751457378445,5.0,0.0,173.0,0.7,4.826605284455356,0.84,5.165915264330415,0.86,4.698245592463221,0.85,3.9589513529942963,10.0,13.0,19.0,34.0,2.232132679728764,shift2.0_ramp0,2.0,0,1
Hard-reset ACI,0.92,0.020000000000000018,3.9894875780730974,2.0,0.0,173.0,0.8,5.180946201192677,0.92,5.4589210605063965,0.9,5.009967166127385,0.89,4.576840641156657,10.0,13.0,19.0,34.0,1.9072080243551672,shift2.0_ramp0,2.0,0,1
BOCPD-weighted CP,0.8733333333333333,0.026666666666666727,3.187401923954341,5.0,0.0,173.0,0.8,3.02292032441273,0.84,3.5199681733047132,0.9,3.6999076384226526,0.87,3.4185233233194974,41.76176107982904,39.15546275885465,27.71745743804004,34.674018120953946,1.5324974658438364,shift2.0_ramp10,2.0,10,1
BOCPD-weighted ACI,0.92,0.020000000000000018,3.7852800493428793,5.0,0.0,173.0,0.8,3.832542168374599,0.88,4.409034541693914,0.94,4.465680630794843,0.91,4.212048465765937,41.76176107982904,39.15546275885465,27.71745743804004,34.674018120953946,2.1216524700747095,shift2.0_ramp10,2.0,10,1
Hard-reset CP,0.8866666666666667,0.013333333333333308,3.3690464341105795,5.0,0.0,173.0,0.8,3.5467415180766535,0.84,4.003322293481762,0.92,4.034370236972381,0.89,3.686165218112501,51.0,11.0,16.0,31.0,1.8498256005765084,shift2.0_ramp10,2.0,10,1
Hard-reset ACI,0.93,0.030000000000000027,3.9459013762154354,5.0,0.0,173.0,0.8,4.031844532619986,0.88,4.647835788389657,0.94,4.679425787478962,0.92,4.446082035583669,51.0,11.0,16.0,31.0,2.102425694585625,shift2.0_ramp10,2.0,10,1
BOCPD-weighted CP,0.8733333333333333,0.026666666666666727,3.083349146863466,0.0,0.0,173.0,0.9,2.8777473880358695,0.84,2.9562361430020463,0.9,3.239536212566967,0.87,3.1274022170699873,41.94113585500158,42.48124590676739,41.22901016844568,30.829445938783877,1.5428545947475365,shift2.0_ramp40,2.0,40,1
BOCPD-weighted ACI,0.9166666666666666,0.016666666666666607,3.7061111408000746,0.0,0.0,173.0,0.9,3.3291612065059284,0.84,3.60397196445267,0.9,3.9778743975249675,0.9,3.996572227565327,41.94113585500158,42.48124590676739,41.22901016844568,30.829445938783877,1.5037795989555918,shift2.0_ramp40,2.0,40,1
Hard-reset CP,0.88,0.020000000000000018,3.2957274692970975,0.0,0.0,173.0,0.9,3.197881270681107,0.84,3.504440347087887,0.9,3.627728888511983,0.87,3.4397247827255195,51.0,49.0,16.0,7.0,1.8498256005765084,shift2.0_ramp40,2.0,40,1
Hard-reset ACI,0.93,0.030000000000000027,3.955451802622221,0.0,0.0,173.0,0.9,3.352868418011897,0.88,3.913434959526739,0.92,4.249430301676102,0.92,4.329653986335461,51.0,49.0,16.0,7.0,1.578458759831498,shift2.0_ramp40,2.0,40,1
BOCPD-weighted CP,0.8766666666666667,0.023333333333333317,3.478652505521671,1.0,0.0,173.0,0.8,8.310891180045838,0.8,6.883057290671627,0.88,5.292921274542575,0.88,4.302030512252667,7.984243526617434,7.947290451616,15.32610498050064,23.146549874525224,3.6880007666986523,shift4.0_ramp0,4.0,0,1
BOCPD-weighted ACI,0.9066666666666666,0.006666666666666599,4.0664464388206385,1.0,0.0,173.0,0.8,8.570140653406378,0.8,7.33717986473008,0.88,5.951608527814983,0.88,5.032855276656424,7.984243526617434,7.947290451616,15.32610498050064,23.146549874525224,3.1757554234380425,shift4.0_ramp0,4.0,0,1
Hard-reset CP,0.8766666666666667,0.023333333333333317,3.501911268714515,1.0,0.0,173.0,0.8,8.526300860018617,0.76,6.4963146298288645,0.86,4.961202434104707,0.86,4.107072060156474,3.0,7.0,12.0,17.0,3.6880007666986523,shift4.0_ramp0,4.0,0,1
Hard-reset ACI,0.92,0.020000000000000018,4.092325182264546,1.0,0.0,173.0,0.8,8.544902277610854,0.8,6.9007920388783806,0.88,5.654357857366001,0.9,4.907934757983376,3.0,7.0,12.0,17.0,3.1469761877262976,shift4.0_ramp0,4.0,0,1
BOCPD-weighted CP,0.86,0.040000000000000036,3.3345052445194447,12.0,0.0,173.0,0.7,4.16585044589172,0.76,5.1178905207552505,0.84,4.625122021099921,0.84,3.8543430953777023,41.34662205075991,19.606793633614068,13.063294666081493,27.606080341944928,3.42058565111089,shift4.0_ramp10,4.0,10,1
BOCPD-weighted ACI,0.9133333333333333,0.013333333333333308,3.9291028588437205,5.0,0.0,173.0,0.7,4.6941445438944935,0.88,6.2899484613077865,0.92,5.365265197198726,0.9,4.650044252749679,41.34662205075991,19.606793633614068,13.063294666081493,27.606080341944928,2.9454829649002,shift4.0_ramp10,4.0,10,1
Hard-reset CP,0.8633333333333333,0.036666666666666736,3.3635247185559605,9.0,0.0,173.0,0.7,4.335649504226281,0.8,5.484352135436705,0.84,4.404064178237124,0.83,3.6462080714583323,51.0,11.0,9.0,24.0,3.42058565111089,shift4.0_ramp10,4.0,10,1
Hard-reset ACI,0.92,0.020000000000000018,3.9812646205881395,5.0,0.0,173.0,0.7,4.701521611900994,0.88,6.2928992885103865,0.9,5.014213041402853,0.89,4.40663771035948,51.0,11.0,9.0,24.0,2.9187904973675387,shift4.0_ramp10,4.0,10,1
BOCPD-weighted CP,0.8766666666666667,0.023333333333333317,3.179417158620095,9.0,0.0,173.0,0.8,2.9454736114233024,0.8,3.1232188885097467,0.88,3.3898179962663244,0.88,3.387720182941978,41.89213211619464,42.05110641782532,39.03678321897766,25.229663142880817,1.284379212812306,shift4.0_ramp40,4.0,40,1
BOCPD-weighted ACI,0.92,0.020000000000000018,3.8184171935645166,0.0,0.0,173.0,0.9,3.3966279161397424,0.88,3.9748473072600423,0.92,4.493309364638248,0.91,4.2994781124493855,41.89213211619464,42.05110641782532,39.03678321897766,25.229663142880817,1.5971999851034437,shift4.0_ramp40,4.0,40,1
Hard-reset CP,0.8866666666666667,0.013333333333333308,3.4131658746325875,5.0,0.0,173.0,0.8,3.062347598568433,0.84,3.7230839018677,0.9,4.1427037710150625,0.89,3.8185235396785253,51.0,49.0,16.0,8.0,1.8498256005765084,shift4.0_ramp40,4.0,40,1
Hard-reset ACI,0.9233333333333333,0.023333333333333317,3.9709843352425582,5.0,0.0,173.0,0.8,3.295683622730313,0.84,4.208223190668912,0.9,4.764900959561991,0.9,4.50522075605905,51.0,49.0,16.0,8.0,1.6942432931946683,shift4.0_ramp40,4.0,40,1
BOCPD-weighted CP,0.8766666666666667,0.023333333333333317,3.078580555428024,0.0,0.0,173.0,0.9,2.8777473880358695,0.8,2.902487898185205,0.88,3.1491283854485705,0.88,3.1027995027705093,41.980197751829635,42.854342809823386,42.381434802747954,31.08144709220947,1.230882861825418,no_changepoint_control,0.0,0,1
BOCPD-weighted ACI,0.9166666666666666,0.016666666666666607,3.6818721451671035,0.0,0.0,173.0,0.9,3.242589497377071,0.88,3.432478217152093,0.92,3.8380113815224246,0.9,3.9178581413006315,41.980197751829635,42.854342809823386,42.381434802747954,31.08144709220947,1.5928938346463732,no_changepoint_control,0.0,0,1
Hard-reset CP,0.8766666666666667,0.023333333333333317,3.258981582531151,8.0,0.0,173.0,0.8,2.9467835039415196,0.76,3.0966980363546988,0.86,3.389697620285061,0.86,3.3294871224276785,51.0,49.0,51.0,7.0,1.5071590225218932,no_changepoint_control,0.0,0,1
Hard-reset ACI,0.93,0.030000000000000027,3.878517251470567,0.0,0.0,173.0,0.9,3.1790304288412163,0.88,3.5367913840776453,0.94,3.9982454451780813,0.92,4.098850332880499,51.0,49.0,51.0,7.0,1.578458759831498,no_changepoint_control,0.0,0,1
BOCPD-weighted CP,0.8866666666666667,0.013333333333333308,3.5440197794367707,9.0,0.0,,0.5,3.5131034266534407,0.76,3.8564564171078204,0.82,3.5603713511994317,0.85,3.3265580102026515,35.693075833866985,22.567028343657352,28.922787664462422,35.79272468327208,1.4924360451963639,shift1.0_ramp0,1.0,0,2
BOCPD-weighted ACI,0.9233333333333333,0.023333333333333317,4.093350356202692,4.0,0.0,,0.7,4.497803906241799,0.88,4.691515361320326,0.92,4.323529073474139,0.91,3.97072206946628,35.693075833866985,22.567028343657352,28.922787664462422,35.79272468327208,1.6024021300102513,shift1.0_ramp0,1.0,0,2
Hard-reset CP,0.8866666666666667,0.013333333333333308,3.5820487657451032,5.0,0.0,,0.6,4.294472386234021,0.84,4.33597423412129,0.86,3.685088008119986,0.87,3.41207775879819,25.0,5.0,10.0,21.0,1.85707008907159,shift1.0_ramp0,1.0,0,2
Hard-reset ACI,0.92,0.020000000000000018,4.107581735876222,4.0,0.0,,0.7,4.670660951538391,0.88,4.900900989850262,0.9,4.226883224394053,0.9,3.979021068663018,25.0,5.0,10.0,21.0,1.6024021300102513,shift1.0_ramp0,1.0,0,2
BOCPD-weighted CP,0.8933333333333333,0.00666666666666671,3.4882666680227765,6.0,0.0,,0.7,3.003500947798149,0.84,3.158815893846218,0.86,3.1948684363676363,0.87,3.1570907207052388,38.84314360624923,41.33731994603857,40.11313717653991,39.89708275244072,1.188006480890705,shift1.0_ramp10,1.0,10,2
BOCPD-weighted ACI,0.9233333333333333,0.023333333333333317,4.021088833019907,6.0,0.0,,0.8,3.579075788979695,0.92,4.144833436865782,0.92,3.90221840804207,0.91,3.752293421746063,38.84314360624923,41.33731994603857,40.11313717653991,39.89708275244072,1.2562524440754008,shift1.0_ramp10,1.0,10,2
Hard-reset CP,0.8833333333333333,0.01666666666666672,3.5246657515208373,11.0,0.0,,0.6,3.4766580230781563,0.76,3.32636153419987,0.84,3.315101496773021,0.86,3.236577165999986,25.0,1.0,44.0,21.0,1.7256823004680895,shift1.0_ramp10,1.0,10,2
Hard-reset ACI,0.9266666666666666,0.026666666666666616,4.1343436712354285,6.0,0.0,,0.8,4.073713063681799,0.92,4.378487848242341,0.94,4.415068714041789,0.92,4.052874598352679,25.0,1.0,44.0,21.0,1.4890321104538868,shift1.0_ramp10,1.0,10,2
BOCPD-weighted CP,0.89,0.010000000000000009,3.4691691533644597,14.0,0.0,,0.8,2.863103767246917,0.84,3.058527751670552,0.84,3.1004807417052707,0.86,3.0976099498302654,38.88077747082875,42.217737200998194,43.900687161330495,44.490672163528764,0.9749099257761715,shift1.0_ramp40,1.0,40,2
BOCPD-weighted ACI,0.9266666666666666,0.026666666666666616,4.033207899431933,6.0,0.0,,0.8,3.483016871913428,0.92,3.8742216258235804,0.94,3.905965625666698,0.92,3.788650620982141,38.88077747082875,42.217737200998194,43.900687161330495,44.490672163528764,1.0228909875104164,shift1.0_ramp40,1.0,40,2
Hard-reset CP,0.8833333333333333,0.01666666666666672,3.5007252274731937,14.0,0.0,,0.7,2.8036329949870273,0.8,3.073428825853398,0.84,3.201527727917472,0.86,3.1701154139941945,25.0,39.0,44.0,46.0,1.0787712146994894,shift1.0_ramp40,1.0,40,2
Hard-reset ACI,0.9266666666666666,0.026666666666666616,4.07993471240141,6.0,0.0,,0.8,3.5634135091704047,0.92,3.929075705672912,0.94,4.013867519097871,0.92,3.8889707438130743,25.0,39.0,44.0,46.0,1.2562524440754008,shift1.0_ramp40,1.0,40,2
BOCPD-weighted CP,0.8933333333333333,0.00666666666666671,3.6629403654945647,4.0,0.0,,0.6,5.439488896240798,0.84,5.468296587430982,0.86,4.23789057472371,0.87,3.67457270739842,42.42647974426458,5.4783585200273075,10.870319677806297,17.406866721510223,2.2884764525071546,shift2.0_ramp0,2.0,0,2
BOCPD-weighted ACI,0.92,0.020000000000000018,4.180823431723703,4.0,0.0,,0.6,5.706914709474361,0.84,6.121022599421054,0.9,4.763955422506226,0.9,4.202800921945503,42.42647974426458,5.4783585200273075,10.870319677806297,17.406866721510223,1.9263164715998646,shift2.0_ramp0,2.0,0,2
Hard-reset CP,0.8933333333333333,0.00666666666666671,3.6992381275732455,4.0,0.0,,0.6,5.477948409396402,0.84,5.315842807434685,0.86,4.18347219925492,0.87,3.7033854186533506,48.0,6.0,11.0,17.0,2.2324637707958774,shift2.0_ramp0,2.0,0,2
Hard-reset ACI,0.92,0.020000000000000018,4.184157759919352,4.0,0.0,,0.6,5.7285222224043535,0.84,5.898002786975833,0.9,4.666849842403774,0.9,4.169114847348351,48.0,6.0,11.0,17.0,1.9263164715998646,shift2.0_ramp0,2.0,0,2
BOCPD-weighted CP,0.8933333333333333,0.00666666666666671,3.67065217713545,6.0,0.0,,0.6,3.7142364567618387,0.84,4.940549330242489,0.86,4.1648856759205986,0.87,3.662906355131798,38.8376788864739,25.266897306336187,10.959959241647207,28.096114991676405,2.0191078165638205,shift2.0_ramp10,2.0,10,2
BOCPD-weighted ACI,0.9266666666666666,0.026666666666666616,4.193812845204736,4.0,0.0,,0.8,4.715424486650109,0.92,5.785373734379358,0.94,4.814691269187651,0.92,4.238627629303501,38.8376788864739,25.266897306336187,10.959959241647207,28.096114991676405,1.6995764324871354,shift2.0_ramp10,2.0,10,2
Hard-reset CP,0.8866666666666667,0.013333333333333308,3.708099656686819,5.0,0.0,,0.6,4.48246399471294,0.84,5.384697877662805,0.82,4.2213980794911565,0.85,3.7345255698145774,25.0,4.0,10.0,25.0,1.9696881935888764,shift2.0_ramp10,2.0,10,2
Hard-reset ACI,0.9166666666666666,0.016666666666666607,4.1848396345109675,4.0,0.0,,0.8,4.822981733543884,0.92,5.9223767396522735,0.9,4.79060954222388,0.9,4.233597242683103,25.0,4.0,10.0,25.0,1.6995764324871354,shift2.0_ramp10,2.0,10,2
BOCPD-weighted CP,0.8933333333333333,0.00666666666666671,3.48739677244691,14.0,0.0,,0.8,2.8601479828097993,0.84,3.096295966018136,0.86,3.2259370170231056,0.87,3.1479142050273983,38.86533727729114,42.10983214979457,43.6291962692725,43.26433452027412,0.9932800559562219,shift2.0_ramp40,2.0,40,2
BOCPD-weighted ACI,0.9266666666666666,0.026666666666666616,4.056108701042055,6.0,0.0,,0.8,3.513683538580094,0.92,3.971476536705942,0.94,3.9813513312106013,0.92,3.867366580260781,38.86533727729114,42.10983214979457,43.6291962692725,43.26433452027412,1.0973912860760273,shift2.0_ramp40,2.0,40,2
Hard-reset CP,0.8833333333333333,0.01666666666666672,3.488188476765916,14.0,0.0,,0.7,2.8036329949870273,0.8,3.041171772441441,0.84,3.2029921296097292,0.86,3.1390036012365856,25.0,39.0,44.0,46.0,0.9689685627951354,shift2.0_ramp40,2.0,40,2
Hard-reset ACI,0.9266666666666666,0.026666666666666616,4.118898652592998,6.0,0.0,,0.8,3.594080175837071,0.92,4.051742372339579,0.94,4.1585222425434685,0.92,3.998753309962333,25.0,39.0,44.0,46.0,1.2562524440754008,shift2.0_ramp40,2.0,40,2
BOCPD-weighted CP,0.89,0.010000000000000009,3.7763801946558755,4.0,0.0,,0.5,8.175569994773852,0.8,6.989499677571466,0.84,4.942306442113465,0.86,4.017222262753539,4.7675673580989555,6.1545333214602245,11.297095151731106,15.34257702019605,3.0581011266309663,shift4.0_ramp0,4.0,0,2
BOCPD-weighted ACI,0.91,0.010000000000000009,4.27384386915934,4.0,0.0,,0.5,8.314593927468866,0.8,7.454507295145326,0.84,5.323137286499267,0.87,4.480780661212008,4.7675673580989555,6.1545333214602245,11.297095151731106,15.34257702019605,2.5741451547790906,shift4.0_ramp0,4.0,0,2
Hard-reset CP,0.8866666666666667,0.013333333333333308,3.795667715775144,4.0,0.0,,0.5,8.146933548037078,0.8,6.698430539472742,0.82,4.766658222251401,0.85,3.992069068894443,3.0,7.0,12.0,15.0,2.9832511342444517,shift4.0_ramp0,4.0,0,2
Hard-reset ACI,0.91,0.010000000000000009,4.269789243064231,4.0,0.0,,0.5,8.308322694864284,0.8,7.307930309258611,0.84,5.198710700791861,0.87,4.426009296782988,3.0,7.0,12.0,15.0,2.5741451547790906,shift4.0_ramp0,4.0,0,2
BOCPD-weighted CP,0.8833333333333333,0.01666666666666672,3.786751913897063,6.0,0.0,,0.5,5.346220746129973,0.8,7.046175321542162,0.8,4.90941374097871,0.84,4.010925185124656,39.00699123771605,4.681612657419318,9.064606927235781,11.16156032404672,2.542803685270643,shift4.0_ramp10,4.0,10,2
BOCPD-weighted ACI,0.9066666666666666,0.006666666666666599,4.262781540421549,6.0,0.0,,0.6,5.595200557650823,0.84,7.310525191105297,0.82,5.283276595557868,0.86,4.449838616296538,39.00699123771605,4.681612657419318,9.064606927235781,11.16156032404672,2.1403954659945814,shift4.0_ramp10,4.0,10,2
Hard-reset CP,0.8733333333333333,0.026666666666666727,3.76714260585093,6.0,0.0,,0.4,5.304008655146825,0.76,6.76135699749474,0.78,4.6663846127087485,0.81,3.9068650461422147,25.0,4.0,9.0,8.0,2.480566097760714,shift4.0_ramp10,4.0,10,2
Hard-reset ACI,0.9033333333333333,0.0033333333333332993,4.2022597007409495,6.0,0.0,,0.6,5.741779926800291,0.84,7.055335683876263,0.82,4.934558780281469,0.86,4.285180463335504,25.0,4.0,9.0,8.0,2.1403954659945814,shift4.0_ramp10,4.0,10,2
BOCPD-weighted CP,0.89,0.010000000000000009,3.562786907144685,18.0,0.0,,0.7,3.003500947798149,0.76,3.2366711705939393,0.84,3.5916111066476346,0.86,3.3750321863369255,38.84314360624923,41.33731994603857,40.11313717653991,35.80926227344285,1.188006480890705,shift4.0_ramp40,4.0,40,2
BOCPD-weighted ACI,0.9233333333333333,0.023333333333333317,4.192036117334993,6.0,0.0,,0.8,3.579075788979695,0.88,4.355601998605115,0.92,4.584439355598317,0.91,4.250937197971492,38.84314360624923,41.33731994603857,40.11313717653991,35.80926227344285,1.2562524440754008,shift4.0_ramp40,4.0,40,2
Hard-reset CP,0.8766666666666667,0.023333333333333317,3.6200617844288976,18.0,0.0,,0.6,3.4766580230781563,0.68,3.336533268746046,0.82,3.8704667457746535,0.84,3.5296852626403052,25.0,1.0,44.0,21.0,1.7256823004680895,shift4.0_ramp40,4.0,40,2
Hard-reset ACI,0.93,0.030000000000000027,4.269432061898571,6.0,0.0,,0.8,4.073713063681799,0.92,4.561380169007214,0.94,4.895690803183382,0.93,4.441773231908001,25.0,1.0,44.0,21.0,1.4890321104538868,shift4.0_ramp40,4.0,40,2
BOCPD-weighted CP,0.8966666666666666,0.0033333333333334103,3.4430493795532318,9.0,0.0,,0.8,2.863103767246917,0.88,2.966420986620423,0.88,2.9380723764424657,0.88,3.0190540110161033,38.89889240139747,42.23487350558067,43.95996003214897,45.20188951804438,0.9749099257761715,no_changepoint_control,0.0,0,2
BOCPD-weighted ACI,0.9266666666666666,0.026666666666666616,4.027303882541843,0.0,0.0,,0.9,3.467322988699808,0.92,3.843934498230338,0.94,3.924741917499962,0.92,3.770938570311872,38.89889240139747,42.23487350558067,43.95996003214897,45.20188951804438,1.0255796519089257,no_changepoint_control,0.0,0,2
Hard-reset CP,0.8933333333333333,0.00666666666666671,3.4855538205319916,9.0,0.0,,0.7,2.8036329949870273,0.84,3.03329369311485,0.88,3.0871853608038395,0.88,3.1099734132013803,25.0,39.0,44.0,46.0,1.0991173490153368,no_changepoint_control,0.0,0,2
Hard-reset ACI,0.9266666666666666,0.026666666666666616,4.07418580132142,0.0,0.0,,0.9,3.5539908585613667,0.92,3.9124438821582843,0.94,3.9836546958160364,0.92,3.8599950028370085,25.0,39.0,44.0,46.0,1.2562524440754008,no_changepoint_control,0.0,0,2
BOCPD-weighted CP,0.8866666666666667,0.013333333333333308,3.583649904277377,0.0,0.0,,0.9,3.5589615530678165,0.84,3.6257688045365133,0.9,3.6828811728498927,0.91,3.4350598753000683,45.52871741679919,47.98663210935218,44.63611487894022,46.04655408125625,1.114494280750659,shift1.0_ramp0,1.0,0,3
BOCPD-weighted ACI,0.9233333333333333,0.023333333333333317,4.106976151791916,0.0,0.0,,0.9,3.747892868755558,0.88,4.268612674796223,0.92,4.501671626696761,0.94,4.101545779883123,45.52871741679919,47.98663210935218,44.63611487894022,46.04655408125625,1.3517971965478779,shift1.0_ramp0,1.0,0,3
Hard-reset CP,0.8833333333333333,0.01666666666666672,3.6838634302011806,0.0,0.0,,0.9,3.6712608258133983,0.84,3.636509924769236,0.9,3.730486124659782,0.91,3.4973667747545614,45.0,49.0,50.0,48.0,1.007464844251916,shift1.0_ramp0,1.0,0,3
Hard-reset ACI,0.9366666666666666,0.036666666666666625,4.274679589609729,0.0,0.0,,0.9,3.7590422292510057,0.88,4.146369612584552,0.94,4.449112390440811,0.95,4.143610849115647,45.0,49.0,50.0,48.0,1.1580210123061998,shift1.0_ramp0,1.0,0,3
BOCPD-weighted CP,0.8833333333333333,0.01666666666666672,3.6397174975726254,0.0,0.0,,0.9,3.5589615530678165,0.8,3.771792108539362,0.88,3.8694528941616806,0.9,3.569071333220594,45.61020393424306,47.95895537164257,41.82178220408834,45.043068788401946,1.0927237109189756,shift1.0_ramp10,1.0,10,3
BOCPD-weighted ACI,0.9266666666666666,0.026666666666666616,4.068475884941349,0.0,0.0,,0.9,3.7395098960773963,0.88,4.138612642635126,0.92,4.163771719327464,0.94,3.944352942659479,45.61020393424306,47.95895537164257,41.82178220408834,45.043068788401946,1.7155060942174658,shift1.0_ramp10,1.0,10,3
Hard-reset CP,0.89,0.010000000000000009,3.7514652351066298,0.0,0.0,,0.9,3.658115695833696,0.88,4.329522611320918,0.92,4.118271482340879,0.92,3.6897786588433075,45.0,49.0,3.0,48.0,1.7283120800240122,shift1.0_ramp10,1.0,10,3
Hard-reset ACI,0.9366666666666666,0.036666666666666625,4.262302126119906,0.0,0.0,,0.9,3.7590422292510057,0.92,4.6193277419492675,0.94,4.4473421631416254,0.95,4.11525341430173,45.0,49.0,3.0,48.0,1.562510614575379,shift1.0_ramp10,1.0,10,3
BOCPD-weighted CP,0.8833333333333333,0.01666666666666672,3.650358951649734,0.0,0.0,,0.9,3.542455281849565,0.84,3.612924498476313,0.88,3.857127012324338,0.9,3.581257180283222,45.611514290240194,47.89750948307005,43.89902226895222,45.778760740136285,1.114494280750659,shift1.0_ramp40,1.0,40,3
BOCPD-weighted ACI,0.9333333333333333,0.033333333333333326,4.161468820103497,0.0,0.0,,0.9,3.7251641309741346,0.92,4.2327312833575705,0.94,4.477796691485799,0.95,4.149548708327392,45.611514290240194,47.89750948307005,43.89902226895222,45.778760740136285,1.276726871315109,shift1.0_ramp40,1.0,40,3
Hard-reset CP,0.88,0.020000000000000018,3.7407792143954657,0.0,0.0,,0.9,3.658115695833696,0.84,3.6993163520691628,0.88,3.8987149411662743,0.89,3.6357859874997653,45.0,49.0,50.0,48.0,1.463177741156252,shift1.0_ramp40,1.0,40,3
Hard-reset ACI,0.9333333333333333,0.033333333333333326,4.295109122011331,0.0,0.0,,0.9,3.7590422292510057,0.88,4.173172788621955,0.92,4.451754927974851,0.94,4.167722788161959,45.0,49.0,50.0,48.0,1.3228113012641252,shift1.0_ramp40,1.0,40,3
BOCPD-weighted CP,0.88,0.020000000000000018,3.691719650229176,4.0,0.0,,0.6,3.742772947742219,0.8,4.41707531493266,0.88,4.373678365882464,0.89,3.764007495517351,45.35053559311448,47.63476778890468,28.964323686934087,41.175423252093026,1.350309240629824,shift2.0_ramp0,2.0,0,3
BOCPD-weighted ACI,0.9166666666666666,0.016666666666666607,4.150287462797071,4.0,0.0,,0.6,4.291889995315168,0.8,4.883520112456465,0.88,4.837973531249587,0.92,4.241831928685352,45.35053559311448,47.63476778890468,28.964323686934087,41.175423252093026,1.789937961700109,shift2.0_ramp0,2.0,0,3
Hard-reset CP,0.8766666666666667,0.023333333333333317,3.7808582825940826,4.0,0.0,,0.6,3.7644000882233035,0.8,4.514697429140548,0.88,4.47590393169353,0.89,3.7980623705472016,45.0,49.0,12.0,27.0,1.3618881520802852,shift2.0_ramp0,2.0,0,3
Hard-reset ACI,0.9333333333333333,0.033333333333333326,4.338580755311405,4.0,0.0,,0.6,4.349823317627164,0.84,5.252566774565475,0.92,5.016986441682456,0.94,4.334955529835676,45.0,49.0,12.0,27.0,1.6303043597543196,shift2.0_ramp0,2.0,0,3
BOCPD-weighted CP,0.8966666666666666,0.0033333333333334103,3.7259969261224266,0.0,0.0,,0.9,3.5589615530678174,0.96,4.995766743831566,0.96,4.482801396341414,0.94,3.834531708778179,45.60816354574871,48.01943883131064,8.786336766091239,32.670012427170406,2.097600495270128,shift2.0_ramp10,2.0,10,3
BOCPD-weighted ACI,0.9333333333333333,0.033333333333333326,4.18930677674724,0.0,0.0,,0.9,3.745105528631696,0.96,5.546232950419501,0.96,4.936570524217573,0.96,4.306845618077153,45.60816354574871,48.01943883131064,8.786336766091239,32.670012427170406,2.0663991837784996,shift2.0_ramp10,2.0,10,3
Hard-reset CP,0.8933333333333333,0.00666666666666671,3.859432478538609,0.0,0.0,,0.9,3.658115695833696,0.96,5.119547314516519,0.96,4.811603784148939,0.93,4.011495096896223,45.0,49.0,5.0,22.0,2.0818245318476927,shift2.0_ramp10,2.0,10,3
Hard-reset ACI,0.94,0.039999999999999925,4.374965865117847,0.0,0.0,,0.9,3.7590422292510057,0.96,5.677819694222705,0.96,5.230767504655371,0.96,4.456268371747472,45.0,49.0,5.0,22.0,1.8821096989903847,shift2.0_ramp10,2.0,10,3
BOCPD-weighted CP,0.8833333333333333,0.01666666666666672,3.6574596409594142,0.0,0.0,,0.9,3.5589615530678165,0.84,3.612149941943552,0.88,3.942157581322573,0.9,3.644126580847912,45.61110562360749,47.918388811511406,43.75310753521179,45.59459416475137,1.0150993630546135,shift2.0_ramp40,2.0,40,3
BOCPD-weighted ACI,0.9233333333333333,0.023333333333333317,4.101066993832875,0.0,0.0,,0.9,3.7251641309741346,0.88,4.047931283357571,0.92,4.3047983129010445,0.94,4.054320854236168,45.61110562360749,47.918388811511406,43.75310753521179,45.59459416475137,1.1757121940172357,shift2.0_ramp40,2.0,40,3
Hard-reset CP,0.8833333333333333,0.01666666666666672,3.7357969065519168,0.0,0.0,,0.9,3.658115695833696,0.84,3.712516352069162,0.88,3.9038859684302554,0.9,3.67065504965668,45.0,49.0,50.0,48.0,1.5515558541121721,shift2.0_ramp40,2.0,40,3
Hard-reset ACI,0.93,0.030000000000000027,4.239540984239584,0.0,0.0,,0.9,3.7590422292510057,0.84,4.0591727886219555,0.9,4.332810301465803,0.93,4.075464258986869,45.0,49.0,50.0,48.0,1.4027110723678766,shift2.0_ramp40,2.0,40,3
BOCPD-weighted CP,0.89,0.010000000000000009,3.9210227546464043,1.0,0.0,0.0,0.8,7.489505682160498,0.92,7.523891186914736,0.94,5.646353458640834,0.93,4.441508935428508,2.8679443812063132,6.3057038536956,11.205937792534819,13.441659689415998,2.2782325612305385,shift4.0_ramp0,4.0,0,3
BOCPD-weighted ACI,0.9266666666666666,0.026666666666666616,4.35824751720346,1.0,0.0,0.0,0.8,7.910289951229821,0.92,7.8223235697877405,0.94,6.02752477633552,0.95,4.872854068807095,2.8679443812063132,6.3057038536956,11.205937792534819,13.441659689415998,2.244344390459407,shift4.0_ramp0,4.0,0,3
Hard-reset CP,0.8833333333333333,0.01666666666666672,3.957358434633113,1.0,0.0,0.0,0.8,7.904694318675522,0.84,7.139112909389036,0.9,5.420761013395353,0.9,4.30640771389905,3.0,7.0,12.0,13.0,2.261098071781848,shift4.0_ramp0,4.0,0,3
Hard-reset ACI,0.9333333333333333,0.033333333333333326,4.4952553110522615,1.0,0.0,0.0,0.8,7.910289951229821,0.88,7.264514930728078,0.92,5.822614825072885,0.94,4.806532661197907,3.0,7.0,12.0,13.0,2.0441850627497637,shift4.0_ramp0,4.0,0,3
BOCPD-weighted CP,0.8766666666666667,0.023333333333333317,3.835327958059454,9.0,0.0,,0.4,3.844769194912525,0.76,6.407262486956816,0.86,5.09238853852155,0.89,4.184848435182989,45.603699714879,47.99098102664371,7.038539156068,15.117564817491562,2.8099831986974695,shift4.0_ramp10,4.0,10,3
BOCPD-weighted ACI,0.9166666666666666,0.016666666666666607,4.281154350290602,9.0,0.0,,0.5,4.024471761930626,0.8,7.007006945118511,0.88,5.53992546561927,0.92,4.641574568068522,45.603699714879,47.99098102664371,7.038539156068,15.117564817491562,2.7681853629005664,shift4.0_ramp10,4.0,10,3
Hard-reset CP,0.8766666666666667,0.023333333333333317,3.8791429424974178,9.0,0.0,,0.4,3.9246503886204622,0.72,6.054342435941378,0.84,4.886395573410456,0.88,4.070160296675075,45.0,49.0,7.0,14.0,2.7888494354950533,shift4.0_ramp10,4.0,10,3
Hard-reset ACI,0.93,0.030000000000000027,4.417170029666606,9.0,0.0,,0.6,4.094962068062387,0.84,6.6203189868938885,0.9,5.345662739669685,0.93,4.560331935243659,45.0,49.0,7.0,14.0,2.5213078678203953,shift4.0_ramp10,4.0,10,3
BOCPD-weighted CP,0.88,0.020000000000000018,3.64497508636466,0.0,0.0,,0.9,3.5589615530678165,0.84,3.6632897165202025,0.86,4.00808287567687,0.89,3.616645441468787,45.61020393424306,47.95895537164257,41.82178220408834,40.20309116732186,1.0588950703596816,shift4.0_ramp40,4.0,40,3
BOCPD-weighted ACI,0.9266666666666666,0.026666666666666616,4.164342401360382,0.0,0.0,,0.9,3.7395098960773963,0.88,3.8685156855378757,0.92,4.6906762235546235,0.94,4.234034323254658,45.61020393424306,47.95895537164257,41.82178220408834,40.20309116732186,1.0979164417924059,shift4.0_ramp40,4.0,40,3
Hard-reset CP,0.87,0.030000000000000027,3.7532660049771494,0.0,0.0,,0.9,3.658115695833696,0.88,4.243930335212215,0.9,4.462540518535665,0.87,3.739003202774094,45.0,49.0,3.0,20.0,1.7283120800240122,shift4.0_ramp40,4.0,40,3
Hard-reset ACI,0.9333333333333333,0.033333333333333326,4.3391111048071,0.0,0.0,,0.9,3.7590422292510057,0.92,4.553554959993521,0.94,5.0726971471921765,0.94,4.3619468907488566,45.0,49.0,3.0,20.0,1.562510614575379,shift4.0_ramp40,4.0,40,3
BOCPD-weighted CP,0.8866666666666667,0.013333333333333308,3.608240210473785,0.0,0.0,,0.9,3.542455281849565,0.84,3.6511267436896873,0.9,3.7134847788160004,0.91,3.4746394719240707,45.61188926092246,47.881109250129676,43.91298673686332,45.73418959781421,1.3722084731947632,no_changepoint_control,0.0,0,3
BOCPD-weighted ACI,0.93,0.030000000000000027,4.148682493775371,0.0,0.0,,0.9,3.7251641309741346,0.92,4.399751839208479,0.94,4.636569822748995,0.95,4.186898038782271,45.61188926092246,47.881109250129676,43.91298673686332,45.73418959781421,1.3646130046564322,no_changepoint_control,0.0,0,3
Hard-reset CP,0.8866666666666667,0.013333333333333308,3.6932835996378457,0.0,0.0,,0.9,3.4926184626779353,0.84,3.678732925687352,0.9,3.774009058500525,0.91,3.510819573963876,45.0,49.0,50.0,48.0,1.388026174692772,no_changepoint_control,0.0,0,3
Hard-reset ACI,0.9366666666666666,0.036666666666666625,4.282517164541294,0.0,0.0,,0.9,3.5660541010122806,0.88,4.211953031120809,0.94,4.5418815686610525,0.95,4.175898529565895,45.0,49.0,50.0,48.0,1.2548692197046865,no_changepoint_control,0.0,0,3
BOCPD-weighted CP,0.8933333333333333,0.00666666666666671,3.4282506522218044,0.0,0.02,,0.9,3.5267183079847855,0.84,3.4838978176621453,0.88,3.571269817668537,0.9,3.442145293706366,39.34327522977777,41.672022715215526,45.64113077785524,45.14421508541254,1.0640708542620445,shift1.0_ramp0,1.0,0,4
BOCPD-weighted ACI,0.9266666666666666,0.026666666666666616,3.899090282544716,0.0,0.02,,0.9,3.9709172059822015,0.88,3.8825792192513187,0.9,3.9915333664015096,0.92,4.066766044420876,39.34327522977777,41.672022715215526,45.64113077785524,45.14421508541254,1.1030424573271225,shift1.0_ramp0,1.0,0,4
Hard-reset CP,0.8866666666666667,0.013333333333333308,3.4739961133218524,0.0,0.02,,0.9,3.518112712538133,0.84,3.4830233500529033,0.88,3.67138491786767,0.9,3.5945515330307534,37.0,41.0,46.0,43.0,1.0640708542620445,shift1.0_ramp0,1.0,0,4
Hard-reset ACI,0.93,0.030000000000000027,3.9420990639990943,0.0,0.02,,0.9,3.9261427660869357,0.92,3.8951651032154984,0.92,4.124852604390317,0.93,4.254571026471934,37.0,41.0,46.0,43.0,1.1030424573271227,shift1.0_ramp0,1.0,0,4
BOCPD-weighted CP,0.88,0.020000000000000018,3.3418719912211237,0.0,0.02,,0.9,3.4239350460711195,0.8,3.378079622575929,0.86,3.4501201401669603,0.86,3.2239835249949547,37.817761168318064,41.42935609515009,44.66898691787205,43.61844452530339,1.0,shift1.0_ramp10,1.0,10,4
BOCPD-weighted ACI,0.9166666666666666,0.016666666666666607,3.7479970680298873,0.0,0.02,,1.0,3.689662823093177,0.88,3.5915158647392036,0.9,3.7631543770072073,0.92,3.7215082492580986,37.817761168318064,41.42935609515009,44.66898691787205,43.61844452530339,0.9548963738725256,shift1.0_ramp10,1.0,10,4
Hard-reset CP,0.8766666666666667,0.023333333333333317,3.309063839876497,0.0,0.02,,1.0,3.4473285381694496,0.84,3.3695275861872873,0.88,3.5518664902777664,0.87,3.1781857277337155,19.0,41.0,46.0,43.0,1.0085294351149938,shift1.0_ramp10,1.0,10,4
Hard-reset ACI,0.9166666666666666,0.016666666666666607,3.7802804226503093,0.0,0.02,,1.0,3.705208836542707,0.88,3.6164646634407553,0.9,3.9515198040910207,0.91,3.7523124815496613,19.0,41.0,46.0,43.0,1.0000000000000002,shift1.0_ramp10,1.0,10,4
BOCPD-weighted CP,0.8866666666666667,0.013333333333333308,3.331153946496754,0.0,0.02,,1.0,3.4094142919637953,0.84,3.272618269092842,0.88,3.351236410813816,0.88,3.1995116239653156,37.67816930330497,40.18341014323797,43.030593032198894,42.54014151124879,1.0,shift1.0_ramp40,1.0,40,4
BOCPD-weighted ACI,0.9166666666666666,0.016666666666666607,3.750062550833736,0.0,0.02,,1.0,3.670403850953504,0.84,3.5272724592656832,0.9,3.7614362256666145,0.92,3.7553389740699403,37.67816930330497,40.18341014323797,43.030593032198894,42.54014151124879,0.9548963738725257,shift1.0_ramp40,1.0,40,4
Hard-reset CP,0.8733333333333333,0.026666666666666727,3.2596958504101563,0.0,0.02,,0.9,3.1831301464932684,0.8,3.1332337635165546,0.86,3.2583795389674943,0.86,3.0244616660388486,19.0,23.0,28.0,43.0,1.0085294351149938,shift1.0_ramp40,1.0,40,4
Hard-reset ACI,0.92,0.020000000000000018,3.739303459630828,0.0,0.02,,1.0,3.5215223086560443,0.84,3.431088423337269,0.9,3.7186590355708233,0.92,3.628744645789758,19.0,23.0,28.0,43.0,1.0000000000000002,shift1.0_ramp40,1.0,40,4
BOCPD-weighted CP,0.8933333333333333,0.00666666666666671,3.515981003958209,3.0,0.02,,0.6,4.222010620342859,0.8,4.069183059125977,0.88,4.066437800627865,0.9,3.700439974301304,38.17105011235096,35.25229310391414,44.2574846705291,41.777111496472266,1.4354976686909466,shift2.0_ramp0,2.0,0,4
BOCPD-weighted ACI,0.93,0.030000000000000027,4.025560679270807,1.0,0.02,,0.8,4.891916738078699,0.92,4.908681251314765,0.94,4.809370650007955,0.93,4.446177234599149,38.17105011235096,35.25229310391414,44.2574846705291,41.777111496472266,1.3815150827345963,shift2.0_ramp0,2.0,0,4
Hard-reset CP,0.8866666666666667,0.013333333333333308,3.56586729658297,3.0,0.02,,0.6,4.665119322514137,0.8,4.262603994577427,0.88,4.212823591241517,0.9,3.870200404875206,37.0,7.0,46.0,27.0,1.7290348867957221,shift2.0_ramp0,2.0,0,4
Hard-reset ACI,0.9333333333333333,0.033333333333333326,4.0649304093941785,1.0,0.02,,0.8,5.1187986182446155,0.92,4.8608899019772815,0.94,4.8401023255900535,0.94,4.6230650626571865,37.0,7.0,46.0,27.0,1.5516345900154977,shift2.0_ramp0,2.0,0,4
BOCPD-weighted CP,0.8933333333333333,0.00666666666666671,3.415537996433268,0.0,0.02,,0.9,3.467497308393091,0.84,3.460538403538,0.88,3.556637626825934,0.9,3.404007326340754,37.99519970573588,41.83636520525432,45.25698464825412,45.84000467399731,1.008529435114994,shift2.0_ramp10,2.0,10,4
BOCPD-weighted ACI,0.93,0.030000000000000027,3.895253060390141,0.0,0.02,,0.9,3.689662823093177,0.92,3.7807923729728143,0.92,3.99793737577184,0.93,4.055254377957152,37.99519970573588,41.83636520525432,45.25698464825412,45.84000467399731,1.147989196110701,shift2.0_ramp10,2.0,10,4
Hard-reset CP,0.8866666666666667,0.013333333333333308,3.4693342562982834,0.0,0.02,,0.9,3.44732853816945,0.84,3.4555700636472055,0.88,3.6434348401558196,0.9,3.5805659619600476,19.0,41.0,46.0,43.0,1.008529435114994,shift2.0_ramp10,2.0,10,4
Hard-reset ACI,0.93,0.030000000000000027,3.9428684619571586,0.0,0.02,,0.9,3.705208836542707,0.92,3.806469705555792,0.92,4.129468992138702,0.93,4.256879220346127,19.0,41.0,46.0,43.0,1.1479891961107012,shift2.0_ramp10,2.0,10,4
BOCPD-weighted CP,0.89,0.010000000000000009,3.323510947669099,0.0,0.02,,1.0,3.4094142919637953,0.84,3.180658782453542,0.9,3.2680027005509698,0.89,3.1788148625713935,37.72537959673838,40.719229727348996,43.61867069233334,42.66170092637671,1.0,shift2.0_ramp40,2.0,40,4
BOCPD-weighted ACI,0.92,0.020000000000000018,3.809161126358584,0.0,0.02,,1.0,3.689662823093177,0.88,3.5527563704695826,0.92,3.9734509810647736,0.93,3.9132165946480506,37.72537959673838,40.719229727348996,43.61867069233334,42.66170092637671,1.0490075499647613,shift2.0_ramp40,2.0,40,4
Hard-reset CP,0.8733333333333333,0.026666666666666727,3.2318306708927733,0.0,0.02,,0.9,3.1524634798266016,0.8,3.0019916926861203,0.86,3.1208537968383676,0.86,2.943662623264121,19.0,23.0,28.0,43.0,1.0085294351149938,shift2.0_ramp40,2.0,40,4
Hard-reset ACI,0.9233333333333333,0.023333333333333317,3.745388931715914,0.0,0.02,,1.0,3.5215223086560443,0.88,3.4604638275010364,0.92,3.933346737652706,0.93,3.6494524220531592,19.0,23.0,28.0,43.0,1.0490075499647615,shift2.0_ramp40,2.0,40,4
BOCPD-weighted CP,0.8933333333333333,0.00666666666666671,3.7547170827708958,1.0,0.02,0.0,0.8,8.592549802486587,0.84,6.845950970402205,0.88,5.384608792263873,0.9,4.417095037809023,3.5261346312072934,6.163124774173741,11.487607649970458,17.858041418424705,2.7287953360037394,shift4.0_ramp0,4.0,0,4
BOCPD-weighted ACI,0.92,0.020000000000000018,4.241438149389614,1.0,0.02,0.0,0.8,8.614766353956597,0.84,7.387887795663363,0.88,5.970729439046302,0.9,5.0938096449555665,3.5261346312072934,6.163124774173741,11.487607649970458,17.858041418424705,2.448818855392247,shift4.0_ramp0,4.0,0,4
Hard-reset CP,0.8833333333333333,0.01666666666666672,3.762890817827912,1.0,0.02,0.0,0.8,8.578029048379264,0.8,6.550247936412585,0.86,5.233029960074443,0.89,4.461235646548932,3.0,7.0,12.0,18.0,2.7287953360037394,shift4.0_ramp0,4.0,0,4
Hard-reset ACI,0.9266666666666666,0.026666666666666616,4.247612006971073,1.0,0.02,0.0,0.8,8.614766353956597,0.84,7.054630213161432,0.9,5.854244325740131,0.92,5.171109855387868,3.0,7.0,12.0,18.0,2.4488188553922474,shift4.0_ramp0,4.0,0,4
BOCPD-weighted CP,0.8866666666666667,0.013333333333333308,3.604769520515756,10.0,0.02,,0.5,3.8006052091582547,0.76,4.597866004109419,0.84,4.6917721109204,0.88,3.9717018985882184,38.32375697403313,41.09824282791195,18.720112517679084,29.081444437150555,1.488102755423776,shift4.0_ramp10,4.0,10,4
BOCPD-weighted ACI,0.9233333333333333,0.023333333333333317,4.108487192997971,8.0,0.02,,0.6,4.23475883024396,0.84,5.503365641869436,0.9,5.320218011487799,0.91,4.697155894085096,38.32375697403313,41.09824282791195,18.720112517679084,29.081444437150555,1.9066839275151162,shift4.0_ramp10,4.0,10,4
Hard-reset CP,0.88,0.020000000000000018,3.6238119182859485,8.0,0.02,,0.5,3.7147968546851486,0.8,4.751776614837638,0.84,4.537701106080474,0.88,4.052947156194284,19.0,41.0,10.0,25.0,2.12467745304221,shift4.0_ramp10,4.0,10,4
Hard-reset ACI,0.92,0.020000000000000018,4.096061199908989,8.0,0.02,,0.6,4.065086790874081,0.84,5.516665673986108,0.88,5.054943158767874,0.9,4.7214423467482565,19.0,41.0,10.0,25.0,1.9066839275151164,shift4.0_ramp10,4.0,10,4
BOCPD-weighted CP,0.8933333333333333,0.00666666666666671,3.4679131952150497,0.0,0.02,,0.9,3.4239350460711195,0.8,3.409567499970889,0.86,3.930433302046497,0.9,3.6096730982979817,37.817761168318064,41.42935609515009,44.66898691787205,41.42250660839449,1.0000000000000002,shift4.0_ramp40,4.0,40,4
BOCPD-weighted ACI,0.9166666666666666,0.016666666666666607,3.893694019290484,0.0,0.02,,1.0,3.689662823093177,0.84,3.6794800341671476,0.9,4.389147967306025,0.92,4.158842358634109,37.817761168318064,41.42935609515009,44.66898691787205,41.42250660839449,1.256050072744011,shift4.0_ramp40,4.0,40,4
Hard-reset CP,0.8766666666666667,0.023333333333333317,3.3693869692252925,0.0,0.02,,1.0,3.4473285381694496,0.84,3.4207588586864692,0.88,3.7467916756323234,0.87,3.3561462216421045,19.0,41.0,46.0,43.0,1.0085294351149938,shift4.0_ramp40,4.0,40,4
Hard-reset ACI,0.92,0.020000000000000018,3.850841814601895,0.0,0.02,,1.0,3.705208836542707,0.88,3.752203827910894,0.92,4.416541643236827,0.92,3.983578574429068,19.0,41.0,46.0,43.0,1.2560500727440111,shift4.0_ramp40,4.0,40,4
BOCPD-weighted CP,0.8833333333333333,0.01666666666666672,3.3305844636785196,0.0,0.02,,0.9,3.409414291963796,0.84,3.3145387533386725,0.88,3.4383090354330017,0.87,3.1901209423671424,37.63022736345868,39.520714755480505,42.6745062791794,42.66752526838866,1.0,no_changepoint_control,0.0,0,4
BOCPD-weighted ACI,0.9166666666666666,0.016666666666666607,3.7427929781747906,0.0,0.02,,0.9,3.670403850953503,0.88,3.5945953060339866,0.9,3.782459742115857,0.92,3.704915920374169,37.63022736345868,39.520714755480505,42.6745062791794,42.66752526838866,0.9690007772517105,no_changepoint_control,0.0,0,4
Hard-reset CP,0.8766666666666667,0.023333333333333317,3.2975540508530083,0.0,0.02,,0.9,3.1305555069296958,0.84,3.134024939899715,0.88,3.4682042289237733,0.87,3.143621038602149,19.0,23.0,28.0,43.0,1.0085294351149938,no_changepoint_control,0.0,0,4
Hard-reset ACI,0.9166666666666666,0.016666666666666607,3.782169183091042,0.0,0.02,,0.9,3.4877820174092427,0.88,3.545855192764319,0.9,3.9383722490322794,0.91,3.757978762871859,19.0,23.0,28.0,43.0,1.0,no_changepoint_control,0.0,0,4
BOCPD-weighted CP,0.8966666666666666,0.0033333333333334103,3.312541652366332,6.0,0.0,,0.7,2.872646605489311,0.84,3.1221947877410052,0.88,3.0699451276316085,0.88,3.3332165036858146,42.724969032622695,45.35918277149079,35.64203403171337,38.914874441207964,1.7163729935375414,shift1.0_ramp0,1.0,0,5
BOCPD-weighted ACI,0.9333333333333333,0.033333333333333326,3.8032923761399617,6.0,0.0,,0.8,3.320055719858247,0.92,4.1911336405233355,0.94,3.903235130839355,0.93,4.016730439179454,42.724969032622695,45.35918277149079,35.64203403171337,38.914874441207964,1.6603334742108553,shift1.0_ramp0,1.0,0,5
Hard-reset CP,0.89,0.010000000000000009,3.420148806960239,6.0,0.0,,0.7,3.0478531650328646,0.88,4.127872075291706,0.9,3.675166229104681,0.89,3.632831926075224,44.0,48.0,6.0,37.0,1.8920166689909717,shift1.0_ramp0,1.0,0,5
Hard-reset ACI,0.93,0.030000000000000027,3.865316889517153,6.0,0.0,,0.8,3.5113724552440395,0.92,4.477512260596595,0.94,4.049325079551673,0.93,4.085125577576417,44.0,48.0,6.0,37.0,1.6603334742108553,shift1.0_ramp0,1.0,0,5
BOCPD-weighted CP,0.9,0.0,3.3482241965049786,6.0,0.0,,0.8,2.7949633485502066,0.88,3.3039738184024987,0.9,3.2900249317105534,0.89,3.4398977708606826,41.02187027230865,45.180871193875966,34.44135206320999,38.87797128150974,1.8092933712627337,shift1.0_ramp10,1.0,10,5
BOCPD-weighted ACI,0.93,0.030000000000000027,3.8361635084458565,6.0,0.0,,0.8,3.275371795367218,0.88,4.375307106440396,0.92,4.05284580497431,0.92,4.120655712826171,41.02187027230865,45.180871193875966,34.44135206320999,38.87797128150974,1.5322474988248687,shift1.0_ramp10,1.0,10,5
Hard-reset CP,0.89,0.010000000000000009,3.404515286143908,6.0,0.0,,0.8,2.8769797140943494,0.88,3.8639999642862337,0.9,3.563354964497232,0.89,3.5826425118289777,44.0,48.0,7.0,37.0,1.7460575564040035,shift1.0_ramp10,1.0,10,5
Hard-reset ACI,0.93,0.030000000000000027,3.867546639183429,6.0,0.0,,0.8,3.466688530753011,0.92,4.284765541006662,0.94,4.012249803729641,0.93,4.088239783342504,44.0,48.0,7.0,37.0,1.5322474988248687,shift1.0_ramp10,1.0,10,5
BOCPD-weighted CP,0.8966666666666666,0.0033333333333334103,3.308198179458537,6.0,0.0,,0.8,2.546794145367978,0.88,2.8581713708960717,0.88,2.9502215610326616,0.88,3.31746619755231,41.30217700920674,45.44983025671403,45.874570995495866,42.02217575212215,1.2404080292874418,shift1.0_ramp40,1.0,40,5
BOCPD-weighted ACI,0.9366666666666666,0.036666666666666625,3.8048284617383743,6.0,0.0,,0.8,3.112609042556265,0.92,3.7763825909648885,0.96,3.841211002697049,0.94,4.024297050534676,41.30217700920674,45.44983025671403,45.874570995495866,42.02217575212215,1.2685305162693945,shift1.0_ramp40,1.0,40,5
Hard-reset CP,0.8833333333333333,0.01666666666666672,3.310605740820633,6.0,0.0,,0.8,2.626827768736483,0.88,2.784919179003765,0.86,2.8661590012954488,0.87,3.304202727656405,44.0,48.0,48.0,39.0,1.1926148834217967,shift1.0_ramp40,1.0,40,5
Hard-reset ACI,0.9333333333333333,0.033333333333333326,3.839276400245783,6.0,0.0,,0.8,3.374688530753011,0.92,3.69538011441766,0.96,3.8110965924179503,0.94,4.007004109762307,44.0,48.0,48.0,39.0,1.2685305162693945,shift1.0_ramp40,1.0,40,5
BOCPD-weighted CP,0.89,0.010000000000000009,3.4603849195991323,5.0,0.0,,0.5,4.72112771281927,0.8,4.925410428698824,0.84,3.934256888859929,0.86,3.7697339883240826,42.96385785387769,7.944572392098309,13.24368599897348,25.139781906893017,2.420821944597737,shift2.0_ramp0,2.0,0,5
BOCPD-weighted ACI,0.92,0.020000000000000018,3.89707132269032,5.0,0.0,,0.5,4.935261187488495,0.8,5.533960038133042,0.86,4.462867680376436,0.89,4.267468110606659,42.96385785387769,7.944572392098309,13.24368599897348,25.139781906893017,2.042531999653571,shift2.0_ramp0,2.0,0,5
Hard-reset CP,0.8833333333333333,0.01666666666666672,3.467806575101002,5.0,0.0,,0.5,4.7088105073542135,0.76,4.871188186721305,0.82,3.85842010259299,0.86,3.7484046857821665,44.0,7.0,12.0,16.0,2.3275472369361156,shift2.0_ramp0,2.0,0,5
Hard-reset ACI,0.9166666666666666,0.016666666666666607,3.915481902423932,5.0,0.0,,0.6,5.006023940299448,0.8,5.425327317344216,0.86,4.358492762334954,0.89,4.19381806342385,44.0,7.0,12.0,16.0,2.042531999653571,shift2.0_ramp0,2.0,0,5
BOCPD-weighted CP,0.9066666666666666,0.006666666666666599,3.5026274341398076,7.0,0.0,,0.7,3.130166175672271,0.88,4.599714912203725,0.9,4.0298313676249045,0.89,3.835396448408489,41.36818690271019,40.93832687638628,10.38478125570745,30.172796168916157,2.232774899909322,shift2.0_ramp10,2.0,10,5
BOCPD-weighted ACI,0.93,0.030000000000000027,3.9569144073417117,6.0,0.0,,0.8,3.977030957015168,0.92,5.341086766172798,0.92,4.55295743066441,0.92,4.381646413488977,41.36818690271019,40.93832687638628,10.38478125570745,30.172796168916157,1.883870142232167,shift2.0_ramp10,2.0,10,5
Hard-reset CP,0.9,0.0,3.5248961916137582,6.0,0.0,,0.8,3.7054903857654495,0.92,5.273493674096629,0.9,4.207108901076392,0.9,3.8972339205918884,44.0,1.0,7.0,21.0,2.1467456789135357,shift2.0_ramp10,2.0,10,5
Hard-reset ACI,0.9266666666666666,0.026666666666666616,3.996240299857339,6.0,0.0,,0.8,4.097584939590008,0.92,5.506296979977728,0.92,4.697972781048719,0.92,4.445070309093956,44.0,1.0,7.0,21.0,1.883870142232167,shift2.0_ramp10,2.0,10,5
BOCPD-weighted CP,0.8966666666666666,0.0033333333333334103,3.3224315219048814,6.0,0.0,,0.8,2.5567523913207553,0.84,2.868508653923503,0.88,3.0041135183380563,0.88,3.356530147365926,41.21370730899253,45.46109129867305,44.79685879186826,40.44829064817534,1.2404080292874418,shift2.0_ramp40,2.0,40,5
BOCPD-weighted ACI,0.94,0.039999999999999925,3.866385614079556,6.0,0.0,,0.8,3.1432757092229315,0.92,3.9668216362692097,0.96,4.135894411964488,0.95,4.203514765878194,41.21370730899253,45.46109129867305,44.79685879186826,40.44829064817534,1.3564361771212192,shift2.0_ramp40,2.0,40,5
Hard-reset CP,0.8866666666666667,0.013333333333333308,3.3365711621042182,6.0,0.0,,0.8,2.626827768736483,0.84,2.8669113151015826,0.86,2.9942709995283887,0.88,3.3842176139616833,44.0,48.0,48.0,37.0,1.1926148834217967,shift2.0_ramp40,2.0,40,5
Hard-reset ACI,0.9366666666666666,0.036666666666666625,3.9178552873405685,6.0,0.0,,0.8,3.405355197419677,0.92,3.8122191597219803,0.96,4.066577221634,0.95,4.192204616594156,44.0,48.0,48.0,37.0,1.3564361771212192,shift2.0_ramp40,2.0,40,5
BOCPD-weighted CP,0.8933333333333333,0.00666666666666671,3.6008098815836465,3.0,0.0,0.0,0.6,8.048022462918368,0.8,6.475527071744045,0.86,4.7302550436753235,0.87,4.1852810150399105,3.2130121813094528,6.255358148827314,11.473304290965922,15.285631867792965,3.326790201390335,shift4.0_ramp0,4.0,0,5
BOCPD-weighted ACI,0.9233333333333333,0.023333333333333317,4.049475256337252,3.0,0.0,0.0,0.6,8.057980708871145,0.8,7.111679636045348,0.88,5.306715071698391,0.9,4.724679911547452,3.2130121813094528,6.255358148827314,11.473304290965922,15.285631867792965,2.806929050539002,shift4.0_ramp0,4.0,0,5
Hard-reset CP,0.8933333333333333,0.00666666666666671,3.6232670119633092,3.0,0.0,0.0,0.6,8.048022462918368,0.84,6.341374629392039,0.88,4.735179594314629,0.89,4.222501628737857,3.0,7.0,12.0,16.0,3.1986083728264036,shift4.0_ramp0,4.0,0,5
Hard-reset ACI,0.9233333333333333,0.023333333333333317,4.077095747984641,3.0,0.0,0.0,0.6,8.128743461682099,0.84,6.812736118469718,0.9,5.2161343199949055,0.91,4.685809686571461,3.0,7.0,12.0,16.0,2.806929050539002,shift4.0_ramp0,4.0,0,5
BOCPD-weighted CP,0.9033333333333333,0.0033333333333332993,3.695335179348399,6.0,0.0,,0.6,4.829498745649283,0.84,6.744875930687218,0.88,5.070212956822272,0.88,4.410977652660267,41.90588329986212,5.851614441326593,8.106855793302806,18.006114172457092,3.066265696158512,shift4.0_ramp10,4.0,10,5
BOCPD-weighted ACI,0.9266666666666666,0.026666666666666616,4.119079785826745,6.0,0.0,,0.7,5.006437407386445,0.88,7.114435540061818,0.9,5.481587613159416,0.91,4.866764815219474,41.90588329986212,5.851614441326593,8.106855793302806,18.006114172457092,2.5871154290467633,shift4.0_ramp10,4.0,10,5
Hard-reset CP,0.8966666666666666,0.0033333333333334103,3.696440290414804,6.0,0.0,,0.6,4.86759328414473,0.84,6.681254953896034,0.88,5.069632187013295,0.89,4.424026743499336,44.0,1.0,8.0,13.0,2.9481219239326006,shift4.0_ramp10,4.0,10,5
Hard-reset ACI,0.9233333333333333,0.023333333333333317,4.1395286331828425,6.0,0.0,,0.7,5.187795896819459,0.88,7.081607706880477,0.9,5.4555108561183046,0.91,4.875320812017467,44.0,1.0,8.0,13.0,2.5871154290467633,shift4.0_ramp10,4.0,10,5
BOCPD-weighted CP,0.8966666666666666,0.0033333333333334103,3.424653437075746,6.0,0.0,,0.8,2.7949633485502066,0.84,3.6271668966389683,0.88,3.6779656967358267,0.88,3.6987632784001083,41.02187027230865,45.180871193875966,34.44135206320999,35.431800507749664,1.8092933712627337,shift4.0_ramp40,4.0,40,5
BOCPD-weighted ACI,0.94,0.039999999999999925,3.96956971145694,6.0,0.0,,0.8,3.275371795367218,0.92,4.507066947326572,0.96,4.806654553359502,0.95,4.528998119271442,41.02187027230865,45.180871193875966,34.44135206320999,35.431800507749664,1.5322474988248687,shift4.0_ramp40,4.0,40,5
Hard-reset CP,0.8933333333333333,0.00666666666666671,3.5218577782506797,6.0,0.0,,0.8,2.8769797140943494,0.88,4.233260605917746,0.9,4.092790681020827,0.9,3.9216621366910256,44.0,48.0,7.0,37.0,1.7460575564040035,shift4.0_ramp40,4.0,40,5
Hard-reset ACI,0.9333333333333333,0.033333333333333326,4.059301718405155,6.0,0.0,,0.8,3.466688530753011,0.88,4.51211528001921,0.94,4.821712072517652,0.94,4.588017743465377,44.0,48.0,7.0,37.0,1.5322474988248687,shift4.0_ramp40,4.0,40,5
BOCPD-weighted CP,0.8966666666666666,0.0033333333333334103,3.280414793092198,8.0,0.0,,0.7,2.5627553553157654,0.84,2.837367447088567,0.88,2.898110792657458,0.88,3.25580431219454,41.386034687554314,45.50197169834403,46.332240630087504,42.675585556190406,1.1911351562012147,no_changepoint_control,0.0,0,5
BOCPD-weighted ACI,0.9333333333333333,0.033333333333333326,3.7630326150392808,6.0,0.0,,0.8,3.0819423758895983,0.92,3.6104768789939006,0.94,3.642564076789952,0.93,3.901831996993577,41.386034687554314,45.50197169834403,46.332240630087504,42.675585556190406,1.18062485541757,no_changepoint_control,0.0,0,5
Hard-reset CP,0.8866666666666667,0.013333333333333308,3.2887186203137175,6.0,0.0,,0.8,2.6427889786842704,0.88,2.812789941431177,0.88,2.8713912229695597,0.88,3.240325923917572,44.0,48.0,48.0,39.0,1.1452405030533104,no_changepoint_control,0.0,0,5
Hard-reset ACI,0.93,0.030000000000000027,3.804733957579736,6.0,0.0,,0.8,3.3440218640863444,0.92,3.62178011441766,0.94,3.6627188878802737,0.93,3.9037627452870267,44.0,48.0,48.0,39.0,1.18062485541757,no_changepoint_control,0.0,0,5
BOCPD-weighted CP,0.8733333333333333,0.026666666666666727,3.3587024605965623,14.0,0.0,70.0,0.6,3.0986689481806975,0.68,3.3120471943999195,0.8,3.404287682689112,0.85,3.3527780576233335,48.65581389156251,41.52877248946236,40.76946118985672,42.85517914062834,1.0768489126984504,shift1.0_ramp0,1.0,0,6
BOCPD-weighted ACI,0.93,0.030000000000000027,3.75941581863201,9.0,0.0,70.0,0.8,3.4022233334810545,0.88,3.686724415983631,0.92,3.720367056771461,0.92,3.927988909699616,48.65581389156251,41.52877248946236,40.76946118985672,42.85517914062834,1.1644677660296616,shift1.0_ramp0,1.0,0,6
Hard-reset CP,0.8666666666666667,0.033333333333333326,3.5071695578722575,12.0,0.0,70.0,0.6,3.577862979402402,0.76,3.6002060775075146,0.84,3.533133539379711,0.85,3.659439575857882,50.0,8.0,45.0,48.0,1.627378101850254,shift1.0_ramp0,1.0,0,6
Hard-reset ACI,0.9333333333333333,0.033333333333333326,3.9019428261242624,4.0,0.0,70.0,0.8,3.967546874730033,0.92,4.24234011683678,0.92,3.9722172639011912,0.91,4.224871441019869,50.0,8.0,45.0,48.0,1.5498072150351339,shift1.0_ramp0,1.0,0,6
BOCPD-weighted CP,0.8833333333333333,0.01666666666666672,3.449286227830121,14.0,0.0,70.0,0.7,3.0556371619384834,0.76,3.603050099401792,0.86,3.793354933100281,0.88,3.6222583080288375,48.67081231576383,44.79380498990761,43.3985528206643,40.1631414613123,1.3119494521137558,shift1.0_ramp10,1.0,10,6
BOCPD-weighted ACI,0.93,0.030000000000000027,3.8426189176629744,13.0,0.0,70.0,0.8,3.6139095996836152,0.84,4.013266043082873,0.9,4.1449310600012526,0.92,4.167904386732457,48.67081231576383,44.79380498990761,43.3985528206643,40.1631414613123,1.3751631523691847,shift1.0_ramp10,1.0,10,6
Hard-reset CP,0.87,0.030000000000000027,3.6016580523443538,13.0,0.0,70.0,0.7,3.2851002424691265,0.8,3.72068175319415,0.88,3.9190798498686075,0.86,3.9144741657358764,50.0,4.0,40.0,24.0,1.313617991959899,shift1.0_ramp10,1.0,10,6
Hard-reset ACI,0.94,0.039999999999999925,3.9709310271166913,13.0,0.0,70.0,0.8,3.7032836277323207,0.84,4.078883152661194,0.9,4.19733797030804,0.91,4.396719660531159,50.0,4.0,40.0,24.0,1.3751631523691847,shift1.0_ramp10,1.0,10,6
BOCPD-weighted CP,0.89,0.010000000000000009,3.4440090097435543,9.0,0.0,70.0,0.7,3.1764285755379222,0.84,3.6991756777477764,0.9,3.7822586372456226,0.9,3.614930078390137,48.67058897183919,43.50668417437675,38.985245784080604,39.21754829514178,1.2583600049308388,shift1.0_ramp40,1.0,40,6
BOCPD-weighted ACI,0.9266666666666666,0.026666666666666616,3.826913865521904,9.0,0.0,70.0,0.7,3.6459695194424064,0.84,3.9798670363939563,0.9,4.064017518890987,0.91,4.142134515720455,48.67058897183919,43.50668417437675,38.985245784080604,39.21754829514178,1.2787262843606404,shift1.0_ramp40,1.0,40,6
Hard-reset CP,0.8733333333333333,0.026666666666666727,3.554680382307935,9.0,0.0,70.0,0.7,3.4565431082030456,0.84,3.9150703839137373,0.9,3.9415978169822883,0.88,3.8796102731907696,50.0,4.0,9.0,24.0,1.3427290396126281,shift1.0_ramp40,1.0,40,6
Hard-reset ACI,0.93,0.030000000000000027,3.901554987727486,5.0,0.0,70.0,0.7,3.7856210479670453,0.88,4.129772240253388,0.92,4.145223417146075,0.91,4.329069291140752,50.0,4.0,9.0,24.0,1.2787262843606404,shift1.0_ramp40,1.0,40,6
BOCPD-weighted CP,0.89,0.010000000000000009,3.510148051129877,2.0,0.0,70.0,0.7,5.189572296650792,0.88,4.8964857173831255,0.92,4.380509106856879,0.9,3.819413292213382,43.81452978225203,9.425937995743512,18.07459677466083,35.92245107935686,2.1074057605051104,shift2.0_ramp0,2.0,0,6
BOCPD-weighted ACI,0.93,0.030000000000000027,3.913632897576681,2.0,0.0,70.0,0.7,5.770733053461247,0.88,5.37806864245792,0.92,4.78540172932298,0.92,4.400039301292286,43.81452978225203,9.425937995743512,18.07459677466083,35.92245107935686,2.0095062397759116,shift2.0_ramp0,2.0,0,6
Hard-reset CP,0.88,0.020000000000000018,3.6753962919169667,2.0,0.0,70.0,0.7,5.6697128205712275,0.88,5.158759000533308,0.92,4.5352490488368185,0.89,4.154168064301222,4.0,8.0,13.0,28.0,2.110085963220031,shift2.0_ramp0,2.0,0,6
Hard-reset ACI,0.9333333333333333,0.033333333333333326,4.0558209530341935,2.0,0.0,70.0,0.7,5.911500894110299,0.88,5.711099442440667,0.92,4.92689097309969,0.91,4.692905500676035,4.0,8.0,13.0,28.0,2.0095062397759116,shift2.0_ramp0,2.0,0,6
BOCPD-weighted CP,0.8866666666666667,0.013333333333333308,3.4963148765969043,13.0,0.0,,0.8,3.020346194392287,0.84,3.992975595257651,0.9,4.162063342597492,0.89,3.7761849083950074,48.670863579568994,45.3927111585155,43.68286668087629,33.255023456305224,1.586688885571775,shift2.0_ramp10,2.0,10,6
BOCPD-weighted ACI,0.9366666666666666,0.036666666666666625,3.898343647694462,0.0,0.0,,0.9,3.3324892902381698,0.88,4.34841561391581,0.92,4.562076925499201,0.94,4.355730691819679,48.670863579568994,45.3927111585155,43.68286668087629,33.255023456305224,1.6624750428321708,shift2.0_ramp10,2.0,10,6
Hard-reset CP,0.8733333333333333,0.026666666666666727,3.6620570505216143,13.0,0.0,,0.8,3.204513291576446,0.84,4.136776991696855,0.9,4.3748805134489945,0.87,4.167887320432237,50.0,51.0,40.0,24.0,1.5887068395598218,shift2.0_ramp10,2.0,10,6
Hard-reset ACI,0.9366666666666666,0.036666666666666625,4.044810229474693,0.0,0.0,,0.9,3.504062644342624,0.88,4.442012455025228,0.92,4.7208634594183225,0.92,4.671367683865859,50.0,51.0,40.0,24.0,1.6624750428321708,shift2.0_ramp10,2.0,10,6
BOCPD-weighted CP,0.89,0.010000000000000009,3.5051127642012245,9.0,0.0,,0.7,3.149604553060185,0.84,3.7328449195813183,0.88,3.9024221851005363,0.9,3.7747662551822225,48.67068990483433,44.1349364217376,41.2971754860991,36.62121541088269,1.2867878659162897,shift2.0_ramp40,2.0,40,6
BOCPD-weighted ACI,0.94,0.039999999999999925,3.8612643020776933,5.0,0.0,,0.8,3.6956633621848183,0.88,4.032872105987456,0.92,4.139266881526691,0.93,4.197953791918387,48.67068990483433,44.1349364217376,41.2971754860991,36.62121541088269,1.3119545364673277,shift2.0_ramp40,2.0,40,6
Hard-reset CP,0.87,0.030000000000000027,3.6169511107171872,12.0,0.0,,0.7,3.390726763519126,0.8,3.8551192061641895,0.86,3.993176616039568,0.86,3.9637057325976652,50.0,4.0,40.0,24.0,1.288424405208528,shift2.0_ramp40,2.0,40,6
Hard-reset ACI,0.94,0.039999999999999925,3.9712798715301716,9.0,0.0,,0.7,3.731621047967045,0.84,4.1202205134588015,0.9,4.189557138308528,0.91,4.38356331399237,50.0,4.0,40.0,24.0,1.3119545364673277,shift2.0_ramp40,2.0,40,6
BOCPD-weighted CP,0.8933333333333333,0.00666666666666671,3.7377692299650547,1.0,0.0,0.0,0.8,9.044484651994756,0.92,7.4203009265581015,0.94,5.6479874038227695,0.91,4.478708018434741,2.845340375325036,6.823497184771008,10.718918417084,21.1023435478479,3.0715952252219036,shift4.0_ramp0,4.0,0,6
BOCPD-weighted ACI,0.9333333333333333,0.033333333333333326,4.106606550386588,1.0,0.0,0.0,0.8,9.184813154943166,0.92,7.773555767840971,0.94,5.917765453593843,0.93,4.9582797043847435,2.845340375325036,6.823497184771008,10.718918417084,21.1023435478479,2.928904289257467,shift4.0_ramp0,4.0,0,6
Hard-reset CP,0.8766666666666667,0.023333333333333317,3.7659101105894783,1.0,0.0,0.0,0.8,9.157665713675541,0.84,6.569204408665525,0.9,5.291219196165514,0.88,4.436359319100545,3.0,7.0,7.0,22.0,3.0755016859595856,shift4.0_ramp0,4.0,0,6
Hard-reset ACI,0.9333333333333333,0.033333333333333326,4.160209006182027,1.0,0.0,0.0,0.8,9.195590504300876,0.84,6.702989076602133,0.9,5.537171140358103,0.9,4.980233355300595,3.0,7.0,7.0,22.0,2.928904289257467,shift4.0_ramp0,4.0,0,6
BOCPD-weighted CP,0.8766666666666667,0.023333333333333317,3.568640712480883,13.0,0.0,3.0,0.7,3.1302294686324705,0.76,5.376207095150466,0.86,4.856108801905004,0.86,4.007931391807822,48.67088968579906,40.45285377359026,13.396684165062926,24.63249459209409,2.2696564230795038,shift4.0_ramp10,4.0,10,6
BOCPD-weighted ACI,0.9133333333333333,0.013333333333333308,3.938335041511535,13.0,0.0,3.0,0.7,3.7113558370102266,0.8,5.8851914913341865,0.88,5.23252290210047,0.87,4.4891823866510405,48.67088968579906,40.45285377359026,13.396684165062926,24.63249459209409,2.237098823758143,shift4.0_ramp10,4.0,10,6
Hard-reset CP,0.88,0.020000000000000018,3.747217328793619,0.0,0.0,3.0,0.9,4.827631701355928,0.88,6.135834356294526,0.92,5.230742143791467,0.89,4.436331504782827,50.0,3.0,9.0,24.0,2.2725429765003398,shift4.0_ramp10,4.0,10,6
Hard-reset ACI,0.93,0.030000000000000027,4.119502276941663,0.0,0.0,3.0,0.9,4.958815160468054,0.88,6.384175220717318,0.92,5.426996866111079,0.91,4.90642174094967,50.0,3.0,9.0,24.0,2.237098823758143,shift4.0_ramp10,4.0,10,6
BOCPD-weighted CP,0.8833333333333333,0.01666666666666672,3.5954235770095058,14.0,0.0,,0.7,3.0556371619384834,0.76,3.8548303787231184,0.84,4.183555241245988,0.88,4.050006278832377,48.67081231576383,44.79380498990761,43.3985528206643,27.97294502589966,1.5147516279239936,shift4.0_ramp40,4.0,40,6
BOCPD-weighted ACI,0.9366666666666666,0.036666666666666625,3.9682195188263236,13.0,0.0,,0.8,3.6139095996836152,0.84,4.352043569217156,0.9,4.659752912790996,0.93,4.534490847099525,48.67081231576383,44.79380498990761,43.3985528206643,27.97294502589966,1.5360578110284568,shift4.0_ramp40,4.0,40,6
Hard-reset CP,0.8733333333333333,0.026666666666666727,3.682845500941988,14.0,0.0,,0.7,3.2851002424691265,0.76,3.9866748425684846,0.84,4.249979994606742,0.86,4.168108906327326,50.0,4.0,40.0,24.0,1.516678091968877,shift4.0_ramp40,4.0,40,6
Hard-reset ACI,0.9466666666666667,0.046666666666666634,4.072958540656301,13.0,0.0,,0.8,3.7032836277323207,0.84,4.385006523683947,0.92,4.686392744312697,0.93,4.697816439585346,50.0,4.0,40.0,24.0,1.5360578110284568,shift4.0_ramp40,4.0,40,6
BOCPD-weighted CP,0.8866666666666667,0.013333333333333308,3.4208092351638295,9.0,0.0,70.0,0.6,3.2739072705500996,0.8,3.6436959948033687,0.88,3.7105705881896314,0.89,3.5474606957675054,48.670454603168984,42.51107208481788,37.75452525059664,40.61329952675442,1.3389853967903986,no_changepoint_control,0.0,0,6
BOCPD-weighted ACI,0.93,0.030000000000000027,3.81817709038,5.0,0.0,70.0,0.7,3.641922931949132,0.88,4.138045151331226,0.92,4.051344741879596,0.92,4.114845149618474,48.670454603168984,42.51107208481788,37.75452525059664,40.61329952675442,1.3304424246439779,no_changepoint_control,0.0,0,6
Hard-reset CP,0.88,0.020000000000000018,3.561007827509727,4.0,0.0,70.0,0.8,3.8271991603040063,0.92,4.1440832225221085,0.94,3.971098871490383,0.9,3.895447381257236,50.0,4.0,9.0,24.0,1.397033674016728,no_changepoint_control,0.0,0,6
Hard-reset ACI,0.9333333333333333,0.033333333333333326,3.9159431697332487,4.0,0.0,70.0,0.8,4.001698898437456,0.92,4.34172009336817,0.94,4.229129269000644,0.92,4.3722338371580385,50.0,4.0,9.0,24.0,1.3304424246439779,no_changepoint_control,0.0,0,6
BOCPD-weighted CP,0.8866666666666667,0.013333333333333308,3.24746184943224,0.0,0.0,,0.9,3.897598200890292,0.92,3.5389325588563607,0.92,3.5643402037742886,0.92,3.2228940468140594,44.805313607042564,22.245012655565393,32.83119499441291,40.52077246545743,2.14185812004302,shift1.0_ramp0,1.0,0,7
BOCPD-weighted ACI,0.9233333333333333,0.023333333333333317,3.7341839334457383,0.0,0.0,,0.9,4.783139923657157,0.92,4.226395096650341,0.96,4.022035987233924,0.96,3.7182008542816742,44.805313607042564,22.245012655565393,32.83119499441291,40.52077246545743,1.9337244950963486,shift1.0_ramp0,1.0,0,7
Hard-reset CP,0.8766666666666667,0.023333333333333317,3.2891268562741853,0.0,0.0,,0.9,4.559429856404881,0.92,4.033116869346479,0.92,3.819626122623946,0.91,3.290336843359435,50.0,9.0,14.0,32.0,2.0174730551126245,shift1.0_ramp0,1.0,0,7
Hard-reset ACI,0.92,0.020000000000000018,3.7854309615435113,0.0,0.0,,0.9,5.256233202823549,0.92,4.738309055724155,0.96,4.297417844337218,0.95,3.781597599788281,50.0,9.0,14.0,32.0,1.8730578443955859,shift1.0_ramp0,1.0,0,7
BOCPD-weighted CP,0.8866666666666667,0.013333333333333308,3.241819532721829,0.0,0.0,,0.9,3.466948161769989,0.92,3.4293409023960493,0.92,3.5095443755441327,0.92,3.2127242184153313,44.75444818595024,37.09454401486353,39.58881130768642,42.14077108857514,1.34399777515237,shift1.0_ramp10,1.0,10,7
BOCPD-weighted ACI,0.9233333333333333,0.023333333333333317,3.707459038400682,0.0,0.0,,0.9,3.9230773850499574,0.92,3.920349469104217,0.96,3.8627256122440565,0.96,3.638026169146507,44.75444818595024,37.09454401486353,39.58881130768642,42.14077108857514,1.6170250252269316,shift1.0_ramp10,1.0,10,7
Hard-reset CP,0.8733333333333333,0.026666666666666727,3.280157509341946,0.0,0.0,,0.9,4.1434298564048815,0.88,3.812223227558098,0.9,3.709179301729756,0.9,3.267309816638614,50.0,9.0,14.0,32.0,1.6870575028195012,shift1.0_ramp10,1.0,10,7
Hard-reset ACI,0.9266666666666666,0.026666666666666616,3.755954423271572,0.0,0.0,,0.9,4.632233202823548,0.96,4.348869787787632,0.98,4.100011961320555,0.97,3.693167984972464,50.0,9.0,14.0,32.0,1.566294172601027,shift1.0_ramp10,1.0,10,7
BOCPD-weighted CP,0.89,0.010000000000000009,3.210885308088834,0.0,0.0,,0.9,3.418422311885712,0.92,3.2489705796794937,0.92,3.3071414700714103,0.93,3.141814031675655,44.773649697147796,40.287342289398524,42.91940393890273,44.642049237160386,1.3369036822605176,shift1.0_ramp40,1.0,40,7
BOCPD-weighted ACI,0.92,0.020000000000000018,3.6853093931203755,0.0,0.0,,0.9,3.790530745466762,0.96,3.7491861895273426,0.94,3.7504997646609435,0.95,3.596426671995132,44.773649697147796,40.287342289398524,42.91940393890273,44.642049237160386,1.2133956936022134,shift1.0_ramp40,1.0,40,7
Hard-reset CP,0.8833333333333333,0.01666666666666672,3.2127124211507687,0.0,0.0,,0.9,3.6604657824148363,0.92,3.355840078755989,0.9,3.3458377717208667,0.93,3.1714690431354216,50.0,9.0,51.0,50.0,1.5536204528549709,shift1.0_ramp40,1.0,40,7
Hard-reset ACI,0.9166666666666666,0.016666666666666607,3.716205893251844,0.0,0.0,,0.9,4.102283593993969,0.92,3.9007360288332054,0.92,3.839180486204614,0.94,3.6796386106495604,50.0,9.0,51.0,50.0,1.4424088436070712,shift1.0_ramp40,1.0,40,7
BOCPD-weighted CP,0.8833333333333333,0.01666666666666672,3.36588779436023,3.0,0.0,,0.7,5.08359048487537,0.84,4.3731423851111675,0.9,4.014752666156717,0.91,3.4881362091350945,40.402874933428905,10.132977635783309,15.377305455714264,27.87162766995279,2.6815303614557138,shift2.0_ramp0,2.0,0,7
BOCPD-weighted ACI,0.9166666666666666,0.016666666666666607,3.865397017817844,3.0,0.0,,0.7,6.326355999576357,0.84,5.234785288189254,0.92,4.520278868804485,0.94,3.9726150600686965,40.402874933428905,10.132977635783309,15.377305455714264,27.87162766995279,2.420954448741605,shift2.0_ramp0,2.0,0,7
Hard-reset CP,0.88,0.020000000000000018,3.4232825674249474,3.0,0.0,,0.7,5.5326354297827365,0.84,4.5014380110689585,0.88,4.06392944304975,0.89,3.490085657089267,5.0,9.0,14.0,23.0,2.5258046740251214,shift2.0_ramp0,2.0,0,7
Hard-reset ACI,0.9233333333333333,0.023333333333333317,3.8932636700885133,3.0,0.0,,0.8,6.376985079487299,0.88,5.330208400092979,0.94,4.546410571279281,0.95,3.965248547389158,5.0,9.0,14.0,23.0,2.3450019548487524,shift2.0_ramp0,2.0,0,7
BOCPD-weighted CP,0.89,0.010000000000000009,3.3019224286105766,0.0,0.0,,0.9,3.658948331280432,0.92,4.0179460482857,0.96,3.922433626644531,0.93,3.397353327487248,44.70869265207996,31.461209492356296,20.812024217495804,34.20429950728388,1.5990708528899158,shift2.0_ramp10,2.0,10,7
BOCPD-weighted ACI,0.9233333333333333,0.023333333333333317,3.7927888095258164,0.0,0.0,,0.9,4.544717303799545,0.92,4.7676650531873035,0.96,4.480078633120124,0.96,3.9112901403941738,44.70869265207996,31.461209492356296,20.812024217495804,34.20429950728388,1.7875555090027715,shift2.0_ramp10,2.0,10,7
Hard-reset CP,0.8833333333333333,0.01666666666666672,3.340030457275781,0.0,0.0,,0.9,4.367429856404881,0.92,4.353992327650037,0.96,4.107985777861745,0.93,3.4453770406670414,50.0,9.0,14.0,29.0,1.8649735694388752,shift2.0_ramp10,2.0,10,7
Hard-reset ACI,0.9233333333333333,0.023333333333333317,3.828857882806987,0.0,0.0,,0.9,4.96823320282355,0.96,5.057659481084795,0.98,4.6272473744322316,0.96,3.915988615356564,50.0,9.0,14.0,29.0,1.7314746112596358,shift2.0_ramp10,2.0,10,7
BOCPD-weighted CP,0.8833333333333333,0.01666666666666672,3.2373036532333432,0.0,0.0,,0.9,3.418422311885712,0.92,3.2524428768900884,0.88,3.294264253701997,0.91,3.202981198387683,44.7687050351774,39.533285334294334,42.577448370455805,44.1864952156984,1.3369036822605176,shift2.0_ramp40,2.0,40,7
BOCPD-weighted ACI,0.92,0.020000000000000018,3.716693020095122,0.0,0.0,,0.9,3.7905307454667607,0.96,3.8065759173778093,0.94,3.870268286811388,0.95,3.6852663244500654,44.7687050351774,39.533285334294334,42.577448370455805,44.1864952156984,1.2133956936022134,shift2.0_ramp40,2.0,40,7
Hard-reset CP,0.88,0.020000000000000018,3.2626741107810826,0.0,0.0,,0.9,3.702465782414836,0.92,3.3838916109917534,0.88,3.3488893965975706,0.92,3.2371715529002927,50.0,9.0,51.0,48.0,1.5980994695098143,shift2.0_ramp40,2.0,40,7
Hard-reset ACI,0.92,0.020000000000000018,3.7637661064639563,0.0,0.0,,0.9,4.144283593993968,0.96,3.980167400610788,0.94,3.9521787664211865,0.95,3.7546136955057654,50.0,9.0,51.0,48.0,1.483703953271723,shift2.0_ramp40,2.0,40,7
BOCPD-weighted CP,0.88,0.020000000000000018,3.535468080849661,1.0,0.0,,0.8,8.978662477684832,0.88,6.70620010277316,0.9,5.091020489386508,0.92,4.049761904984625,4.992777749680434,8.2521857679881,13.288606735141512,13.671066923137603,3.7608748442811017,shift4.0_ramp0,4.0,0,7
BOCPD-weighted ACI,0.92,0.020000000000000018,3.9955576996641398,1.0,0.0,,0.8,9.35664067463251,0.88,7.354260769878778,0.94,5.539185336618683,0.95,4.495219718083467,4.992777749680434,8.2521857679881,13.288606735141512,13.671066923137603,3.3954143560321173,shift4.0_ramp0,4.0,0,7
Hard-reset CP,0.8733333333333333,0.026666666666666727,3.48414677239681,1.0,0.0,,0.8,8.635866685439552,0.84,5.817340745530167,0.86,4.5896912981386,0.89,3.7703134462384416,5.0,9.0,14.0,14.0,3.5424679118501152,shift4.0_ramp0,4.0,0,7
Hard-reset ACI,0.9133333333333333,0.013333333333333308,3.973542869333649,1.0,0.0,,0.8,9.40306329449012,0.84,6.608304502998583,0.9,5.1586182195670265,0.93,4.297490253915215,5.0,9.0,14.0,14.0,3.288890175755086,shift4.0_ramp0,4.0,0,7
BOCPD-weighted CP,0.8866666666666667,0.013333333333333308,3.532723755712735,8.0,0.0,,0.7,4.433358847234923,0.84,5.822902974894088,0.92,5.062335341858813,0.93,4.0828864809055645,44.54679341927884,15.783487300431569,13.887487828014594,27.374031489382567,2.3577270166080977,shift4.0_ramp10,4.0,10,7
BOCPD-weighted ACI,0.9233333333333333,0.023333333333333317,3.9933395451097424,0.0,0.0,,0.9,5.5938105829659355,0.92,6.534683547413749,0.96,5.551919880368944,0.96,4.492066413626028,44.54679341927884,15.783487300431569,13.887487828014594,27.374031489382567,2.2963346351250316,shift4.0_ramp10,4.0,10,7
Hard-reset CP,0.8833333333333333,0.01666666666666672,3.544018132016541,0.0,0.0,,0.9,5.202998065127238,0.92,6.11621639427779,0.94,5.183864483769534,0.94,4.119253060591942,50.0,9.0,14.0,29.0,2.220805702677623,shift4.0_ramp10,4.0,10,7
Hard-reset ACI,0.9166666666666666,0.016666666666666607,3.983550427234151,0.0,0.0,,0.9,5.6402332028235485,0.92,6.560306543357856,0.94,5.466871293176249,0.95,4.4336389616962455,50.0,9.0,14.0,29.0,2.2242918329810517,shift4.0_ramp10,4.0,10,7
BOCPD-weighted CP,0.88,0.020000000000000018,3.3557379098232034,0.0,0.0,,0.9,3.466948161769989,0.92,3.467383402401787,0.86,3.723249634703839,0.9,3.5565604306642813,44.75444818595024,37.09454401486353,39.58881130768642,40.65371592584116,1.34399777515237,shift4.0_ramp40,4.0,40,7
BOCPD-weighted ACI,0.92,0.020000000000000018,3.816911993120271,0.0,0.0,,0.9,3.9230773850499574,0.96,3.9600114410223046,0.92,4.2893005490092095,0.95,3.990533183393656,44.75444818595024,37.09454401486353,39.58881130768642,40.65371592584116,1.6170250252269316,shift4.0_ramp40,4.0,40,7
Hard-reset CP,0.8733333333333333,0.026666666666666727,3.3666591565469535,0.0,0.0,,0.9,4.1434298564048815,0.88,3.824781445231559,0.84,3.9150400125776685,0.89,3.5105657953616776,50.0,9.0,14.0,32.0,1.6870575028195012,shift4.0_ramp40,4.0,40,7
Hard-reset ACI,0.92,0.020000000000000018,3.84025922468024,0.0,0.0,,0.9,4.632233202823548,0.96,4.348869787787632,0.92,4.472173142440089,0.95,3.963087843112379,50.0,9.0,14.0,32.0,1.566294172601027,shift4.0_ramp40,4.0,40,7
BOCPD-weighted CP,0.8866666666666667,0.013333333333333308,3.217127520542485,0.0,0.0,,0.9,3.418422311885712,0.92,3.2489705796794937,0.92,3.3924252299077766,0.92,3.162334461404198,44.777117099223254,40.82004766193844,42.86782749079695,45.29709182624255,1.3369036822605176,no_changepoint_control,0.0,0,7
BOCPD-weighted ACI,0.9233333333333333,0.023333333333333317,3.6889663811488775,0.0,0.0,,0.9,3.7905307454667607,0.92,3.760171444825323,0.96,3.7732718462406307,0.96,3.610669390950306,44.777117099223254,40.82004766193844,42.86782749079695,45.29709182624255,1.2133956936022132,no_changepoint_control,0.0,0,7
Hard-reset CP,0.8833333333333333,0.01666666666666672,3.210599547241772,0.0,0.0,,0.9,3.4582108882449667,0.92,3.2632162139211265,0.9,3.3508182807697766,0.92,3.1591856555829247,50.0,50.0,51.0,50.0,1.5091414362001272,no_changepoint_control,0.0,0,7
Hard-reset ACI,0.9233333333333333,0.023333333333333317,3.7018118986186126,0.0,0.0,,0.9,3.981633724384109,0.92,3.836138909720093,0.96,3.8261052694319893,0.96,3.641529002648346,50.0,50.0,51.0,50.0,1.401113733942419,no_changepoint_control,0.0,0,7
BOCPD-weighted CP,0.8933333333333333,0.00666666666666671,3.6213521420311676,1.0,0.04,,0.8,3.655237724390907,0.92,3.7355747354032753,0.92,3.276451671997884,0.91,3.581374342674147,42.11355245068037,44.051524087398946,42.78616849028545,44.92102898062174,1.1054024752066327,shift1.0_ramp0,1.0,0,8
BOCPD-weighted ACI,0.9166666666666666,0.016666666666666607,4.135843793402348,1.0,0.04,,0.8,4.41223329473042,0.92,4.469309257186984,0.94,4.050314955164948,0.92,4.208433066466861,42.11355245068037,44.051524087398946,42.78616849028545,44.92102898062174,0.9191679484641213,shift1.0_ramp0,1.0,0,8
Hard-reset CP,0.8866666666666667,0.013333333333333308,3.6604995762394683,1.0,0.04,,0.8,3.7288665424621663,0.92,3.7403852778071602,0.92,3.3168955968844664,0.91,3.721146628137081,45.0,49.0,51.0,49.0,1.1071946523214289,shift1.0_ramp0,1.0,0,8
Hard-reset ACI,0.9166666666666666,0.016666666666666607,4.224571287930646,1.0,0.04,,0.8,4.528279805297641,0.92,4.515727861413872,0.94,4.157057386179235,0.93,4.481927378097465,45.0,49.0,51.0,49.0,1.0,shift1.0_ramp0,1.0,0,8
BOCPD-weighted CP,0.8933333333333333,0.00666666666666671,3.5671928836351525,0.0,0.04,,0.9,3.1325774263750246,0.92,3.0771667346073803,0.92,2.9442672740049805,0.91,3.413991839500603,41.29322162155633,41.204763491996665,42.2890071913944,44.49650985609628,0.9983813351057661,shift1.0_ramp10,1.0,10,8
BOCPD-weighted ACI,0.9166666666666666,0.016666666666666607,4.107207149273825,0.0,0.04,,0.9,3.7863545719431015,0.92,4.0595815468625975,0.94,3.8601317166764364,0.92,4.120884245486381,41.29322162155633,41.204763491996665,42.2890071913944,44.49650985609628,0.9091184130919988,shift1.0_ramp10,1.0,10,8
Hard-reset CP,0.8866666666666667,0.013333333333333308,3.600617801644013,0.0,0.04,,0.9,3.625317969432442,0.92,3.3133835701343037,0.92,3.0730552647461598,0.91,3.5667666099384068,45.0,49.0,51.0,45.0,1.6981217611132529,shift1.0_ramp10,1.0,10,8
Hard-reset ACI,0.9166666666666666,0.016666666666666607,4.1892317284077345,0.0,0.04,,0.9,4.13655733475175,0.92,4.046113621303547,0.94,3.973183784702152,0.93,4.371551664460309,45.0,49.0,51.0,45.0,1.1750943145540418,shift1.0_ramp10,1.0,10,8
BOCPD-weighted CP,0.89,0.010000000000000009,3.5388174106242385,0.0,0.04,,0.9,3.1325774263750246,0.88,3.0511202429017725,0.9,2.879821501694084,0.9,3.3356294497619285,41.446845160905625,39.95600338540181,42.184231677281794,43.66294391913658,0.9983813351057661,shift1.0_ramp40,1.0,40,8
BOCPD-weighted ACI,0.9166666666666666,0.016666666666666607,4.108193056152424,0.0,0.04,,0.9,3.786354571943101,0.92,3.961088068820841,0.94,3.86230587991053,0.92,4.120058697659641,41.446845160905625,39.95600338540181,42.184231677281794,43.66294391913658,0.9091184130919988,shift1.0_ramp40,1.0,40,8
Hard-reset CP,0.88,0.020000000000000018,3.580516258705996,0.0,0.04,,0.9,3.385558433730682,0.84,3.0929888790941713,0.88,2.902142854187639,0.89,3.5064619811243545,45.0,49.0,51.0,41.0,1.0,shift1.0_ramp40,1.0,40,8
Hard-reset ACI,0.9166666666666666,0.016666666666666607,4.174025400372647,0.0,0.04,,0.9,3.984100294876744,0.92,3.94711976359761,0.94,3.8627875798466875,0.93,4.32888727147791,45.0,49.0,51.0,41.0,1.0,shift1.0_ramp40,1.0,40,8
BOCPD-weighted CP,0.89,0.010000000000000009,3.702363872072079,5.0,0.04,0.0,0.7,4.439341429225806,0.88,4.292023263876578,0.9,3.71932199925301,0.9,3.809057312519418,40.528421476203654,36.77976115026649,30.760358014189435,42.12553774170092,1.8917187418243444,shift2.0_ramp0,2.0,0,8
BOCPD-weighted ACI,0.92,0.020000000000000018,4.202727340574711,1.0,0.04,0.0,0.8,5.236828053332301,0.92,5.44435363804029,0.94,4.496891159245279,0.92,4.399003678248704,40.528421476203654,36.77976115026649,30.760358014189435,42.12553774170092,1.3959306732133336,shift2.0_ramp0,2.0,0,8
Hard-reset CP,0.8866666666666667,0.013333333333333308,3.8135824316397757,1.0,0.04,0.0,0.8,6.267643048300609,0.92,5.816008986460082,0.92,4.456752143244601,0.91,4.169229757139849,2.0,7.0,12.0,27.0,1.9931799114349205,shift2.0_ramp0,2.0,0,8
Hard-reset ACI,0.9166666666666666,0.016666666666666607,4.3313161960416515,1.0,0.04,0.0,0.8,6.370015881112336,0.92,6.420762275387927,0.94,4.944320000671765,0.93,4.787015752174547,2.0,7.0,12.0,27.0,1.3792735217497143,shift2.0_ramp0,2.0,0,8
BOCPD-weighted CP,0.8966666666666666,0.0033333333333334103,3.653438410851683,0.0,0.04,7.0,0.9,3.206206244446283,0.88,3.5674179831145314,0.92,3.4898056255963956,0.91,3.6404957464695156,41.08560404107841,42.903833906255564,40.45116166604969,44.43397853824552,1.163077712929554,shift2.0_ramp10,2.0,10,8
BOCPD-weighted ACI,0.92,0.020000000000000018,4.171238263949055,0.0,0.04,7.0,0.9,3.9609595635966093,0.92,4.311860751977778,0.94,4.164923462841151,0.93,4.293695711250998,41.08560404107841,42.903833906255564,40.45116166604969,44.43397853824552,1.0120767572210685,shift2.0_ramp10,2.0,10,8
Hard-reset CP,0.8933333333333333,0.00666666666666671,3.8217567312154883,0.0,0.04,7.0,0.9,4.113473923357424,0.92,5.112226032829989,0.94,4.483275334555028,0.93,4.247432433119601,45.0,49.0,4.0,49.0,2.0242386641003587,shift2.0_ramp10,2.0,10,8
Hard-reset ACI,0.9233333333333333,0.023333333333333317,4.323438509279237,0.0,0.04,7.0,0.9,4.497944037641782,0.96,5.677200896970308,0.96,4.895435025210392,0.94,4.791748828556075,45.0,49.0,4.0,49.0,1.4007660698755744,shift2.0_ramp10,2.0,10,8
BOCPD-weighted CP,0.8866666666666667,0.013333333333333308,3.559366180302724,0.0,0.04,,0.9,3.1325774263750246,0.84,3.135156409235334,0.88,3.0661868997446056,0.89,3.398589768890694,41.39593436345764,40.36797429102723,42.38521946002151,43.82155341846765,1.0104832341658363,shift2.0_ramp40,2.0,40,8
BOCPD-weighted ACI,0.9166666666666666,0.016666666666666607,4.1197899231944906,0.0,0.04,,0.9,3.786354571943101,0.92,4.083311438331282,0.94,3.9606612971611987,0.92,4.154849298785842,41.39593436345764,40.36797429102723,42.38521946002151,43.82155341846765,0.93039358794361,shift2.0_ramp40,2.0,40,8
Hard-reset CP,0.8833333333333333,0.01666666666666672,3.6222541754803235,0.0,0.04,,0.9,3.385558433730682,0.84,3.1774284066823153,0.9,3.05628668804541,0.9,3.6307658134191905,45.0,49.0,51.0,41.0,1.0121215197385356,shift2.0_ramp40,2.0,40,8
Hard-reset ACI,0.9166666666666666,0.016666666666666607,4.1927532859865195,0.0,0.04,,0.9,4.049658718652841,0.92,4.053343133108049,0.94,3.9086992646019074,0.93,4.385070928319525,45.0,49.0,51.0,41.0,1.0,shift2.0_ramp40,2.0,40,8
BOCPD-weighted CP,0.8933333333333333,0.00666666666666671,3.9628623507010783,0.0,0.04,0.0,0.9,9.800059035959936,0.92,7.396965544170566,0.92,5.1348596643625255,0.91,4.588011134194854,3.517238303393332,6.458658845146639,11.755204408549234,16.411604225542277,3.054536702555861,shift4.0_ramp0,4.0,0,8
BOCPD-weighted ACI,0.92,0.020000000000000018,4.392131845810121,0.0,0.04,0.0,0.9,9.836873444995565,0.92,7.792575060283083,0.94,5.6147826377806735,0.92,4.970792977385066,3.517238303393332,6.458658845146639,11.755204408549234,16.411604225542277,2.142724046618782,shift4.0_ramp0,4.0,0,8
Hard-reset CP,0.89,0.010000000000000009,3.9279309696459177,0.0,0.04,0.0,0.9,9.800059035959936,0.92,7.0665642430230715,0.92,4.952961884602646,0.92,4.524775928126484,3.0,7.0,12.0,17.0,3.059488989978234,shift4.0_ramp0,4.0,0,8
Hard-reset ACI,0.9166666666666666,0.016666666666666607,4.386361696869411,0.0,0.04,0.0,0.9,9.902431868771663,0.92,7.437748962386483,0.94,5.445933201776833,0.93,4.9593063609040895,3.0,7.0,12.0,17.0,2.117155671573975,shift4.0_ramp0,4.0,0,8
BOCPD-weighted CP,0.89,0.010000000000000009,3.8295073895416607,6.0,0.04,,0.7,4.529163757699128,0.88,5.9942742757115886,0.9,4.623381092907479,0.9,4.193684221541492,40.67328345234567,44.167258027139894,9.896400713427779,25.68551165303569,2.672140158046878,shift4.0_ramp10,4.0,10,8
BOCPD-weighted ACI,0.9166666666666666,0.016666666666666607,4.311342088790086,6.0,0.04,,0.7,4.94660718638635,0.88,6.674982649374715,0.92,5.110704321180373,0.91,4.72691322792644,40.67328345234567,44.167258027139894,9.896400713427779,25.68551165303569,1.8744770582693786,shift4.0_ramp10,4.0,10,8
Hard-reset CP,0.8833333333333333,0.01666666666666672,3.808071555228759,6.0,0.04,,0.7,4.7133566174520904,0.88,6.067951419612774,0.9,4.4893985923546165,0.9,4.162952647076806,45.0,49.0,8.0,23.0,2.6764724700745712,shift4.0_ramp10,4.0,10,8
Hard-reset ACI,0.9133333333333333,0.013333333333333308,4.325055317073364,5.0,0.04,,0.8,5.142619308970074,0.92,6.753387498408205,0.94,5.005167217602525,0.92,4.7792017863252,45.0,49.0,8.0,23.0,1.85210958051864,shift4.0_ramp10,4.0,10,8
BOCPD-weighted CP,0.8766666666666667,0.023333333333333317,3.628271164578288,0.0,0.04,,0.9,3.1325774263750246,0.76,3.4029583963982883,0.88,3.5645212661427537,0.86,3.6218086105022893,41.29322162155633,41.204763491996665,42.2890071913944,43.38326674203908,1.110614002616877,shift4.0_ramp40,4.0,40,8
BOCPD-weighted ACI,0.9166666666666666,0.016666666666666607,4.180206811152192,0.0,0.04,,0.9,3.7863545719431015,0.88,4.380204916373037,0.94,4.359214032631196,0.93,4.352222788270031,41.29322162155633,41.204763491996665,42.2890071913944,43.38326674203908,1.093534401030898,shift4.0_ramp40,4.0,40,8
Hard-reset CP,0.8833333333333333,0.01666666666666672,3.7128572723283835,0.0,0.04,,0.9,3.625317969432442,0.76,3.479922677934312,0.88,3.605852521504509,0.9,3.934586408620435,45.0,49.0,51.0,45.0,1.6981217611132529,shift4.0_ramp40,4.0,40,8
Hard-reset ACI,0.91,0.010000000000000009,4.255532437283274,0.0,0.04,,0.9,4.13655733475175,0.84,4.127166596846099,0.92,4.266759312683677,0.92,4.600323766406015,45.0,49.0,51.0,45.0,1.1750943145540418,shift4.0_ramp40,4.0,40,8
BOCPD-weighted CP,0.8933333333333333,0.00666666666666671,3.5423712167647516,0.0,0.04,,0.9,3.1325774263750246,0.92,3.0215169803054835,0.92,2.8382896966828217,0.91,3.3462908681834693,41.49739675715569,39.63554110232844,42.02167047571469,43.62340771867785,0.9983813351057661,no_changepoint_control,0.0,0,8
BOCPD-weighted ACI,0.9166666666666666,0.016666666666666607,4.079727594648145,0.0,0.04,,0.9,3.786354571943101,0.96,3.848485784118173,0.96,3.698407491749566,0.93,4.03984123878238,41.49739675715569,39.63554110232844,42.02167047571469,43.62340771867785,0.9091184130919988,no_changepoint_control,0.0,0,8
Hard-reset CP,0.8866666666666667,0.013333333333333308,3.5996937905117816,0.0,0.04,,0.9,3.385558433730682,0.92,3.0665964479207104,0.92,2.8506435081514496,0.91,3.5649044945698574,45.0,49.0,51.0,41.0,1.0,no_changepoint_control,0.0,0,8
Hard-reset ACI,0.92,0.020000000000000018,4.160516521888258,0.0,0.04,,0.9,3.933612208085619,0.96,3.854942099554302,0.96,3.721760668938603,0.94,4.288360636024742,45.0,49.0,51.0,41.0,0.8982702217055457,no_changepoint_control,0.0,0,8
BOCPD-weighted CP,0.8633333333333333,0.036666666666666736,3.209849188812819,0.0,0.06,,0.9,3.3798027606551266,0.8,3.584950036408822,0.88,3.6625223506355673,0.88,3.584815135790026,40.20693762749499,42.58838204397171,46.24566712283302,41.02264168706939,1.5374795812139075,shift1.0_ramp0,1.0,0,9
BOCPD-weighted ACI,0.9133333333333333,0.013333333333333308,3.8770967477741016,0.0,0.06,,0.9,3.834833061984759,0.84,3.9919132943550215,0.9,4.105336833636842,0.92,4.131091038349917,40.20693762749499,42.58838204397171,46.24566712283302,41.02264168706939,1.1530415076760665,shift1.0_ramp0,1.0,0,9
Hard-reset CP,0.8566666666666667,0.043333333333333335,3.299192891693654,0.0,0.06,,0.9,3.470711953932785,0.84,3.867669691406967,0.9,3.817433399638148,0.9,3.70345992711512,39.0,43.0,48.0,16.0,2.07212197271707,shift1.0_ramp0,1.0,0,9
Hard-reset ACI,0.91,0.010000000000000009,3.861849284683576,0.0,0.06,,0.9,3.9246229000418373,0.88,4.216403394932018,0.92,4.2425376693377865,0.93,4.188887079930571,39.0,43.0,48.0,16.0,1.2690623936483085,shift1.0_ramp0,1.0,0,9
BOCPD-weighted CP,0.8666666666666667,0.033333333333333326,3.218559968990832,0.0,0.06,,0.9,3.3380125724540513,0.84,3.5322005298387245,0.9,3.6139132015613313,0.89,3.5898427860865194,40.32586110873303,42.767017436129144,46.28465756995626,41.64719840825295,1.4741844722626016,shift1.0_ramp10,1.0,10,9
BOCPD-weighted ACI,0.92,0.020000000000000018,3.8720535799914257,0.0,0.06,,1.0,3.734000655981391,0.92,3.974416442938594,0.94,4.0536868551627565,0.94,4.100318966913019,40.32586110873303,42.767017436129144,46.28465756995626,41.64719840825295,1.1620341725829473,shift1.0_ramp10,1.0,10,9
Hard-reset CP,0.8666666666666667,0.033333333333333326,3.284949528987429,0.0,0.06,,0.9,3.4289217657317095,0.88,3.7182701477383544,0.92,3.7177697761776587,0.91,3.6052435770946873,39.0,43.0,48.0,41.0,1.7944832876755688,shift1.0_ramp10,1.0,10,9
Hard-reset ACI,0.9233333333333333,0.023333333333333317,3.875500196667449,0.0,0.06,,1.0,3.795396327267896,0.92,4.091879978651485,0.94,4.143582719871875,0.94,4.102348080703373,39.0,43.0,48.0,41.0,1.099023747831465,shift1.0_ramp10,1.0,10,9
BOCPD-weighted CP,0.8733333333333333,0.026666666666666727,3.2183214464746976,0.0,0.06,,1.0,3.1208876612880134,0.84,3.3553554397045584,0.9,3.4888464383824713,0.9,3.561575263028965,40.30787366585111,42.74886883507595,46.290165516727235,41.50815609046034,1.4151672093819407,shift1.0_ramp40,1.0,40,9
BOCPD-weighted ACI,0.92,0.020000000000000018,3.8517040603982573,0.0,0.06,,1.0,3.7300881795584786,0.92,3.827991834993542,0.94,3.8537175727635264,0.94,3.9941143255999303,40.30787366585111,42.74886883507595,46.290165516727235,41.50815609046034,1.1369467673863218,shift1.0_ramp40,1.0,40,9
Hard-reset CP,0.88,0.020000000000000018,3.3710815683062556,0.0,0.06,,1.0,3.2580548822527504,0.84,3.4802267839322165,0.9,3.570969002370942,0.91,3.5805777596224986,39.0,43.0,48.0,16.0,1.92068268996716,shift1.0_ramp40,1.0,40,9
Hard-reset ACI,0.9266666666666666,0.026666666666666616,3.9218369612864374,0.0,0.06,,1.0,3.795396327267896,0.92,3.896478535039329,0.94,3.9241008572617453,0.94,3.995967128844906,39.0,43.0,48.0,16.0,1.1763140413845756,shift1.0_ramp40,1.0,40,9
BOCPD-weighted CP,0.8633333333333333,0.036666666666666736,3.289223270329324,16.0,0.06,,0.8,3.7850513011498235,0.8,4.0136594099651175,0.88,4.072991379350142,0.88,3.788936032415913,37.882433727484496,30.66960251216108,40.19473136827863,38.151780710835276,1.655911611562493,shift2.0_ramp0,2.0,0,9
BOCPD-weighted ACI,0.91,0.010000000000000009,3.9306665708847617,12.0,0.06,,0.8,4.153304255093354,0.84,4.626606730210486,0.9,4.523753050201413,0.91,4.264643970847057,37.882433727484496,30.66960251216108,40.19473136827863,38.151780710835276,1.4220749188820105,shift2.0_ramp0,2.0,0,9
Hard-reset CP,0.8533333333333334,0.046666666666666634,3.348618179215874,16.0,0.06,,0.8,3.774456143120119,0.8,3.99909799605546,0.88,4.083444468724102,0.87,3.757165601944261,39.0,11.0,48.0,31.0,1.655911611562493,shift2.0_ramp0,2.0,0,9
Hard-reset ACI,0.9133333333333333,0.013333333333333308,3.941153341076209,4.0,0.06,,0.8,4.484584208146991,0.88,4.766651677063088,0.92,4.631958902433683,0.91,4.267578926021586,39.0,11.0,48.0,31.0,1.250784082135312,shift2.0_ramp0,2.0,0,9
BOCPD-weighted CP,0.8666666666666667,0.033333333333333326,3.2343112260709064,0.0,0.06,,0.9,3.3798027606551266,0.84,3.6475268575307247,0.9,3.771144502729539,0.89,3.636815507434775,40.33245713016273,42.61747719553592,46.12549170856847,39.95224730411576,1.5168446026340674,shift2.0_ramp10,2.0,10,9
BOCPD-weighted ACI,0.92,0.020000000000000018,3.887515113711777,0.0,0.06,,0.9,3.9103627169950825,0.92,4.182887510846738,0.94,4.18577845072055,0.94,4.146833098392539,40.33245713016273,42.61747719553592,46.12549170856847,39.95224730411576,1.1760250605464735,shift2.0_ramp10,2.0,10,9
Hard-reset CP,0.8633333333333333,0.036666666666666736,3.296640319003597,0.0,0.06,,0.9,3.470711953932785,0.88,3.877896511361056,0.92,3.858194899359285,0.9,3.6599318666208736,39.0,43.0,48.0,41.0,2.148383930195588,shift2.0_ramp10,2.0,10,9
Hard-reset ACI,0.92,0.020000000000000018,3.873836176581719,0.0,0.06,,0.9,4.0253291067222685,0.92,4.360089501019071,0.94,4.273510478800646,0.93,4.107025468574072,39.0,43.0,48.0,41.0,1.3157687089986008,shift2.0_ramp10,2.0,10,9
BOCPD-weighted CP,0.8733333333333333,0.026666666666666727,3.2068790794468742,0.0,0.06,,1.0,3.165295851584312,0.88,3.3694273580796743,0.9,3.534947819798846,0.91,3.577941209178438,40.314342144569494,42.75803043620501,46.3050760851214,41.42936913367349,1.4151672093819407,shift2.0_ramp40,2.0,40,9
BOCPD-weighted ACI,0.92,0.020000000000000018,3.840249000371896,0.0,0.06,,1.0,3.7300881795584786,0.92,3.8159050566510184,0.94,3.843194406558965,0.94,4.042201057763244,40.314342144569494,42.75803043620501,46.3050760851214,41.42936913367349,1.1369467673863218,shift2.0_ramp40,2.0,40,9
Hard-reset CP,0.8666666666666667,0.033333333333333326,3.2941528528523434,0.0,0.06,,1.0,3.2580548822527495,0.88,3.527083500988699,0.88,3.621782901458465,0.91,3.6339832977810205,39.0,43.0,48.0,16.0,1.7692434072172505,shift2.0_ramp40,2.0,40,9
Hard-reset ACI,0.92,0.020000000000000018,3.850080749062002,0.0,0.06,,1.0,3.795396327267896,0.92,3.9573858324733853,0.94,3.9303607315071463,0.94,4.076559697793285,39.0,43.0,48.0,16.0,1.0835656891208432,shift2.0_ramp40,2.0,40,9
BOCPD-weighted CP,0.8733333333333333,0.026666666666666727,3.5861349672567426,4.0,0.06,,0.6,6.952254287641905,0.84,7.09576585088016,0.88,5.483802877187676,0.89,4.567494549411416,7.399395625987204,9.784080895056,15.239900730273638,30.5818841249806,3.0518724087130065,shift4.0_ramp0,4.0,0,9
BOCPD-weighted ACI,0.9133333333333333,0.013333333333333308,4.179577345958312,4.0,0.06,,0.6,7.156642756800345,0.84,7.322723849319832,0.9,5.72556099976366,0.92,4.904544857539355,7.399395625987204,9.784080895056,15.239900730273638,30.5818841249806,2.1250745141264025,shift4.0_ramp0,4.0,0,9
Hard-reset CP,0.87,0.030000000000000027,3.7213474596947123,4.0,0.06,,0.6,6.789523220264027,0.84,7.033885677440695,0.88,5.260490155193688,0.89,4.472076074771561,7.0,11.0,16.0,31.0,2.773012634379079,shift4.0_ramp0,4.0,0,9
Hard-reset ACI,0.92,0.020000000000000018,4.258053538337232,4.0,0.06,,0.6,7.156642756800345,0.84,7.293261504356728,0.9,5.517446238082648,0.92,4.824337439576885,7.0,11.0,16.0,31.0,1.869106430560197,shift4.0_ramp0,4.0,0,9
BOCPD-weighted CP,0.8766666666666667,0.023333333333333317,3.452429095098915,10.0,0.06,,0.7,3.412498162751124,0.84,5.095828695320656,0.9,4.650380809299496,0.9,4.161468987408029,40.28073314865263,39.967894598508096,21.94272045053855,27.902474870068076,3.1074993876116834,shift4.0_ramp10,4.0,10,9
BOCPD-weighted ACI,0.9133333333333333,0.013333333333333308,4.092787330038482,10.0,0.06,,0.8,3.9678459118586757,0.88,5.9480766515649535,0.92,5.241225637322374,0.92,4.631540364214499,40.28073314865263,39.967894598508096,21.94272045053855,27.902474870068076,2.163808595806205,shift4.0_ramp10,4.0,10,9
Hard-reset CP,0.87,0.030000000000000027,3.5829060086092674,10.0,0.06,,0.7,3.482449383201522,0.84,5.331615176168664,0.88,4.555246111945251,0.89,4.115042336016465,39.0,43.0,7.0,22.0,3.1074993876116834,shift4.0_ramp10,4.0,10,9
Hard-reset ACI,0.9233333333333333,0.023333333333333317,4.154155291052578,10.0,0.06,,0.8,4.0253291067222685,0.88,6.0516137480376395,0.92,5.063958707584935,0.93,4.560089271116497,39.0,43.0,7.0,22.0,1.9031749400022413,shift4.0_ramp10,4.0,10,9
BOCPD-weighted CP,0.8633333333333333,0.036666666666666736,3.3042847475361814,0.0,0.06,,0.9,3.3380125724540513,0.76,3.5787951197734147,0.84,3.8468434355495797,0.88,3.8811822163767635,40.32586110873303,42.767017436129144,46.28465756995626,39.92424937841218,1.5559361924155937,shift4.0_ramp40,4.0,40,9
BOCPD-weighted ACI,0.91,0.010000000000000009,3.900980771146977,0.0,0.06,,1.0,3.734000655981391,0.84,3.909698490855768,0.88,4.189019166546171,0.91,4.2718305354872435,40.32586110873303,42.767017436129144,46.28465756995626,39.92424937841218,1.1369467673863218,shift4.0_ramp40,4.0,40,9
Hard-reset CP,0.8533333333333334,0.046666666666666634,3.377305948872857,0.0,0.06,,0.9,3.4289217657317095,0.76,3.773758763130973,0.84,3.999543732168478,0.88,3.9383025156770346,39.0,43.0,48.0,16.0,1.7445458428624951,shift4.0_ramp40,4.0,40,9
Hard-reset ACI,0.9166666666666666,0.016666666666666607,3.8943264890095772,0.0,0.06,,1.0,3.795396327267896,0.88,4.08174652155921,0.9,4.296234256545191,0.92,4.272658010310158,39.0,43.0,48.0,16.0,1.068439769628647,shift4.0_ramp40,4.0,40,9
BOCPD-weighted CP,0.8666666666666667,0.033333333333333326,3.195071877956755,0.0,0.06,,1.0,3.1208876612880134,0.84,3.430510757153505,0.9,3.577991812714741,0.89,3.5404832032218327,40.300969555674996,42.74053621125537,46.228576703945535,40.52573470414172,1.6327975543898365,no_changepoint_control,0.0,0,9
BOCPD-weighted ACI,0.9166666666666666,0.016666666666666607,3.872651038616128,0.0,0.06,,1.0,3.734000655981391,0.88,3.942429959848583,0.92,4.070865738025481,0.93,4.120995541500776,40.300969555674996,42.74053621125537,46.228576703945535,40.52573470414172,1.1530415076760665,no_changepoint_control,0.0,0,9
Hard-reset CP,0.86,0.040000000000000036,3.2541948534999405,0.0,0.06,,1.0,3.2580548822527504,0.88,3.4921358835854885,0.92,3.601568927313134,0.91,3.577115637179649,39.0,43.0,48.0,41.0,2.07212197271707,no_changepoint_control,0.0,0,9
Hard-reset ACI,0.91,0.010000000000000009,3.839919175844825,0.0,0.06,,1.0,3.795396327267896,0.88,4.004620581472075,0.92,4.113589721859233,0.93,4.157079059539479,39.0,43.0,48.0,41.0,1.2690623936483085,no_changepoint_control,0.0,0,9
BOCPD-weighted CP,0.8733333333333333,0.026666666666666727,3.217621130593024,6.0,0.0,,0.8,3.0120373510815397,0.84,3.213851511995206,0.88,3.280657090362663,0.88,3.6778201282771676,42.663554332723436,43.52771203358559,41.164515855259665,42.623703945251336,1.159459415181787,shift1.0_ramp0,1.0,0,10
BOCPD-weighted ACI,0.92,0.020000000000000018,3.5477978654153555,0.0,0.0,,1.0,3.5652432478866816,0.92,3.636785137836705,0.96,3.6793066561718706,0.93,4.168417351545236,42.663554332723436,43.52771203358559,41.164515855259665,42.623703945251336,1.3087031009781538,shift1.0_ramp0,1.0,0,10
Hard-reset CP,0.88,0.020000000000000018,3.269916242619998,6.0,0.0,,0.8,3.05830786166813,0.84,3.324416875392125,0.88,3.347057581399601,0.88,3.775075106086456,47.0,51.0,29.0,41.0,1.1948847806118565,shift1.0_ramp0,1.0,0,10
Hard-reset ACI,0.9166666666666666,0.016666666666666607,3.6019394101005315,0.0,0.0,,1.0,3.5441031267716054,0.92,3.7737578732434685,0.96,3.766453083133604,0.94,4.228926408228777,47.0,51.0,29.0,41.0,1.3087031009781538,shift1.0_ramp0,1.0,0,10
BOCPD-weighted CP,0.8666666666666667,0.033333333333333326,3.201348610180595,0.0,0.0,,0.9,2.8428480735490647,0.76,2.9447566958284694,0.84,3.157747682327327,0.86,3.6217348428045564,43.524189735144226,44.132178132705924,41.96359130610834,42.237672260304684,1.1948847806118565,shift1.0_ramp10,1.0,10,10
BOCPD-weighted ACI,0.9166666666666666,0.016666666666666607,3.547822262723339,0.0,0.0,,1.0,3.5652432478866816,0.88,3.6000470367429926,0.94,3.6747224965511283,0.93,4.165055540731531,43.524189735144226,44.132178132705924,41.96359130610834,42.237672260304684,1.2828875398383102,shift1.0_ramp10,1.0,10,10
Hard-reset CP,0.8766666666666667,0.023333333333333317,3.2235084039792796,0.0,0.0,,1.0,2.902835452285811,0.84,3.2170076033266817,0.88,3.2903106595114178,0.87,3.6474032723821797,47.0,51.0,40.0,41.0,1.7134316373519811,shift1.0_ramp10,1.0,10,10
Hard-reset ACI,0.9133333333333333,0.013333333333333308,3.572582423239702,0.0,0.0,,1.0,3.4653526906726384,0.92,3.723071064448407,0.96,3.756739126647919,0.93,4.1322361870828335,47.0,51.0,40.0,41.0,1.649762777488527,shift1.0_ramp10,1.0,10,10
BOCPD-weighted CP,0.8733333333333333,0.026666666666666727,3.2145487672527278,0.0,0.0,,0.9,2.9251767547338887,0.84,3.080568016501454,0.86,3.2244966539502298,0.88,3.6660698146571753,43.49784441157312,44.06521504893966,41.92338161757082,42.842821178248265,1.1948847806118565,shift1.0_ramp40,1.0,40,10
BOCPD-weighted ACI,0.9166666666666666,0.016666666666666607,3.5264346362534926,0.0,0.0,,1.0,3.5652432478866816,0.88,3.5900528983612405,0.94,3.621672510502262,0.93,4.106484585056485,43.49784441157312,44.06521504893966,41.92338161757082,42.842821178248265,1.280842967950311,shift1.0_ramp40,1.0,40,10
Hard-reset CP,0.8766666666666667,0.023333333333333317,3.238732821757904,0.0,0.0,,0.9,2.941032703794512,0.84,3.21763885806801,0.86,3.3058275622432545,0.87,3.699960990760171,47.0,51.0,40.0,41.0,1.223968915370748,shift1.0_ramp40,1.0,40,10
Hard-reset ACI,0.92,0.020000000000000018,3.565365091159165,0.0,0.0,,1.0,3.5029518770236097,0.96,3.7254739500947034,0.98,3.6895945275174147,0.95,4.111405105098518,47.0,51.0,40.0,41.0,1.280842967950311,shift1.0_ramp40,1.0,40,10
BOCPD-weighted CP,0.88,0.020000000000000018,3.327010649557691,6.0,0.0,,0.7,3.858208640991343,0.84,4.160437332129609,0.92,3.9737314966713524,0.9,4.015349479821626,23.671090495443384,17.68099539642042,26.423226427683424,36.76742370134408,1.6464020016422647,shift2.0_ramp0,2.0,0,10
BOCPD-weighted ACI,0.9166666666666666,0.016666666666666607,3.7049449079112198,0.0,0.0,,0.9,4.974016096759714,0.92,4.910579761939466,0.96,4.632091886404382,0.93,4.646258667846083,23.671090495443384,17.68099539642042,26.423226427683424,36.76742370134408,1.7187385257440673,shift2.0_ramp0,2.0,0,10
Hard-reset CP,0.89,0.010000000000000009,3.426844658017011,1.0,0.0,,0.8,4.576992003922615,0.88,4.541483376057726,0.94,4.179739617219224,0.91,4.247335388462919,6.0,10.0,15.0,30.0,1.7850693484724758,shift2.0_ramp0,2.0,0,10
Hard-reset ACI,0.92,0.020000000000000018,3.7864186686058354,0.0,0.0,,0.9,4.974016096759714,0.96,5.019832277165908,0.98,4.723395676319484,0.95,4.785115580243695,6.0,10.0,15.0,30.0,1.7187385257440673,shift2.0_ramp0,2.0,0,10
BOCPD-weighted CP,0.8766666666666667,0.023333333333333317,3.2587973461626145,8.0,0.0,,0.8,2.9925600559755,0.8,3.3905817919633403,0.9,3.499886009237104,0.89,3.7940810507506124,43.54009558286564,44.15956125953069,40.55171263932411,38.618231183103845,1.3055858261086188,shift2.0_ramp10,2.0,10,10
BOCPD-weighted ACI,0.9166666666666666,0.016666666666666607,3.598412197844434,0.0,0.0,,0.9,3.5923356664829695,0.88,4.071764843666456,0.94,4.003695243775102,0.92,4.3168195226964245,43.54009558286564,44.15956125953069,40.55171263932411,38.618231183103845,2.0585091622027187,shift2.0_ramp10,2.0,10,10
Hard-reset CP,0.88,0.020000000000000018,3.291432404438589,8.0,0.0,,0.8,3.0068339314621557,0.8,3.947336026991037,0.9,3.7886607684881914,0.88,3.8506652269266657,47.0,51.0,29.0,30.0,2.13795266351352,shift2.0_ramp10,2.0,10,10
Hard-reset ACI,0.91,0.010000000000000009,3.6273252345712166,0.0,0.0,,0.9,3.5663620226587573,0.88,4.274469977514052,0.94,4.1071106469827585,0.92,4.296464621077376,47.0,51.0,29.0,30.0,2.0585091622027187,shift2.0_ramp10,2.0,10,10
BOCPD-weighted CP,0.8733333333333333,0.026666666666666727,3.2099564065736925,0.0,0.0,,0.9,2.9169731925935607,0.8,3.078799513556342,0.86,3.2671777790515004,0.88,3.6961676579847857,43.50794570538709,44.07216430034835,41.9982802602803,42.496071233578164,1.2024384999776376,shift2.0_ramp40,2.0,40,10
BOCPD-weighted ACI,0.9033333333333333,0.0033333333333332993,3.5324490342679717,0.0,0.0,,1.0,3.5652432478866816,0.92,3.680170910163345,0.94,3.7400746640861953,0.92,4.181346326233848,43.50794570538709,44.07216430034835,41.9982802602803,42.496071233578164,1.3075656504213595,shift2.0_ramp40,2.0,40,10
Hard-reset CP,0.87,0.030000000000000027,3.2442263822939656,0.0,0.0,,0.9,2.941032703794512,0.84,3.1975026153140482,0.88,3.3165986549752153,0.89,3.720572214499431,47.0,51.0,40.0,41.0,1.2024384999776376,shift2.0_ramp40,2.0,40,10
Hard-reset ACI,0.9,0.0,3.56288860780595,0.0,0.0,,1.0,3.474951877023609,0.92,3.7229486102140315,0.94,3.781036894597203,0.92,4.154384201193526,47.0,51.0,40.0,41.0,1.3075656504213595,shift2.0_ramp40,2.0,40,10
BOCPD-weighted CP,0.8766666666666667,0.023333333333333317,3.596869432136211,1.0,0.0,,0.8,8.057654204464363,0.92,7.418528839216284,0.9,5.465170019165133,0.89,4.787101680456385,4.641233109033752,8.189198928413875,13.589693488570616,20.837974114936497,3.0362892150538534,shift4.0_ramp0,4.0,0,10
BOCPD-weighted ACI,0.9066666666666666,0.006666666666666599,3.883420061157449,1.0,0.0,,0.8,8.314636799828843,0.92,7.88519279041295,0.92,5.764474741029055,0.9,5.153874283841957,4.641233109033752,8.189198928413875,13.589693488570616,20.837974114936497,2.9234647122701056,shift4.0_ramp0,4.0,0,10
Hard-reset CP,0.8833333333333333,0.01666666666666672,3.5785716453242338,1.0,0.0,,0.8,7.862178301424367,0.88,7.084205122595385,0.88,5.164773210285355,0.88,4.6338835187728,5.0,9.0,14.0,14.0,3.0362892150538534,shift4.0_ramp0,4.0,0,10
Hard-reset ACI,0.9033333333333333,0.0033333333333332993,3.868456995597071,1.0,0.0,,0.8,8.314636799828843,0.88,7.547216129932601,0.9,5.4445592330082535,0.89,4.97225374401165,5.0,9.0,14.0,14.0,2.9234647122701056,shift4.0_ramp0,4.0,0,10
BOCPD-weighted CP,0.87,0.030000000000000027,3.460857457407717,8.0,0.0,,0.8,3.4555244041368645,0.88,5.210804573809229,0.9,4.779614564450626,0.88,4.4089207289617764,43.496667890449366,37.80507528763476,14.91950008616399,26.94764149395503,2.9869947158365977,shift4.0_ramp10,4.0,10,10
BOCPD-weighted ACI,0.9066666666666666,0.006666666666666599,3.8068540974184937,8.0,0.0,,0.8,4.121129435290078,0.88,6.044966266860332,0.92,5.277791506866645,0.91,4.926894604024686,43.496667890449366,37.80507528763476,14.91950008616399,26.94764149395503,2.8760019316311016,shift4.0_ramp10,4.0,10,10
Hard-reset CP,0.8766666666666667,0.023333333333333317,3.4434972032059425,8.0,0.0,,0.8,3.4607993596320084,0.88,5.284759227047501,0.92,4.692667483589691,0.89,4.314229884576342,47.0,51.0,7.0,22.0,2.9869947158365977,shift4.0_ramp10,4.0,10,10
Hard-reset ACI,0.9033333333333333,0.0033333333333332993,3.8008591431382714,8.0,0.0,,0.8,4.24163844969379,0.88,6.212040056653734,0.92,5.268537463610212,0.91,4.830708718148569,47.0,51.0,7.0,22.0,2.8760019316311016,shift4.0_ramp10,4.0,10,10
BOCPD-weighted CP,0.87,0.030000000000000027,3.29995740134841,0.0,0.0,,0.9,2.8428480735490647,0.76,3.247419343426411,0.84,3.5491081482333118,0.87,3.925500973827267,43.524189735144226,44.132178132705924,41.96359130610834,39.373584171724495,1.4705570428165045,shift4.0_ramp40,4.0,40,10
BOCPD-weighted ACI,0.9133333333333333,0.013333333333333308,3.6530125823049895,0.0,0.0,,1.0,3.5652432478866816,0.88,3.9093662320722666,0.92,4.2198417286623995,0.92,4.485117358636472,43.524189735144226,44.132178132705924,41.96359130610834,39.373584171724495,1.5657212618197964,shift4.0_ramp40,4.0,40,10
Hard-reset CP,0.88,0.020000000000000018,3.3415609911382567,0.0,0.0,,1.0,2.902835452285811,0.84,3.476853372006019,0.86,3.657686940251119,0.88,4.008445498901228,47.0,51.0,40.0,41.0,1.7804612730616975,shift4.0_ramp40,4.0,40,10
Hard-reset ACI,0.9166666666666666,0.016666666666666607,3.713112937231051,0.0,0.0,,1.0,3.4653526906726384,0.92,3.9791216023271843,0.94,4.213718895964818,0.94,4.5546486433141755,47.0,51.0,40.0,41.0,1.714301680338136,shift4.0_ramp40,4.0,40,10
BOCPD-weighted CP,0.8733333333333333,0.026666666666666727,3.210448945265605,0.0,0.0,,0.9,2.9251767547338887,0.84,3.117152426879542,0.88,3.2217683143261993,0.88,3.6486992212714555,43.48645047329572,44.00298857037451,41.900809864986655,43.038155773403076,1.1374213281883956,no_changepoint_control,0.0,0,10
BOCPD-weighted ACI,0.9233333333333333,0.023333333333333317,3.5362094853108914,0.0,0.0,,1.0,3.5652432478866816,0.92,3.5920509769675935,0.96,3.6241526590576165,0.94,4.130211385095796,43.48645047329572,44.00298857037451,41.900809864986655,43.038155773403076,1.2410163927743354,no_changepoint_control,0.0,0,10
Hard-reset CP,0.88,0.020000000000000018,3.2402321006338046,0.0,0.0,,0.9,2.941032703794512,0.84,3.1766390053938163,0.88,3.2533506033772768,0.88,3.6970643155123137,47.0,51.0,40.0,41.0,1.1948847806118565,no_changepoint_control,0.0,0,10
Hard-reset ACI,0.9166666666666666,0.016666666666666607,3.5722859073869144,0.0,0.0,,1.0,3.5309518770236097,0.92,3.682347669564157,0.96,3.691127465232473,0.94,4.138702231135105,47.0,51.0,40.0,41.0,1.280842967950311,no_changepoint_control,0.0,0,10
BOCPD-weighted CP,0.87,0.030000000000000027,3.149600226525771,0.0,0.0,,0.9,3.602716499338432,0.84,3.6933231808309572,0.88,3.615857659988939,0.86,3.3482880605570067,37.619945452968935,41.133302298455796,41.29216010614102,47.74173666392573,1.238603229072112,shift1.0_ramp0,1.0,0,11
BOCPD-weighted ACI,0.9166666666666666,0.016666666666666607,3.6367935048045457,0.0,0.0,,1.0,3.902118483787727,0.92,3.925280621184852,0.92,4.077665167641627,0.91,3.9212094392487917,37.619945452968935,41.133302298455796,41.29216010614102,47.74173666392573,1.1438929910584397,shift1.0_ramp0,1.0,0,11
Hard-reset CP,0.87,0.030000000000000027,3.13142638562804,0.0,0.0,,1.0,3.687738804038588,0.88,3.7263208255329396,0.9,3.6338376055284995,0.87,3.339800589513043,30.0,34.0,39.0,51.0,1.238603229072112,shift1.0_ramp0,1.0,0,11
Hard-reset ACI,0.9333333333333333,0.033333333333333326,3.684253524637523,0.0,0.0,,1.0,3.9189895787092652,0.92,3.9329297883361733,0.92,4.1522639707241735,0.93,3.949228026716063,30.0,34.0,39.0,51.0,1.1745084938182577,shift1.0_ramp0,1.0,0,11
BOCPD-weighted CP,0.87,0.030000000000000027,3.154383271415642,0.0,0.0,,0.9,3.4851119428713213,0.84,3.7199483345752706,0.88,3.6679597004575384,0.86,3.355617234313668,38.3309019172606,36.300022390040446,40.12179016235753,47.081840672241405,1.267364061808141,shift1.0_ramp10,1.0,10,11
BOCPD-weighted ACI,0.9133333333333333,0.013333333333333308,3.670004953760227,0.0,0.0,,1.0,3.8512649979246953,0.88,4.204638709019413,0.9,4.278491189114514,0.9,4.012604408018491,38.3309019172606,36.300022390040446,40.12179016235753,47.081840672241405,1.567098093175372,shift1.0_ramp10,1.0,10,11
Hard-reset CP,0.87,0.030000000000000027,3.102580221276026,13.0,0.0,,0.8,2.9516070721545087,0.8,3.500447785127791,0.86,3.5010329738718426,0.86,3.2546050275379748,30.0,11.0,39.0,51.0,1.2565834327286205,shift1.0_ramp10,1.0,10,11
Hard-reset ACI,0.9266666666666666,0.026666666666666616,3.640174298483767,13.0,0.0,,0.8,3.1019365040145543,0.8,3.75025491622545,0.88,4.034772922277961,0.9,3.8242948907428764,30.0,11.0,39.0,51.0,1.3161008006270407,shift1.0_ramp10,1.0,10,11
BOCPD-weighted CP,0.8733333333333333,0.026666666666666727,3.125492955478347,0.0,0.0,,1.0,3.402098290860759,0.88,3.572161117508551,0.9,3.485108955296016,0.87,3.2759573292750432,38.17020187396074,39.55697839031508,41.51574637097906,47.482486968847205,1.238603229072112,shift1.0_ramp40,1.0,40,11
BOCPD-weighted ACI,0.9166666666666666,0.016666666666666607,3.6132242229697074,0.0,0.0,,1.0,3.885247388866189,0.92,3.9448110216801524,0.92,3.9843359607187123,0.91,3.8505015937442755,38.17020187396074,39.55697839031508,41.51574637097906,47.482486968847205,1.3497059781061345,shift1.0_ramp40,1.0,40,11
Hard-reset CP,0.8666666666666667,0.033333333333333326,3.092027689508665,13.0,0.0,,0.8,3.1356400051255284,0.84,3.4914043560675454,0.88,3.453829353060257,0.86,3.2216045011549177,30.0,34.0,39.0,51.0,1.238603229072112,shift1.0_ramp40,1.0,40,11
Hard-reset ACI,0.9333333333333333,0.033333333333333326,3.624927747269803,13.0,0.0,,0.8,3.371627063766554,0.84,3.7139847823590886,0.92,3.948336327830633,0.93,3.7705423581521553,30.0,34.0,39.0,51.0,1.1745084938182577,shift1.0_ramp40,1.0,40,11
BOCPD-weighted CP,0.8666666666666667,0.033333333333333326,3.2137852535920697,13.0,0.0,,0.8,3.868136092846234,0.8,4.098035965095417,0.86,4.026437506298618,0.85,3.5408431417559036,33.20899189050301,35.41629582809458,38.30428637753343,47.337683239013245,1.3936229113172303,shift2.0_ramp0,2.0,0,11
BOCPD-weighted ACI,0.9066666666666666,0.006666666666666599,3.680101532114655,13.0,0.0,,0.8,4.030568662001778,0.8,4.354088335820768,0.86,4.359101139035505,0.88,4.051133521179119,33.20899189050301,35.41629582809458,38.30428637753343,47.337683239013245,1.4349513602248447,shift2.0_ramp0,2.0,0,11
Hard-reset CP,0.8633333333333333,0.036666666666666736,3.1765422606934948,13.0,0.0,,0.8,3.8235482672553536,0.8,3.9682795496640852,0.86,3.8953187312186914,0.85,3.4751482147094066,30.0,34.0,39.0,51.0,1.3936229113172303,shift2.0_ramp0,2.0,0,11
Hard-reset ACI,0.92,0.020000000000000018,3.7172660181582335,13.0,0.0,,0.8,4.030568662001778,0.8,4.308757823181704,0.86,4.350338931848436,0.89,4.0482655072781935,30.0,34.0,39.0,51.0,1.3733188603832263,shift2.0_ramp0,2.0,0,11
BOCPD-weighted CP,0.8733333333333333,0.026666666666666727,3.2972511153084247,0.0,0.0,,0.9,3.587075555144054,0.84,4.488704824829368,0.88,4.373832462055513,0.87,3.782918685056105,38.491868913988554,36.99110212356207,38.152565425284806,37.85700320409606,1.8967722538229357,shift2.0_ramp10,2.0,10,11
BOCPD-weighted ACI,0.91,0.010000000000000009,3.8050505766578917,0.0,0.0,,0.9,3.8862473407106313,0.84,5.004880572885307,0.88,5.031638635244212,0.89,4.409059604116645,38.491868913988554,36.99110212356207,38.152565425284806,37.85700320409606,1.8941481777928086,shift2.0_ramp10,2.0,10,11
Hard-reset CP,0.8766666666666667,0.023333333333333317,3.286519021235489,0.0,0.0,,0.9,3.097386183295352,0.84,4.651088492461257,0.88,4.453548527247732,0.88,3.8025567775844085,30.0,11.0,39.0,20.0,2.098601308897557,shift2.0_ramp10,2.0,10,11
Hard-reset ACI,0.92,0.020000000000000018,3.806788659192396,0.0,0.0,,0.9,3.311413547470438,0.88,4.931483536874598,0.9,4.800192269847906,0.89,4.302141703293762,30.0,11.0,39.0,20.0,1.9448437404179995,shift2.0_ramp10,2.0,10,11
BOCPD-weighted CP,0.8733333333333333,0.026666666666666727,3.1585302492829657,0.0,0.0,,1.0,3.402098290860759,0.88,3.6077092111961564,0.9,3.632081951755986,0.87,3.375069210688901,38.22763409161493,38.811453076925154,40.908291333317,46.97361512178043,1.238603229072112,shift2.0_ramp40,2.0,40,11
BOCPD-weighted ACI,0.9166666666666666,0.016666666666666607,3.58819867580507,0.0,0.0,,1.0,3.8512649979246953,0.92,3.9901463830903436,0.96,3.930497140537997,0.91,3.786816001302835,38.22763409161493,38.811453076925154,40.908291333317,46.97361512178043,1.459363947654334,shift2.0_ramp40,2.0,40,11
Hard-reset CP,0.8633333333333333,0.036666666666666736,3.1089259136463543,13.0,0.0,,0.8,2.812864739513769,0.8,3.3883711997230113,0.86,3.501371234690923,0.85,3.2827158210552705,30.0,11.0,39.0,51.0,1.238603229072112,shift2.0_ramp40,2.0,40,11
Hard-reset ACI,0.9233333333333333,0.023333333333333317,3.572283969121582,13.0,0.0,,0.8,3.101740034732022,0.84,3.606029970745275,0.92,3.7879800738823746,0.9,3.6896777868140247,30.0,11.0,39.0,51.0,1.1745084938182577,shift2.0_ramp40,2.0,40,11
BOCPD-weighted CP,0.8766666666666667,0.023333333333333317,3.4319849112862677,1.0,0.0,,0.8,7.23718527974373,0.92,7.1285171979607345,0.92,5.3264261149231595,0.88,4.183655166234958,9.354248120746202,7.544343832558334,12.588360347561595,19.658253543401155,2.587251907475635,shift4.0_ramp0,4.0,0,11
BOCPD-weighted ACI,0.9166666666666666,0.016666666666666607,3.924746565618225,1.0,0.0,,0.8,7.510895013284534,0.92,7.481264443457958,0.92,5.725693660932823,0.91,4.760114650505441,9.354248120746202,7.544343832558334,12.588360347561595,19.658253543401155,2.3351927139559248,shift4.0_ramp0,4.0,0,11
Hard-reset CP,0.88,0.020000000000000018,3.3303295691570325,1.0,0.0,,0.8,7.186853655296463,0.92,6.9806000050930415,0.92,5.010366675410157,0.88,3.9204767658825386,3.0,7.0,12.0,13.0,2.587251907475635,shift4.0_ramp0,4.0,0,11
Hard-reset ACI,0.93,0.030000000000000027,3.901147192017221,1.0,0.0,,0.8,7.2575483505648934,0.92,7.351285916662407,0.92,5.586190119134573,0.91,4.567944437773182,3.0,7.0,12.0,13.0,2.3976925277826293,shift4.0_ramp0,4.0,0,11
BOCPD-weighted CP,0.87,0.030000000000000027,3.3078821046290536,11.0,0.0,,0.8,3.7700910250647945,0.84,6.379258550313827,0.88,4.574540187828953,0.86,3.8112936238938078,38.63796489130137,41.94945570514182,6.165355825625336,7.788145022742205,2.823304627993731,shift4.0_ramp10,4.0,10,11
BOCPD-weighted ACI,0.91,0.010000000000000009,3.797112579353298,11.0,0.0,,0.8,4.216250921496123,0.84,6.69894396555392,0.88,4.967382237192343,0.89,4.371113748836637,38.63796489130137,41.94945570514182,6.165355825625336,7.788145022742205,2.548248347027682,shift4.0_ramp10,4.0,10,11
Hard-reset CP,0.8766666666666667,0.023333333333333317,3.2777801268462707,0.0,0.0,,0.9,4.343242319696043,0.88,6.322670993635492,0.88,4.4558814984054225,0.87,3.763563401810188,30.0,34.0,6.0,8.0,2.823304627993731,shift4.0_ramp10,4.0,10,11
Hard-reset ACI,0.9233333333333333,0.023333333333333317,3.801186406550384,0.0,0.0,,0.9,4.534887005118047,0.88,6.437062567973977,0.9,4.793496761071157,0.89,4.268062081372673,30.0,34.0,6.0,8.0,2.616450447146278,shift4.0_ramp10,4.0,10,11
BOCPD-weighted CP,0.88,0.020000000000000018,3.2545640037596453,0.0,0.0,,0.9,3.4851119428713213,0.8,3.81694841088838,0.88,4.028120694015078,0.88,3.6601273342481084,38.3309019172606,36.300022390040446,40.12179016235753,43.53818813761131,1.4201505269741659,shift4.0_ramp40,4.0,40,11
BOCPD-weighted ACI,0.9166666666666666,0.016666666666666607,3.744512960774717,0.0,0.0,,1.0,3.8512649979246953,0.84,4.4006122624545565,0.9,4.505782017234472,0.91,4.210290077923522,38.3309019172606,36.300022390040446,40.12179016235753,43.53818813761131,1.6786798867507329,shift4.0_ramp40,4.0,40,11
Hard-reset CP,0.8733333333333333,0.026666666666666727,3.217882155377882,17.0,0.0,,0.8,2.9516070721545087,0.76,3.8113539741270954,0.84,3.997244343333073,0.86,3.5453183739480134,30.0,11.0,39.0,51.0,1.8598755096658761,shift4.0_ramp40,4.0,40,11
Hard-reset ACI,0.92,0.020000000000000018,3.699324804766176,17.0,0.0,,0.8,3.1019365040145543,0.76,4.082000095244571,0.86,4.455701300580944,0.89,4.052114316926499,30.0,11.0,39.0,51.0,1.9474321608194765,shift4.0_ramp40,4.0,40,11
BOCPD-weighted CP,0.8766666666666667,0.023333333333333317,3.1239045822267895,0.0,0.0,,1.0,3.402098290860759,0.92,3.556876580475694,0.92,3.429168106184483,0.88,3.2641811667471097,38.10886496091968,39.97346687949141,41.980445603989885,47.70774062245654,1.238603229072112,no_changepoint_control,0.0,0,11
BOCPD-weighted ACI,0.9166666666666666,0.016666666666666607,3.627763879577432,0.0,0.0,,1.0,3.885247388866189,0.92,3.9162827038933647,0.92,3.9947735172195142,0.91,3.885881185470108,38.10886496091968,39.97346687949141,41.980445603989885,47.70774062245654,1.1438929910584397,no_changepoint_control,0.0,0,11
Hard-reset CP,0.8733333333333333,0.026666666666666727,3.1050852260828377,13.0,0.0,,0.8,3.1356400051255284,0.84,3.483762087551117,0.88,3.4252895294173817,0.87,3.268697216666545,30.0,34.0,39.0,51.0,1.238603229072112,no_changepoint_control,0.0,0,11
Hard-reset ACI,0.9333333333333333,0.033333333333333326,3.63602561720157,0.0,0.0,,0.9,3.3932937304332205,0.88,3.722651449025755,0.92,3.9772117472043003,0.92,3.8636878467060547,30.0,34.0,39.0,51.0,1.1745084938182577,no_changepoint_control,0.0,0,11
BOCPD-weighted CP,0.8833333333333333,0.01666666666666672,3.478654044866379,0.0,0.0,,0.9,3.282658552096555,0.88,3.2721060904831933,0.88,3.401773867811522,0.89,3.4066895097414385,45.0967400209115,44.50494162041691,45.97700982259117,45.97448542880953,0.9478159097353533,shift1.0_ramp0,1.0,0,12
BOCPD-weighted ACI,0.93,0.030000000000000027,3.9335238772473318,0.0,0.0,,1.0,3.9711925303003546,0.96,3.8915753480835575,0.94,3.938813329893532,0.95,3.9218882179213015,45.0967400209115,44.50494162041691,45.97700982259117,45.97448542880953,1.0,shift1.0_ramp0,1.0,0,12
Hard-reset CP,0.8766666666666667,0.023333333333333317,3.500760847353988,0.0,0.0,,0.9,3.391044113353876,0.88,3.3494923283254145,0.88,3.4185735949195033,0.88,3.4518278500312793,51.0,44.0,49.0,51.0,0.9478159097353533,shift1.0_ramp0,1.0,0,12
Hard-reset ACI,0.9233333333333333,0.023333333333333317,3.935636369313386,0.0,0.0,,1.0,3.981485577597765,0.96,3.9731829278264956,0.94,3.9410856542259136,0.93,3.9298440798008403,51.0,44.0,49.0,51.0,1.0,shift1.0_ramp0,1.0,0,12
BOCPD-weighted CP,0.8833333333333333,0.01666666666666672,3.5415930712485237,1.0,0.0,,0.8,3.720174867157273,0.88,3.7213765276929176,0.88,3.73085515864831,0.89,3.5789722709149974,45.14376377207374,44.95720697459737,46.35934239474747,43.59998914021712,1.0,shift1.0_ramp10,1.0,10,12
BOCPD-weighted ACI,0.9333333333333333,0.033333333333333326,3.9597519155477032,0.0,0.0,,1.0,3.999619145693466,0.96,3.997820626260779,0.94,4.087853595171055,0.95,3.982156701311193,45.14376377207374,44.95720697459737,46.35934239474747,43.59998914021712,1.0,shift1.0_ramp10,1.0,10,12
Hard-reset CP,0.8833333333333333,0.01666666666666672,3.6063358635874114,0.0,0.0,,0.9,3.7925842566664754,0.84,3.7115274217719136,0.86,3.714834340896161,0.87,3.608251935801663,51.0,44.0,49.0,51.0,1.0,shift1.0_ramp10,1.0,10,12
Hard-reset ACI,0.9266666666666666,0.026666666666666616,4.014300806537484,0.0,0.0,,0.9,3.9917786248951748,0.92,4.024689706562377,0.92,4.105615158051932,0.92,4.002920219260343,51.0,44.0,49.0,51.0,1.0,shift1.0_ramp10,1.0,10,12
BOCPD-weighted CP,0.88,0.020000000000000018,3.484853884401285,0.0,0.0,,0.9,3.63335221309811,0.88,3.467392036119709,0.86,3.437178950924922,0.88,3.417646067367422,45.145492269154246,44.70765786696815,45.554006634743274,44.90051883709388,1.0,shift1.0_ramp40,1.0,40,12
BOCPD-weighted ACI,0.9333333333333333,0.033333333333333326,3.9496646394593338,0.0,0.0,,1.0,3.9988016368604264,0.96,3.997493622727563,0.96,4.040628559229078,0.96,3.9617013326703114,45.145492269154246,44.70765786696815,45.554006634743274,44.90051883709388,1.0,shift1.0_ramp40,1.0,40,12
Hard-reset CP,0.88,0.020000000000000018,3.5348594506777036,0.0,0.0,,0.9,3.7765403782577103,0.88,3.576314002842182,0.86,3.4939793860394777,0.89,3.5603525794158712,51.0,44.0,49.0,51.0,1.0,shift1.0_ramp40,1.0,40,12
Hard-reset ACI,0.9233333333333333,0.023333333333333317,3.9833195335230585,0.0,0.0,,0.9,3.9917786248951748,0.92,4.025016710095592,0.94,4.011091664644969,0.93,4.073524361137389,51.0,44.0,49.0,51.0,1.0,shift1.0_ramp40,1.0,40,12
BOCPD-weighted CP,0.88,0.020000000000000018,3.5508839627959894,8.0,0.0,,0.8,3.6699821861016964,0.84,3.8515108736854504,0.88,3.895566680213974,0.88,3.5986361460647793,45.20984623327831,44.79373463625074,44.44775496599114,40.683722675347525,1.1441113768460416,shift2.0_ramp0,2.0,0,12
BOCPD-weighted ACI,0.93,0.030000000000000027,4.032803228220766,8.0,0.0,,0.8,4.199234937193258,0.88,4.480246395239457,0.92,4.586229317167399,0.94,4.193215030230938,45.20984623327831,44.79373463625074,44.44775496599114,40.683722675347525,1.1899673768164736,shift2.0_ramp0,2.0,0,12
Hard-reset CP,0.8833333333333333,0.01666666666666672,3.6450716778848378,8.0,0.0,,0.8,3.744451371836172,0.84,4.060705974568895,0.88,4.128411994499207,0.87,3.709332362382087,51.0,44.0,49.0,26.0,1.2213804236032948,shift2.0_ramp0,2.0,0,12
Hard-reset ACI,0.9233333333333333,0.023333333333333317,4.076380686038154,8.0,0.0,,0.8,4.178648842598436,0.88,4.594720430722112,0.92,4.674256212175214,0.91,4.180988161556502,51.0,44.0,49.0,26.0,1.2743807559530107,shift2.0_ramp0,2.0,0,12
BOCPD-weighted CP,0.8866666666666667,0.013333333333333308,3.655071402709931,11.0,0.0,,0.8,3.759678366213902,0.84,4.342276288503029,0.9,4.383500527558518,0.9,3.9145268703363127,45.13680444062359,45.15282903131567,44.65679574461409,35.32390305082254,1.8000787924493604,shift2.0_ramp10,2.0,10,12
BOCPD-weighted ACI,0.93,0.030000000000000027,4.083205241339013,0.0,0.0,,0.9,4.072997349579671,0.88,5.0160003692820485,0.92,4.873055140339673,0.94,4.350708885419666,45.13680444062359,45.15282903131567,44.65679574461409,35.32390305082254,1.7537820300038354,shift2.0_ramp10,2.0,10,12
Hard-reset CP,0.8866666666666667,0.013333333333333308,3.7207598292569157,11.0,0.0,,0.8,3.8115353335952165,0.84,4.672701339985287,0.9,4.574250994368344,0.88,3.964901098416706,51.0,44.0,49.0,29.0,1.8000787924493604,shift2.0_ramp10,2.0,10,12
Hard-reset ACI,0.92,0.020000000000000018,4.130354868115888,11.0,0.0,,0.8,4.0627043022822615,0.84,5.197595716840865,0.9,4.963852814119082,0.9,4.35147147105872,51.0,44.0,49.0,29.0,1.6110269897449732,shift2.0_ramp10,2.0,10,12
BOCPD-weighted CP,0.8866666666666667,0.013333333333333308,3.5148252410826117,0.0,0.0,,0.9,3.63335221309811,0.88,3.499392036119709,0.9,3.5968118091445094,0.9,3.500919184880355,45.1452143692361,44.8079216704927,46.03223861514086,44.61298421983019,1.0,shift2.0_ramp40,2.0,40,12
BOCPD-weighted ACI,0.93,0.030000000000000027,3.9656629024808225,0.0,0.0,,1.0,3.9988016368604264,0.96,3.997493622727563,0.94,4.183708451128168,0.95,4.010209684522331,45.1452143692361,44.8079216704927,46.03223861514086,44.61298421983019,1.0,shift2.0_ramp40,2.0,40,12
Hard-reset CP,0.8866666666666667,0.013333333333333308,3.580972660123847,0.0,0.0,,0.9,3.7925842566664754,0.88,3.634962890960082,0.88,3.6705905733421678,0.91,3.700580884424251,51.0,44.0,49.0,51.0,1.0,shift2.0_ramp40,2.0,40,12
Hard-reset ACI,0.9233333333333333,0.023333333333333317,4.011308091384544,0.0,0.0,,0.9,3.9917786248951748,0.92,4.025016710095592,0.92,4.139392021615814,0.93,4.161139627648826,51.0,44.0,49.0,51.0,1.0,shift2.0_ramp40,2.0,40,12
BOCPD-weighted CP,0.88,0.020000000000000018,3.711563049268844,2.0,0.0,,0.7,6.5723575729739805,0.84,6.1363081155778945,0.86,4.817227378983659,0.88,4.1012012388387085,27.89417719538852,6.527036571065991,11.296838279132142,13.320650693472722,1.9802343951109063,shift4.0_ramp0,4.0,0,12
BOCPD-weighted ACI,0.9166666666666666,0.016666666666666607,4.155892934186482,2.0,0.0,,0.7,6.866369981568771,0.84,6.584045593887591,0.88,5.347324521170649,0.92,4.602988747516711,27.89417719538852,6.527036571065991,11.296838279132142,13.320650693472722,1.9293041570782914,shift4.0_ramp0,4.0,0,12
Hard-reset CP,0.8733333333333333,0.026666666666666727,3.669381118850685,2.0,0.0,,0.7,6.770911526844951,0.84,5.887157416963123,0.84,4.664027338688541,0.88,4.059525007280675,3.0,7.0,12.0,14.0,1.9802343951109063,shift4.0_ramp0,4.0,0,12
Hard-reset ACI,0.9133333333333333,0.013333333333333308,4.116943657148654,2.0,0.0,,0.7,6.85607693427136,0.84,6.14915357508637,0.88,5.084266748891269,0.91,4.472342723385421,3.0,7.0,12.0,14.0,1.7722618976050892,shift4.0_ramp0,4.0,0,12
BOCPD-weighted CP,0.8866666666666667,0.013333333333333308,3.8344869211765187,11.0,0.0,,0.7,4.47611959135612,0.8,6.401302946165535,0.88,5.413414246505138,0.9,4.442057119073256,45.10169344134902,44.9529468250741,8.881156914739691,16.46411598715822,2.4497945128857217,shift4.0_ramp10,4.0,10,12
BOCPD-weighted ACI,0.9266666666666666,0.026666666666666616,4.249081369050129,11.0,0.0,,0.8,4.658920455699051,0.84,6.949971187203139,0.9,5.8416375317648885,0.93,4.844568747547266,45.10169344134902,44.9529468250741,8.881156914739691,16.46411598715822,2.386787518370168,shift4.0_ramp10,4.0,10,12
Hard-reset CP,0.8766666666666667,0.023333333333333317,3.759525187185453,11.0,0.0,,0.7,4.460075712947355,0.72,5.842929043795014,0.8,4.807772326451274,0.86,4.178810600764798,51.0,44.0,7.0,8.0,2.4497945128857217,shift4.0_ramp10,4.0,10,12
Hard-reset ACI,0.9066666666666666,0.006666666666666599,4.204557611630199,11.0,0.0,,0.7,4.648627408401641,0.72,6.28310311612442,0.82,5.306452361548266,0.87,4.63961255533702,51.0,44.0,7.0,8.0,2.192506848112908,shift4.0_ramp10,4.0,10,12
BOCPD-weighted CP,0.8866666666666667,0.013333333333333308,3.5675436800848743,1.0,0.0,,0.8,3.720174867157273,0.84,3.8061074060300597,0.88,3.9742548290735997,0.9,3.668098745873789,45.14376377207374,44.95720697459737,46.35934239474747,41.64939849841307,1.024301603815399,shift4.0_ramp40,4.0,40,12
BOCPD-weighted ACI,0.9233333333333333,0.023333333333333317,4.0549663834242775,0.0,0.0,,1.0,3.999619145693466,0.92,4.19291726356336,0.92,4.685016995486999,0.93,4.291096131415051,45.14376377207374,44.95720697459737,46.35934239474747,41.64939849841307,1.133597896846955,shift4.0_ramp40,4.0,40,12
Hard-reset CP,0.8866666666666667,0.013333333333333308,3.689864556317851,0.0,0.0,,0.9,3.7925842566664754,0.84,3.893066008996625,0.9,4.215728247074704,0.91,4.019138976922869,51.0,44.0,49.0,33.0,1.5265142785814192,shift4.0_ramp40,4.0,40,12
Hard-reset ACI,0.9233333333333333,0.023333333333333317,4.098909142348025,0.0,0.0,,0.9,3.9917786248951748,0.88,4.125712380270665,0.92,4.680148677802055,0.93,4.41966239890476,51.0,44.0,49.0,33.0,1.3661933651690008,shift4.0_ramp40,4.0,40,12
BOCPD-weighted CP,0.8833333333333333,0.01666666666666672,3.4956146987804444,0.0,0.0,,0.9,3.63335221309811,0.88,3.4205224803356002,0.88,3.462811928649285,0.89,3.448065550391095,45.14549176601799,44.5978570578433,44.63339874183506,44.73237514970084,1.0,no_changepoint_control,0.0,0,12
BOCPD-weighted ACI,0.93,0.030000000000000027,3.9541774100591027,0.0,0.0,,1.0,3.9988016368604264,0.96,3.9974936227275633,0.94,4.027403715980645,0.95,3.9768472515378845,45.14549176601799,44.5978570578433,44.63339874183506,44.73237514970084,1.0,no_changepoint_control,0.0,0,12
Hard-reset CP,0.8766666666666667,0.023333333333333317,3.524068302311686,0.0,0.0,,0.9,3.7765403782577103,0.88,3.552246536094087,0.88,3.5330408124191304,0.88,3.5298678109877644,51.0,44.0,49.0,51.0,1.0,no_changepoint_control,0.0,0,12
Hard-reset ACI,0.92,0.020000000000000018,3.957551759353993,0.0,0.0,,0.9,3.9917786248951748,0.92,4.025016710095592,0.92,4.017471910437215,0.92,3.9983612294474495,51.0,44.0,49.0,51.0,1.0,no_changepoint_control,0.0,0,12
BOCPD-weighted CP,0.8966666666666666,0.0033333333333334103,3.838747276166821,1.0,0.06,,0.8,3.399741917430937,0.88,3.2833641208792814,0.9,3.6472189242949615,0.88,4.033618280848428,41.986860900916824,41.5080205792201,44.354375772152466,41.91693202548577,1.3155388250833997,shift1.0_ramp0,1.0,0,13
BOCPD-weighted ACI,0.92,0.020000000000000018,4.534248010419782,1.0,0.06,,0.8,4.445613981998656,0.88,4.37705544302238,0.92,4.763200042744116,0.9,4.931146166361451,41.986860900916824,41.5080205792201,44.354375772152466,41.91693202548577,1.3431245758221644,shift1.0_ramp0,1.0,0,13
Hard-reset CP,0.9,0.0,4.111416834181801,1.0,0.06,,0.8,3.8009670543146408,0.88,3.6273557565527854,0.9,3.8053089528223256,0.89,4.315203278132042,35.0,39.0,44.0,47.0,0.9218439256650376,shift1.0_ramp0,1.0,0,13
Hard-reset ACI,0.9266666666666666,0.026666666666666616,4.692093428224746,1.0,0.06,,0.8,4.63760145725888,0.88,4.7499976750689115,0.92,4.976222917505643,0.91,5.0791313675087855,35.0,39.0,44.0,47.0,1.254997348465225,shift1.0_ramp0,1.0,0,13
BOCPD-weighted CP,0.89,0.010000000000000009,3.813507980984653,7.0,0.06,,0.8,3.1579433025130887,0.8,3.209407244389692,0.84,3.511808609788743,0.85,3.952010550271004,44.61741553958677,42.190419794577274,43.96940640981861,43.17542426802729,1.1256796866941954,shift1.0_ramp10,1.0,10,13
BOCPD-weighted ACI,0.9233333333333333,0.023333333333333317,4.466691301050265,0.0,0.06,,0.9,3.9611304305141593,0.92,3.9440640333606245,0.92,4.332626318224324,0.91,4.715517298978541,44.61741553958677,42.190419794577274,43.96940640981861,43.17542426802729,1.292044710040089,shift1.0_ramp10,1.0,10,13
Hard-reset CP,0.89,0.010000000000000009,4.013701151110441,0.0,0.06,,0.9,3.2437571921926853,0.84,3.2475374457145483,0.86,3.405355205929678,0.86,3.970502418519618,35.0,39.0,44.0,47.0,0.7778544646045291,shift1.0_ramp10,1.0,10,13
Hard-reset ACI,0.93,0.030000000000000027,4.601542202967984,0.0,0.06,,0.9,3.9611304305141593,0.92,3.9308823442798517,0.92,4.245350396729779,0.91,4.696292628144612,35.0,39.0,44.0,47.0,1.0,shift1.0_ramp10,1.0,10,13
BOCPD-weighted CP,0.89,0.010000000000000009,3.802688798378937,3.0,0.06,,0.7,3.2295368138376666,0.8,3.251990836942494,0.84,3.48592187624709,0.86,3.949424617813685,44.591161725533716,42.26152547261136,43.855372523612786,44.540079092149,1.143536286280284,shift1.0_ramp40,1.0,40,13
BOCPD-weighted ACI,0.92,0.020000000000000018,4.460977026537011,0.0,0.06,,0.9,3.96113043051416,0.92,3.8772558594378586,0.9,4.28933732793885,0.9,4.721237489202364,44.591161725533716,42.26152547261136,43.855372523612786,44.540079092149,1.100495213357305,shift1.0_ramp40,1.0,40,13
Hard-reset CP,0.8833333333333333,0.01666666666666672,4.01997959012414,3.0,0.06,,0.8,3.3236011720669856,0.84,3.307632376092126,0.88,3.6238613538795463,0.87,4.063551773303766,35.0,39.0,44.0,47.0,0.8013157492468577,shift1.0_ramp40,1.0,40,13
Hard-reset ACI,0.9233333333333333,0.023333333333333317,4.606667794249637,0.0,0.06,,0.9,3.96113043051416,0.92,3.9392716535912013,0.92,4.288075964784108,0.91,4.7718529599549075,35.0,39.0,44.0,47.0,1.0,shift1.0_ramp40,1.0,40,13
BOCPD-weighted CP,0.8966666666666666,0.0033333333333334103,4.001758484622436,2.0,0.06,,0.7,5.135765887388331,0.84,4.640471270558698,0.88,4.622126481347338,0.87,4.525721752330185,22.335739366980725,37.78106110768527,37.297594825887465,33.82612650007985,2.435106986194097,shift2.0_ramp0,2.0,0,13
BOCPD-weighted ACI,0.92,0.020000000000000018,4.6294817668156165,1.0,0.06,,0.8,6.115411202650175,0.88,5.704700363093771,0.92,5.455996764302097,0.9,5.198227880182444,22.335739366980725,37.78106110768527,37.297594825887465,33.82612650007985,1.826187066177827,shift2.0_ramp0,2.0,0,13
Hard-reset CP,0.9033333333333333,0.0033333333333332993,4.356513908139421,1.0,0.06,,0.8,6.167676725616665,0.88,5.398752553545466,0.92,5.258109169918862,0.89,4.996602485694968,3.0,39.0,12.0,26.0,1.7063643738718348,shift2.0_ramp0,2.0,0,13
Hard-reset ACI,0.9266666666666666,0.026666666666666616,4.8213876865094205,1.0,0.06,,0.8,6.366045228346492,0.92,6.171424638061826,0.94,5.770540865162018,0.9,5.387458269903908,3.0,39.0,12.0,26.0,1.7063643738718348,shift2.0_ramp0,2.0,0,13
BOCPD-weighted CP,0.8933333333333333,0.00666666666666671,3.8994188081823222,11.0,0.06,,0.8,3.1579433025130887,0.8,3.5953482757018316,0.86,3.9601116935780407,0.86,4.239089462024737,44.64174920266904,41.98208227271931,43.99018599257704,34.78275357492054,1.5868381050075147,shift2.0_ramp10,2.0,10,13
BOCPD-weighted ACI,0.9233333333333333,0.023333333333333317,4.545029325910808,0.0,0.06,,0.9,3.9611304305141593,0.88,4.369921210750158,0.94,4.805974792611493,0.91,4.9468956326942495,44.64174920266904,41.98208227271931,43.99018599257704,34.78275357492054,1.3969856872281599,shift2.0_ramp10,2.0,10,13
Hard-reset CP,0.9,0.0,4.205925639429197,0.0,0.06,,0.9,3.2437571921926853,0.84,3.8508041181137274,0.9,4.28400936665532,0.88,4.549932194193261,35.0,39.0,44.0,21.0,1.3053244389054675,shift2.0_ramp10,2.0,10,13
Hard-reset ACI,0.9366666666666666,0.036666666666666625,4.717675031051018,0.0,0.06,,0.9,3.9611304305141593,0.92,4.673686470605723,0.96,5.0227263667085165,0.93,5.1211732481996295,35.0,39.0,44.0,21.0,1.4459106777883046,shift2.0_ramp10,2.0,10,13
BOCPD-weighted CP,0.89,0.010000000000000009,3.801653349859824,3.0,0.06,,0.7,3.200536813837666,0.8,3.2638828189260063,0.84,3.503306205828957,0.86,3.9628309657510443,44.600682930669045,42.258965389277314,43.86772805534062,43.2007035576175,1.270984918210044,shift2.0_ramp40,2.0,40,13
BOCPD-weighted ACI,0.9233333333333333,0.023333333333333317,4.504312868283126,0.0,0.06,,0.9,3.96113043051416,0.92,3.942163877454347,0.92,4.533747738480193,0.91,4.85867891061923,44.600682930669045,42.258965389277314,43.86772805534062,43.2007035576175,1.1643450455848998,shift2.0_ramp40,2.0,40,13
Hard-reset CP,0.8833333333333333,0.01666666666666672,4.054908625779254,3.0,0.06,,0.8,3.255934505400319,0.84,3.3681411368973313,0.88,3.8424383977544427,0.87,4.163244365640148,35.0,39.0,44.0,47.0,1.4580551023639308,shift2.0_ramp40,2.0,40,13
Hard-reset ACI,0.9266666666666666,0.026666666666666616,4.669803457247065,0.0,0.06,,0.9,3.96113043051416,0.92,4.089026222324081,0.94,4.708088752743788,0.92,4.955577113084527,35.0,39.0,44.0,47.0,1.4580551023639308,shift2.0_ramp40,2.0,40,13
BOCPD-weighted CP,0.9066666666666666,0.006666666666666599,4.2985846535387,0.0,0.06,0.0,0.9,10.100772227234334,0.92,8.15710314561493,0.92,6.236080777497154,0.9,5.407043831906199,2.418704617791889,6.547630532141028,11.571364569334898,18.46187233534907,3.797343531655175,shift4.0_ramp0,4.0,0,13
BOCPD-weighted ACI,0.92,0.020000000000000018,4.850102477436335,0.0,0.06,0.0,0.9,10.42157640777933,0.92,8.5954652038252,0.92,6.667408268905487,0.9,5.8604294054751,2.418704617791889,6.547630532141028,11.571364569334898,18.46187233534907,2.847784381819341,shift4.0_ramp0,4.0,0,13
Hard-reset CP,0.9033333333333333,0.0033333333333332993,4.543546159358811,0.0,0.06,0.0,0.9,10.35966420087689,0.92,8.192865015947763,0.92,6.277374741327954,0.9,5.569885715600759,3.0,7.0,12.0,19.0,2.6609310204872316,shift4.0_ramp0,4.0,0,13
Hard-reset ACI,0.9333333333333333,0.033333333333333326,4.974592279282477,0.0,0.06,0.0,0.9,10.42157640777933,0.92,8.513871577220923,0.94,6.589403419053424,0.92,5.852584547646861,3.0,7.0,12.0,19.0,2.660931020487232,shift4.0_ramp0,4.0,0,13
BOCPD-weighted CP,0.9,0.0,4.157253329013681,7.0,0.06,6.0,0.7,4.215638411430729,0.88,6.163609911013997,0.94,5.673857049536784,0.9,5.076768118729714,44.65389653993233,42.293998913788585,5.9935876293275445,20.851301297268332,2.744538751268613,shift4.0_ramp10,4.0,10,13
BOCPD-weighted ACI,0.93,0.030000000000000027,4.716345465143132,0.0,0.06,6.0,0.9,5.121691408884022,0.96,6.764146114636453,0.98,6.130040369471643,0.93,5.538439458616372,44.65389653993233,42.293998913788585,5.9935876293275445,20.851301297268332,2.058242696771224,shift4.0_ramp10,4.0,10,13
Hard-reset CP,0.8933333333333333,0.00666666666666671,4.319767483271093,0.0,0.06,6.0,0.9,4.688305960566946,0.92,6.3735212380787845,0.94,5.534891126550642,0.9,5.117036960363012,35.0,39.0,6.0,21.0,1.923194001096003,shift4.0_ramp10,4.0,10,13
Hard-reset ACI,0.9266666666666666,0.026666666666666616,4.811804286125146,0.0,0.06,6.0,0.9,5.121691408884022,0.92,6.6907341785831616,0.94,6.1264237889637805,0.93,5.612547571299071,35.0,39.0,6.0,21.0,1.9231940010960034,shift4.0_ramp10,4.0,10,13
BOCPD-weighted CP,0.8966666666666666,0.0033333333333334103,3.9071935230335337,19.0,0.06,,0.8,3.1579433025130887,0.76,3.395517921464133,0.84,3.9381588348998715,0.87,4.269233969686522,44.61741553958677,42.190419794577274,43.96940640981861,33.46980485567285,1.5434322273022596,shift4.0_ramp40,4.0,40,13
BOCPD-weighted ACI,0.92,0.020000000000000018,4.59342206945511,0.0,0.06,,0.9,3.9611304305141593,0.88,4.192066594762789,0.9,4.962057295509493,0.9,5.1318200341999205,44.61741553958677,42.190419794577274,43.96940640981861,33.46980485567285,1.7647607208591043,shift4.0_ramp40,4.0,40,13
Hard-reset CP,0.8966666666666666,0.0033333333333334103,4.195164731043459,0.0,0.06,,0.9,3.2437571921926853,0.8,3.636363551957262,0.86,4.539897801891047,0.88,4.550984652686809,35.0,39.0,44.0,9.0,1.6489684316870101,shift4.0_ramp40,4.0,40,13
Hard-reset ACI,0.93,0.030000000000000027,4.789709784147339,0.0,0.06,,0.9,3.9611304305141593,0.88,4.29060252456106,0.92,5.39878473164492,0.92,5.329150661655842,35.0,39.0,44.0,9.0,1.6489684316870101,shift4.0_ramp40,4.0,40,13
BOCPD-weighted CP,0.8933333333333333,0.00666666666666671,3.8123116343599213,3.0,0.06,,0.7,3.2585368138376665,0.84,3.2309817094471676,0.86,3.5004073394679587,0.86,3.9433269957678476,44.58086275438237,42.24156356601462,43.87361385772371,44.84286517419377,1.1764570027955934,no_changepoint_control,0.0,0,13
BOCPD-weighted ACI,0.9233333333333333,0.023333333333333317,4.427304400036941,0.0,0.06,,0.9,3.921691408884022,0.92,3.845238631096878,0.92,4.101427388585873,0.91,4.598475614568927,44.58086275438237,42.24156356601462,43.87361385772371,44.84286517419377,1.0366453811297103,no_changepoint_control,0.0,0,13
Hard-reset CP,0.8966666666666666,0.0033333333333334103,4.038365547689309,3.0,0.06,,0.8,3.391267838733653,0.88,3.3393409117412474,0.88,3.469171357823991,0.88,4.0276067950954415,35.0,39.0,44.0,47.0,0.8243844432067298,no_changepoint_control,0.0,0,13
Hard-reset ACI,0.93,0.030000000000000027,4.577893156312969,0.0,0.06,,0.9,3.921691408884022,0.92,3.891635885649647,0.92,4.03911520688635,0.91,4.6253454881795655,35.0,39.0,44.0,47.0,0.9686273544806059,no_changepoint_control,0.0,0,13
BOCPD-weighted CP,0.8933333333333333,0.00666666666666671,3.4296552283451796,5.0,0.0,,0.7,3.408454676980803,0.84,3.4495669833993117,0.88,3.402948545822607,0.89,3.3913991470090035,45.772962304784286,43.88212368816639,43.26796055889579,47.51082467386613,1.1741103874527639,shift1.0_ramp0,1.0,0,14
BOCPD-weighted ACI,0.93,0.030000000000000027,3.8849224121486774,1.0,0.0,,0.8,3.896704383294388,0.92,4.078270631524576,0.94,3.909512577953004,0.94,3.810787835968765,45.772962304784286,43.88212368816639,43.26796055889579,47.51082467386613,1.246686666888108,shift1.0_ramp0,1.0,0,14
Hard-reset CP,0.8933333333333333,0.00666666666666671,3.4249785016051417,5.0,0.0,,0.7,3.336167466665819,0.84,3.415603406539322,0.86,3.3065187575199224,0.88,3.3090398941080377,50.0,50.0,38.0,51.0,1.3085286724451568,shift1.0_ramp0,1.0,0,14
Hard-reset ACI,0.93,0.030000000000000027,3.907406087497077,5.0,0.0,,0.7,3.7726528215124127,0.88,4.031517680822307,0.92,3.8878388765853664,0.93,3.7969929805271896,50.0,50.0,38.0,51.0,1.246686666888108,shift1.0_ramp0,1.0,0,14
BOCPD-weighted CP,0.8933333333333333,0.00666666666666671,3.4028155479422493,5.0,0.0,,0.8,3.1779524137368655,0.88,3.250796411113356,0.88,3.243060782978371,0.89,3.3113877078117935,45.72632532293343,45.69233977642455,45.46164668256123,47.02286049130143,1.105460645861203,shift1.0_ramp10,1.0,10,14
BOCPD-weighted ACI,0.9333333333333333,0.033333333333333326,3.853388317786026,5.0,0.0,,0.8,3.576521843874036,0.92,3.7156979572460274,0.94,3.723090303502961,0.95,3.7220142103256104,45.72632532293343,45.69233977642455,45.46164668256123,47.02286049130143,1.1210870337422338,shift1.0_ramp10,1.0,10,14
Hard-reset CP,0.8966666666666666,0.0033333333333334103,3.406512603144619,5.0,0.0,,0.8,3.074390637554644,0.88,3.148369250765646,0.9,3.186538894912244,0.89,3.2648237746191637,50.0,50.0,47.0,51.0,1.1796647836173164,shift1.0_ramp10,1.0,10,14
Hard-reset ACI,0.9366666666666666,0.036666666666666625,3.865851412466788,5.0,0.0,,0.8,3.576521843874036,0.92,3.7156979572460274,0.94,3.750947226027055,0.95,3.741961437410873,50.0,50.0,47.0,51.0,1.1210870337422338,shift1.0_ramp10,1.0,10,14
BOCPD-weighted CP,0.8966666666666666,0.0033333333333334103,3.377463963200318,5.0,0.0,,0.8,3.130968930512773,0.88,3.202743139844568,0.9,3.167173743776485,0.9,3.2353329535859996,45.70053281133356,45.83145639159606,46.06546675859113,46.761232704408464,1.0516806570173904,shift1.0_ramp40,1.0,40,14
BOCPD-weighted ACI,0.9333333333333333,0.033333333333333326,3.778969951540454,0.0,0.0,,1.0,3.3918238848662474,0.96,3.336344999565108,0.96,3.3312704622615414,0.95,3.498759111588894,45.70053281133356,45.83145639159606,46.06546675859113,46.761232704408464,1.0113300707090898,shift1.0_ramp40,1.0,40,14
Hard-reset CP,0.8966666666666666,0.0033333333333334103,3.390194610867155,5.0,0.0,,0.8,3.0601829046372346,0.88,3.146588572583227,0.9,3.1423045409045214,0.89,3.2169036719763384,50.0,50.0,47.0,51.0,1.1720825474926486,shift1.0_ramp40,1.0,40,14
Hard-reset ACI,0.94,0.039999999999999925,3.774027676447324,0.0,0.0,,1.0,3.4210232981826367,0.96,3.3480247648916643,0.96,3.353401564017537,0.95,3.50744584925647,50.0,50.0,47.0,51.0,1.0113300707090898,shift1.0_ramp40,1.0,40,14
BOCPD-weighted CP,0.8833333333333333,0.01666666666666672,3.4798746264903806,4.0,0.0,,0.5,4.789011294885876,0.76,4.544034674804041,0.82,3.667690265563118,0.86,3.530681843461122,43.22402281767895,10.457999437513426,19.240927298011712,23.550261493336677,1.9376048811389648,shift2.0_ramp0,2.0,0,14
BOCPD-weighted ACI,0.9166666666666666,0.016666666666666607,3.926777745851221,4.0,0.0,,0.7,5.189915917051186,0.84,4.979545031914339,0.88,4.175858507322479,0.91,3.9472492434227378,43.22402281767895,10.457999437513426,19.240927298011712,23.550261493336677,1.772616771827245,shift2.0_ramp0,2.0,0,14
Hard-reset CP,0.8866666666666667,0.013333333333333308,3.4378414447174137,3.0,0.0,,0.6,5.064656358962549,0.76,4.107284508872498,0.82,3.34624196094908,0.87,3.37872320586186,51.0,8.0,13.0,19.0,2.1594320005469068,shift2.0_ramp0,2.0,0,14
Hard-reset ACI,0.9233333333333333,0.023333333333333317,3.866222153743303,3.0,0.0,,0.7,5.200431148857629,0.84,4.420674448125592,0.88,3.8299813979239175,0.91,3.80482948127776,51.0,8.0,13.0,19.0,1.772616771827245,shift2.0_ramp0,2.0,0,14
BOCPD-weighted CP,0.8966666666666666,0.0033333333333334103,3.452742389586969,7.0,0.0,,0.8,3.207151827053255,0.84,3.5206724932176257,0.9,3.556649158011197,0.9,3.4800497359152187,45.69700322697504,45.183238659221914,42.94606121808541,46.027320271457896,1.3576404570874603,shift2.0_ramp10,2.0,10,14
BOCPD-weighted ACI,0.9333333333333333,0.033333333333333326,3.9208034906026628,5.0,0.0,,0.8,3.857955050285618,0.92,4.1312098631094925,0.94,4.114150804646112,0.95,3.9287856907447996,45.69700322697504,45.183238659221914,42.94606121808541,46.027320271457896,1.333030442516876,shift2.0_ramp10,2.0,10,14
Hard-reset CP,0.8933333333333333,0.00666666666666671,3.457551160259724,11.0,0.0,,0.8,3.074390637554644,0.8,3.3925410425391163,0.88,3.4890400448507473,0.88,3.442830796137544,50.0,50.0,38.0,51.0,1.5130702223192467,shift2.0_ramp10,2.0,10,14
Hard-reset ACI,0.9366666666666666,0.036666666666666625,3.9208304595144448,5.0,0.0,,0.8,3.704525450668695,0.92,4.034639465980587,0.94,4.08516005630547,0.95,3.9297041872344476,50.0,50.0,38.0,51.0,1.333030442516876,shift2.0_ramp10,2.0,10,14
BOCPD-weighted CP,0.89,0.010000000000000009,3.3539018020484863,5.0,0.0,,0.8,3.145176663430182,0.88,3.237686110990682,0.88,3.1675245328642556,0.88,3.1801457212321,45.708918789999544,45.804571497124456,45.90536552302287,46.14721043850705,1.105460645861203,shift2.0_ramp40,2.0,40,14
BOCPD-weighted ACI,0.9233333333333333,0.023333333333333317,3.7813829898799622,5.0,0.0,,0.8,3.447135795252495,0.88,3.4499768483647717,0.94,3.4425654243248163,0.92,3.510524188576697,45.708918789999544,45.804571497124456,45.90536552302287,46.14721043850705,1.0300787589640747,shift2.0_ramp40,2.0,40,14
Hard-reset CP,0.8966666666666666,0.0033333333333334103,3.366979647097949,5.0,0.0,,0.8,3.074390637554644,0.88,3.1567653515111713,0.9,3.149994016570372,0.89,3.158780002784023,50.0,50.0,47.0,51.0,1.1796647836173164,shift2.0_ramp40,2.0,40,14
Hard-reset ACI,0.9366666666666666,0.036666666666666625,3.7814813394739333,5.0,0.0,,0.8,3.4522190716708954,0.88,3.452010158932132,0.94,3.4604126487165456,0.94,3.5333032352196927,50.0,50.0,47.0,51.0,1.0300787589640747,shift2.0_ramp40,2.0,40,14
BOCPD-weighted CP,0.9,0.0,3.7036766217128227,0.0,0.0,0.0,0.9,8.994866001772449,0.92,6.7951169574174735,0.92,4.982639655973834,0.91,4.1955196363832705,3.113485862806388,6.669688358918529,11.924982267194729,17.75738655155246,3.104695863746752,shift4.0_ramp0,4.0,0,14
BOCPD-weighted ACI,0.9266666666666666,0.026666666666666616,4.135272985504466,0.0,0.0,0.0,0.9,9.027641752079132,0.92,7.12714782977492,0.94,5.402187498053882,0.94,4.565805754316407,3.113485862806388,6.669688358918529,11.924982267194729,17.75738655155246,2.84032932259395,shift4.0_ramp0,4.0,0,14
Hard-reset CP,0.9033333333333333,0.0033333333333332993,3.6874507904004235,0.0,0.0,0.0,0.9,8.994866001772449,0.92,6.337755351892745,0.92,4.749458403128515,0.92,4.093332455728852,3.0,7.0,12.0,19.0,3.460137650045235,shift4.0_ramp0,4.0,0,14
Hard-reset ACI,0.9333333333333333,0.033333333333333326,4.133986066367724,0.0,0.0,0.0,0.9,9.027641752079132,0.92,6.683923609655353,0.94,5.186579106259845,0.94,4.4872424137171105,3.0,7.0,12.0,19.0,2.84032932259395,shift4.0_ramp0,4.0,0,14
BOCPD-weighted CP,0.8933333333333333,0.00666666666666671,3.684997264047535,7.0,0.0,,0.6,4.417967178818562,0.8,5.844679749502839,0.88,4.9202628868122416,0.89,4.162263627519049,45.641147948644964,37.87195722184259,9.266421676993488,27.180917577730945,2.258580346024654,shift4.0_ramp10,4.0,10,14
BOCPD-weighted ACI,0.9233333333333333,0.023333333333333317,4.09786947276088,7.0,0.0,,0.7,4.679440991879227,0.84,6.077781000841208,0.9,5.232710838133675,0.93,4.496085491453842,45.641147948644964,37.87195722184259,9.266421676993488,27.180917577730945,2.066261001329273,shift4.0_ramp10,4.0,10,14
Hard-reset CP,0.8966666666666666,0.0033333333333334103,3.6939975169348873,7.0,0.0,,0.7,4.75942060139106,0.84,5.939225842229138,0.88,4.820377587612282,0.89,4.105694215683527,50.0,5.0,9.0,25.0,2.5171544118659495,shift4.0_ramp10,4.0,10,14
Hard-reset ACI,0.9233333333333333,0.023333333333333317,4.128602163710284,7.0,0.0,,0.7,5.02582291340792,0.84,6.216333769452685,0.88,5.185344274754083,0.92,4.475985874579857,50.0,5.0,9.0,25.0,2.066261001329273,shift4.0_ramp10,4.0,10,14
BOCPD-weighted CP,0.9,0.0,3.429532248464243,5.0,0.0,,0.8,3.1779524137368655,0.8,3.320166725807714,0.9,3.479401882949641,0.91,3.426442905257427,45.72632532293343,45.69233977642455,45.46164668256123,42.14447099392549,1.2321210351114438,shift4.0_ramp40,4.0,40,14
BOCPD-weighted ACI,0.9233333333333333,0.023333333333333317,3.8432056455192227,5.0,0.0,,0.8,3.576521843874036,0.84,3.7249940219098328,0.92,3.804337974547928,0.93,3.741673844007285,45.72632532293343,45.69233977642455,45.46164668256123,42.14447099392549,1.1772616817242427,shift4.0_ramp40,4.0,40,14
Hard-reset CP,0.9033333333333333,0.0033333333333332993,3.4462514267690056,5.0,0.0,,0.8,3.074390637554644,0.76,3.234116661381538,0.88,3.4548249276732013,0.91,3.4101198218414646,50.0,50.0,47.0,43.0,1.2891510345393962,shift4.0_ramp40,4.0,40,14
Hard-reset ACI,0.93,0.030000000000000027,3.885045524872214,5.0,0.0,,0.8,3.576521843874036,0.84,3.7249940219098328,0.92,3.8357375605309763,0.94,3.7725292333634695,50.0,50.0,47.0,43.0,1.1772616817242427,shift4.0_ramp40,4.0,40,14
BOCPD-weighted CP,0.8933333333333333,0.00666666666666671,3.3821301787088554,5.0,0.0,,0.8,3.062780754362906,0.88,3.09089931020603,0.88,3.1074013895855366,0.89,3.2476256704293345,45.69238599330757,45.83890042102487,46.16568215376068,46.77834528500647,1.0584840098070978,no_changepoint_control,0.0,0,14
BOCPD-weighted ACI,0.93,0.030000000000000027,3.803672626914718,0.0,0.0,,0.9,3.3918238848662474,0.92,3.419338783958072,0.94,3.4379820248095774,0.94,3.5729361949133414,45.69238599330757,45.83890042102487,46.16568215376068,46.77834528500647,1.0204217593329015,no_changepoint_control,0.0,0,14
Hard-reset CP,0.8966666666666666,0.0033333333333334103,3.3886630701080156,0.0,0.0,,0.9,2.9939330753820323,0.92,3.0509724542059145,0.9,3.0945980194745966,0.89,3.2301865044158378,50.0,50.0,47.0,51.0,1.1144852191317496,no_changepoint_control,0.0,0,14
Hard-reset ACI,0.9366666666666666,0.036666666666666625,3.800540455734237,0.0,0.0,,0.9,3.4210232981826367,0.92,3.4310185492846275,0.94,3.4462927616870025,0.94,3.5773945746633693,50.0,50.0,47.0,51.0,1.0204217593329015,no_changepoint_control,0.0,0,14
BOCPD-weighted CP,0.8766666666666667,0.023333333333333317,3.5121445340469366,9.0,0.0,,0.8,3.8418923309914765,0.88,3.9428168573894182,0.92,3.793846781439147,0.89,3.420744643523037,36.26865432155162,34.96320300148665,39.11206787439148,45.903643844135885,1.169262271374372,shift1.0_ramp0,1.0,0,15
BOCPD-weighted ACI,0.93,0.030000000000000027,3.9453274522478736,3.0,0.0,,0.8,4.093066720686455,0.92,4.1679001030675975,0.96,4.049309196810947,0.94,3.780002554564819,36.26865432155162,34.96320300148665,39.11206787439148,45.903643844135885,1.1364391128104974,shift1.0_ramp0,1.0,0,15
Hard-reset CP,0.88,0.020000000000000018,3.549090841329397,9.0,0.0,,0.8,3.882224381310075,0.88,3.9658423321975733,0.9,3.7638004016547235,0.87,3.4231346966779284,35.0,24.0,29.0,44.0,1.1643979393327843,shift1.0_ramp0,1.0,0,15
Hard-reset ACI,0.9333333333333333,0.033333333333333326,4.034793497956511,9.0,0.0,,0.8,4.061517303965784,0.88,4.144078025774771,0.92,4.023083680651214,0.92,3.908630491186093,35.0,24.0,29.0,44.0,1.1364391128104974,shift1.0_ramp0,1.0,0,15
BOCPD-weighted CP,0.8733333333333333,0.026666666666666727,3.49690951703012,0.0,0.0,,0.9,3.7580944660895113,0.88,3.8113544533900496,0.92,3.7082683781575634,0.88,3.375039592472589,36.99669287513107,38.662821462874554,41.246602891759466,45.66793002811294,1.116527256619427,shift1.0_ramp10,1.0,10,15
BOCPD-weighted ACI,0.93,0.030000000000000027,3.918412406868494,0.0,0.0,,0.9,3.938950731579284,0.92,3.979591654909395,0.96,3.9003624149064318,0.94,3.6992574184266793,36.99669287513107,38.662821462874554,41.246602891759466,45.66793002811294,1.0976872140049407,shift1.0_ramp10,1.0,10,15
Hard-reset CP,0.8766666666666667,0.023333333333333317,3.511585574735202,0.0,0.0,,0.9,3.7478836720290944,0.88,3.774378144679894,0.92,3.648389086284553,0.86,3.317870763167531,35.0,39.0,44.0,50.0,1.0845792790376274,shift1.0_ramp10,1.0,10,15
Hard-reset ACI,0.9366666666666666,0.036666666666666625,3.9939412193962394,0.0,0.0,,0.9,3.9092360755558233,0.92,3.951224826970149,0.94,3.886106520943232,0.93,3.801011401459333,35.0,39.0,44.0,50.0,1.0585590325973522,shift1.0_ramp10,1.0,10,15
BOCPD-weighted CP,0.88,0.020000000000000018,3.4905991564341723,0.0,0.0,,0.9,3.7580944660895113,0.92,3.810071125039189,0.94,3.6410199185843455,0.9,3.3578363702725857,36.930315562658095,39.520053345874075,41.671303819617904,45.811918692023674,1.116527256619427,shift1.0_ramp40,1.0,40,15
BOCPD-weighted ACI,0.9266666666666666,0.026666666666666616,3.919479645590833,0.0,0.0,,0.9,3.9536882611865303,0.92,4.051406485348829,0.94,3.953732579480061,0.93,3.6993049704905467,36.930315562658095,39.520053345874075,41.671303819617904,45.811918692023674,1.0976872140049407,shift1.0_ramp40,1.0,40,15
Hard-reset CP,0.89,0.010000000000000009,3.5265563544391836,0.0,0.0,,0.9,3.7478836720290944,0.92,3.773094816329033,0.94,3.648524451167672,0.9,3.3631235302003004,35.0,39.0,44.0,50.0,1.0755435001945948,shift1.0_ramp40,1.0,40,15
Hard-reset ACI,0.9333333333333333,0.033333333333333326,3.996378780957119,0.0,0.0,,0.9,3.9092360755558233,0.92,4.010923966100097,0.94,3.9849369164712436,0.92,3.8083240861419716,35.0,39.0,44.0,50.0,1.0955255929263275,shift1.0_ramp40,1.0,40,15
BOCPD-weighted CP,0.87,0.030000000000000027,3.5591412789367998,5.0,0.0,,0.6,4.417259409865577,0.84,4.512918193247881,0.88,4.072212064913569,0.87,3.5593628354455076,30.670765095826493,25.44919522731241,31.579529771369423,44.61821100395541,1.3686659336502347,shift2.0_ramp0,2.0,0,15
BOCPD-weighted ACI,0.9233333333333333,0.023333333333333317,4.006316614385266,3.0,0.0,,0.7,4.768861245050828,0.88,4.811819015246922,0.92,4.390026101298467,0.92,3.9604600600331255,30.670765095826493,25.44919522731241,31.579529771369423,44.61821100395541,1.7562628948875911,shift2.0_ramp0,2.0,0,15
Hard-reset CP,0.8766666666666667,0.023333333333333317,3.590263968331463,5.0,0.0,,0.6,4.329729085101564,0.84,4.46617742750184,0.88,3.9484181995702117,0.86,3.543224078492171,20.0,24.0,29.0,44.0,1.362972048096689,shift2.0_ramp0,2.0,0,15
Hard-reset ACI,0.9333333333333333,0.033333333333333326,4.084691673091916,3.0,0.0,,0.7,4.5784150482540635,0.88,4.7356405365282175,0.92,4.244796665793944,0.92,4.051705455326297,20.0,24.0,29.0,44.0,1.2853149236253687,shift2.0_ramp0,2.0,0,15
BOCPD-weighted CP,0.8666666666666667,0.033333333333333326,3.5101302697788426,13.0,0.0,,0.8,3.838726348578212,0.8,3.9466589794615614,0.88,3.7756214385840736,0.86,3.412329807971636,37.0462624135816,37.013975403260474,38.97987069241172,44.71754012157403,1.1789160745525082,shift2.0_ramp10,2.0,10,15
BOCPD-weighted ACI,0.93,0.030000000000000027,3.9481646787845435,0.0,0.0,,1.0,3.9479443822859337,0.92,4.1991386791836725,0.96,4.040292884087542,0.94,3.782336366344024,37.0462624135816,37.013975403260474,38.97987069241172,44.71754012157403,1.2509922323744107,shift2.0_ramp10,2.0,10,15
Hard-reset CP,0.8533333333333334,0.046666666666666634,3.4985034719030668,13.0,0.0,,0.8,3.800290924093166,0.76,3.7586793850801525,0.78,3.4216565914078383,0.79,3.2679425892069833,35.0,39.0,44.0,44.0,1.1643979393327846,shift2.0_ramp10,2.0,10,15
Hard-reset ACI,0.9333333333333333,0.033333333333333326,3.9895004485526395,0.0,0.0,,1.0,3.927134102093582,0.88,3.981548549228352,0.92,3.7510749115023545,0.92,3.766131781708469,35.0,39.0,44.0,44.0,1.2509922323744107,shift2.0_ramp10,2.0,10,15
BOCPD-weighted CP,0.8866666666666667,0.013333333333333308,3.5050776855727728,0.0,0.0,,0.9,3.7580944660895113,0.92,3.8100711250391894,0.94,3.6858604020067047,0.9,3.401223985171331,36.955302022766844,39.29019625377708,41.678390585204525,45.574674587149524,1.116527256619427,shift2.0_ramp40,2.0,40,15
BOCPD-weighted ACI,0.9266666666666666,0.026666666666666616,3.9420362694108873,0.0,0.0,,0.9,3.966591030096567,0.92,4.126780257779232,0.94,4.032916627602813,0.93,3.7617571703406423,36.955302022766844,39.29019625377708,41.678390585204525,45.574674587149524,1.1964156968388115,shift2.0_ramp40,2.0,40,15
Hard-reset CP,0.8833333333333333,0.01666666666666672,3.5302936429707854,0.0,0.0,,0.9,3.7478836720290944,0.92,3.7730948163290337,0.94,3.6777971179541487,0.89,3.3842270115270336,35.0,39.0,44.0,50.0,1.0755435001945948,shift2.0_ramp40,2.0,40,15
Hard-reset ACI,0.9333333333333333,0.033333333333333326,3.9932089974717164,0.0,0.0,,0.9,3.9092360755558238,0.92,4.014506309960677,0.94,4.052336052715492,0.93,3.8198913825344034,35.0,39.0,44.0,50.0,1.0976872140049407,shift2.0_ramp40,2.0,40,15
BOCPD-weighted CP,0.8733333333333333,0.026666666666666727,3.7660429310426777,2.0,0.0,,0.7,8.553603819018836,0.84,7.494878994306747,0.88,5.303745011493734,0.87,4.178697260173301,13.184803261087394,6.689318058860334,13.739169188946168,14.934153090818636,2.851196592871465,shift4.0_ramp0,4.0,0,15
BOCPD-weighted ACI,0.92,0.020000000000000018,4.236660094382143,2.0,0.0,,0.7,9.030314680256435,0.84,8.095957237858435,0.9,5.733492189536212,0.91,4.642511840793894,13.184803261087394,6.689318058860334,13.739169188946168,14.934153090818636,2.676663842861128,shift4.0_ramp0,4.0,0,15
Hard-reset CP,0.8766666666666667,0.023333333333333317,3.782492278869216,2.0,0.0,,0.7,8.692701898991483,0.84,7.359536550634431,0.88,5.158116924554148,0.87,4.159115385144848,3.0,7.0,12.0,12.0,2.8393351249329943,shift4.0_ramp0,4.0,0,15
Hard-reset ACI,0.9266666666666666,0.026666666666666616,4.288697327553225,2.0,0.0,,0.7,9.017411911346397,0.84,7.730823373528494,0.9,5.548789515946362,0.91,4.684469072477197,3.0,7.0,12.0,12.0,2.676663842861128,shift4.0_ramp0,4.0,0,15
BOCPD-weighted CP,0.85,0.050000000000000044,3.58022592193766,11.0,0.0,67.0,0.6,4.0217051474041385,0.72,5.446850708582154,0.78,4.223851475683092,0.81,3.6372636539302827,37.020362093429185,30.772727894502122,27.89417656835838,18.217588357007095,2.3415734806705064,shift4.0_ramp10,4.0,10,15
BOCPD-weighted ACI,0.9133333333333333,0.013333333333333308,4.071766254849232,11.0,0.0,67.0,0.6,4.3146421283320935,0.76,5.983630741747001,0.86,4.736144455922978,0.89,4.145745913667301,37.020362093429185,30.772727894502122,27.89417656835838,18.217588357007095,2.198236728671545,shift4.0_ramp10,4.0,10,15
Hard-reset CP,0.8566666666666667,0.043333333333333335,3.6356934081819023,11.0,0.0,67.0,0.6,4.009926466156727,0.72,5.131270800942655,0.76,3.8950871602848802,0.8,3.635285840852295,35.0,24.0,3.0,11.0,2.3318321324814733,shift4.0_ramp10,4.0,10,15
Hard-reset ACI,0.9166666666666666,0.016666666666666607,4.104114188591158,11.0,0.0,67.0,0.6,4.301739359422057,0.72,5.316554306191522,0.84,4.374357152292361,0.88,4.07848053734373,35.0,24.0,3.0,11.0,2.198236728671545,shift4.0_ramp10,4.0,10,15
BOCPD-weighted CP,0.8833333333333333,0.01666666666666672,3.5396650650573367,0.0,0.0,,0.9,3.7580944660895113,0.92,3.8152322326032038,0.9,3.8403179034545167,0.89,3.497435964346363,36.99669287513107,38.662821462874554,41.246602891759466,45.581379928659985,1.116527256619427,shift4.0_ramp40,4.0,40,15
BOCPD-weighted ACI,0.92,0.020000000000000018,4.01444026805601,0.0,0.0,,0.9,3.938950731579284,0.92,3.985486666752293,0.9,4.075797783244811,0.91,3.9855887275420194,36.99669287513107,38.662821462874554,41.246602891759466,45.581379928659985,1.0976872140049407,shift4.0_ramp40,4.0,40,15
Hard-reset CP,0.8766666666666667,0.023333333333333317,3.541929957067673,0.0,0.0,,0.9,3.7478836720290944,0.92,3.7834170314570628,0.9,3.801414716356175,0.87,3.4379360073822083,35.0,39.0,44.0,50.0,1.1118823113042104,shift4.0_ramp40,4.0,40,15
Hard-reset ACI,0.9266666666666666,0.026666666666666616,4.05032555711012,0.0,0.0,,0.9,3.9092360755558233,0.92,3.957119838813047,0.9,4.067509381118087,0.91,3.9993012586438983,35.0,39.0,44.0,50.0,1.0976872140049407,shift4.0_ramp40,4.0,40,15
BOCPD-weighted CP,0.8833333333333333,0.01666666666666672,3.4912139776436457,0.0,0.0,,0.9,3.7580944660895113,0.92,3.770051117419411,0.94,3.675099985397413,0.9,3.367456584629126,36.90241221269448,39.687346013764284,41.50798772926428,45.847452000356775,1.0800366382648288,no_changepoint_control,0.0,0,15
BOCPD-weighted ACI,0.9333333333333333,0.033333333333333326,3.9141335815676555,0.0,0.0,,0.9,3.9536882611865303,0.96,3.980076570343186,0.98,3.887086647421009,0.95,3.687921856223866,36.90241221269448,39.687346013764284,41.50798772926428,45.847452000356775,1.0976872140049407,no_changepoint_control,0.0,0,15
Hard-reset CP,0.89,0.010000000000000009,3.5564817372874504,0.0,0.0,,0.9,3.7478836720290944,0.92,3.754369933272142,0.94,3.6915015399503273,0.91,3.44897445351133,35.0,39.0,44.0,50.0,1.0755435001945948,no_changepoint_control,0.0,0,15
Hard-reset ACI,0.9466666666666667,0.046666666666666634,3.994686482324928,0.0,0.0,,0.9,3.8963333066457873,0.96,3.927299952029876,0.98,3.893870455840995,0.96,3.8255582294054853,35.0,39.0,44.0,50.0,1.0481803130777225,no_changepoint_control,0.0,0,15
BOCPD-weighted CP,0.89,0.010000000000000009,3.481803337632756,0.0,0.0,,0.9,4.415790208085006,0.96,4.343238924434875,0.92,4.0482168703331745,0.91,3.9499146999797006,44.61382175882499,41.73814596668511,41.66456980224349,43.03711304162459,1.1321476484166382,shift1.0_ramp0,1.0,0,16
BOCPD-weighted ACI,0.9333333333333333,0.033333333333333326,4.069554968915833,0.0,0.0,,0.9,4.769602603867543,0.96,4.8802696787366475,0.94,4.817364709852996,0.94,4.5624121933958275,44.61382175882499,41.73814596668511,41.66456980224349,43.03711304162459,1.1748847236638404,shift1.0_ramp0,1.0,0,16
Hard-reset CP,0.8966666666666666,0.0033333333333334103,3.506673227540459,0.0,0.0,,0.9,4.415790208085006,0.96,4.281572667008763,0.94,4.147172896565708,0.92,3.966235629987257,49.0,35.0,40.0,36.0,1.1321476484166382,shift1.0_ramp0,1.0,0,16
Hard-reset ACI,0.9333333333333333,0.033333333333333326,4.1047669314340585,0.0,0.0,,0.9,4.803247819826296,0.96,4.845858074611191,0.94,4.81076705224753,0.94,4.59465593171048,49.0,35.0,40.0,36.0,1.1748847236638404,shift1.0_ramp0,1.0,0,16
BOCPD-weighted CP,0.89,0.010000000000000009,3.482046598863618,0.0,0.0,,0.9,4.415790208085006,0.96,4.330341322787866,0.92,4.04176806950967,0.91,3.950512451115078,43.694097013041244,41.6889139581644,41.61138477195206,43.71893333418746,1.1321476484166382,shift1.0_ramp10,1.0,10,16
BOCPD-weighted ACI,0.9333333333333333,0.033333333333333326,4.080804555823876,0.0,0.0,,0.9,4.798935937200876,0.96,4.9760951877473865,0.94,4.87172626518187,0.94,4.596458388173408,43.694097013041244,41.6889139581644,41.61138477195206,43.71893333418746,1.2398114036620214,shift1.0_ramp10,1.0,10,16
Hard-reset CP,0.8933333333333333,0.00666666666666671,3.5005463848136356,0.0,0.0,,0.9,4.415790208085006,0.96,4.281572667008763,0.92,4.111301842433613,0.91,3.9512805772375112,49.0,35.0,40.0,51.0,1.1321476484166382,shift1.0_ramp10,1.0,10,16
Hard-reset ACI,0.9366666666666666,0.036666666666666625,4.112955043070349,0.0,0.0,,0.9,4.832581153159628,0.96,4.884507580711526,0.96,4.883290829656471,0.95,4.619220266619355,49.0,35.0,40.0,51.0,1.2398114036620214,shift1.0_ramp10,1.0,10,16
BOCPD-weighted CP,0.8866666666666667,0.013333333333333308,3.4699455272004935,0.0,0.0,,0.9,4.415790208085006,0.96,4.281572667008763,0.9,3.884998453983162,0.9,3.9134161276590116,43.65205768812598,42.000871416976665,42.616192477635344,43.46218059399576,1.1321476484166382,shift1.0_ramp40,1.0,40,16
BOCPD-weighted ACI,0.9333333333333333,0.033333333333333326,4.047985076143407,0.0,0.0,,0.9,4.740581153159629,0.96,4.702898211589677,0.94,4.655322037897165,0.94,4.496700535140754,43.65205768812598,42.000871416976665,42.616192477635344,43.46218059399576,1.1086627049716462,shift1.0_ramp40,1.0,40,16
Hard-reset CP,0.8933333333333333,0.00666666666666671,3.4994030781721994,0.0,0.0,,0.9,4.415790208085006,0.96,4.281572667008763,0.92,4.044264246394831,0.91,3.9444251818824774,49.0,35.0,40.0,51.0,1.1321476484166382,shift1.0_ramp40,1.0,40,16
Hard-reset ACI,0.9333333333333333,0.033333333333333326,4.08041981724294,0.0,0.0,,0.9,4.773329263258198,0.96,4.716356297973177,0.94,4.720516055887193,0.94,4.521614589137126,49.0,35.0,40.0,51.0,1.1086627049716462,shift1.0_ramp40,1.0,40,16
BOCPD-weighted CP,0.8866666666666667,0.013333333333333308,3.5398575547949926,5.0,0.0,,0.7,4.443921062758931,0.88,4.489067595752627,0.9,4.392797869694365,0.9,4.1246264360971585,44.02401441370443,36.101080734510425,34.733317431703135,40.58227162085591,1.1321476484166382,shift2.0_ramp0,2.0,0,16
BOCPD-weighted ACI,0.9333333333333333,0.033333333333333326,4.086705776136628,0.0,0.0,,0.9,4.944389256977628,0.96,5.098662817832608,0.94,4.955045992450164,0.94,4.614162049111664,44.02401441370443,36.101080734510425,34.733317431703135,40.58227162085591,1.2638766014253324,shift2.0_ramp0,2.0,0,16
Hard-reset CP,0.89,0.010000000000000009,3.563386545210848,5.0,0.0,,0.7,4.62430479004428,0.88,4.607978084902673,0.9,4.474457972018353,0.9,4.145236219218688,49.0,16.0,21.0,36.0,1.3835872210256575,shift2.0_ramp0,2.0,0,16
Hard-reset ACI,0.9333333333333333,0.033333333333333326,4.132030208875256,0.0,0.0,,0.9,5.174244622606652,0.96,5.288212265479526,0.94,5.04650885877177,0.94,4.688237020441585,49.0,16.0,21.0,36.0,1.3814696145671435,shift2.0_ramp0,2.0,0,16
BOCPD-weighted CP,0.8933333333333333,0.00666666666666671,3.542513832423644,0.0,0.0,,0.9,4.415790208085006,0.96,4.465038345968132,0.94,4.37252539310116,0.92,4.133189166714728,43.724370124660844,40.9715611278098,36.64761350709554,40.58624956939067,1.1321476484166382,shift2.0_ramp10,2.0,10,16
BOCPD-weighted ACI,0.9366666666666666,0.036666666666666625,4.104109565222878,0.0,0.0,,0.9,4.809808393142618,0.96,5.169353946460915,0.94,5.002143782576325,0.95,4.670395143575642,43.724370124660844,40.9715611278098,36.64761350709554,40.58624956939067,1.2638766014253322,shift2.0_ramp10,2.0,10,16
Hard-reset CP,0.8966666666666666,0.0033333333333334103,3.5552533008364207,0.0,0.0,,0.9,4.519559769886931,0.96,4.559669670595904,0.94,4.424057062042206,0.92,4.1337204447932585,49.0,35.0,21.0,36.0,1.3835872210256575,shift2.0_ramp10,2.0,10,16
Hard-reset ACI,0.9366666666666666,0.036666666666666625,4.136939999060487,0.0,0.0,,0.9,4.988893035785048,0.96,5.338595104913195,0.96,5.110334591757305,0.95,4.707531275166337,49.0,35.0,21.0,36.0,1.5113229745635055,shift2.0_ramp10,2.0,10,16
BOCPD-weighted CP,0.8866666666666667,0.013333333333333308,3.500955498670681,0.0,0.0,,0.9,4.415790208085006,0.96,4.317443721140858,0.9,4.003861911441245,0.9,4.006446042069572,43.667887363768884,41.91339853976309,42.43225785055153,43.650788100676856,1.1321476484166382,shift2.0_ramp40,2.0,40,16
BOCPD-weighted ACI,0.94,0.039999999999999925,4.091255083711673,0.0,0.0,,0.9,4.737602603867543,0.96,4.824732300883583,0.94,4.815323615053947,0.96,4.626510557845551,43.667887363768884,41.91339853976309,42.43225785055153,43.650788100676856,1.1086627049716462,shift2.0_ramp40,2.0,40,16
Hard-reset CP,0.89,0.010000000000000009,3.5423231167314846,0.0,0.0,,0.9,4.415790208085006,0.96,4.281572667008763,0.9,4.118409438301074,0.9,4.073788894052998,49.0,35.0,40.0,51.0,1.1321476484166382,shift2.0_ramp40,2.0,40,16
Hard-reset ACI,0.9366666666666666,0.036666666666666625,4.140979041771155,0.0,0.0,,0.9,4.773329263258198,0.96,4.8516484736505845,0.94,4.885028810392562,0.95,4.707857146890833,49.0,35.0,40.0,51.0,1.1086627049716462,shift2.0_ramp40,2.0,40,16
BOCPD-weighted CP,0.8633333333333333,0.036666666666666736,3.6197574523206217,5.0,0.0,,0.5,6.407277814992014,0.8,6.405680205755106,0.78,4.995948599304901,0.83,4.371457480313591,19.279175456271396,13.522067248556283,17.98743456948875,14.178633335038512,1.8325639330813666,shift4.0_ramp0,4.0,0,16
BOCPD-weighted ACI,0.91,0.010000000000000009,4.166674843916648,4.0,0.0,,0.6,6.812162485507903,0.84,6.8305383015112655,0.84,5.474696891750168,0.88,4.862241529301078,19.279175456271396,13.522067248556283,17.98743456948875,14.178633335038512,1.7946393963737493,shift4.0_ramp0,4.0,0,16
Hard-reset CP,0.86,0.040000000000000036,3.5705486666237984,5.0,0.0,,0.5,6.452454897485035,0.72,5.882054647601531,0.74,4.71732009771431,0.81,4.168954805602468,12.0,10.0,15.0,12.0,1.8325639330813666,shift4.0_ramp0,4.0,0,16
Hard-reset ACI,0.9033333333333333,0.0033333333333332993,4.086255564009589,4.0,0.0,,0.6,6.862848987095066,0.76,6.158934763789518,0.78,4.98213962375052,0.85,4.539641429349549,12.0,10.0,15.0,12.0,1.7946393963737493,shift4.0_ramp0,4.0,0,16
BOCPD-weighted CP,0.8833333333333333,0.01666666666666672,3.7148504573035748,11.0,0.0,,0.7,4.607278684137753,0.8,5.685004221334782,0.88,5.531059385139958,0.89,4.6602303939510685,43.69174084073177,36.191718667866965,18.36052140434649,27.871823466938604,1.588292599897093,shift4.0_ramp10,4.0,10,16
BOCPD-weighted ACI,0.9333333333333333,0.033333333333333326,4.269065732246224,0.0,0.0,,0.9,5.301516801035886,0.96,6.9064528888369985,0.96,6.2510763320605784,0.94,5.177290123964587,43.69174084073177,36.191718667866965,18.36052140434649,27.871823466938604,2.054346116366473,shift4.0_ramp10,4.0,10,16
Hard-reset CP,0.8733333333333333,0.026666666666666727,3.612269779165008,9.0,0.0,,0.7,4.617664397862542,0.84,5.439244712877297,0.8,4.797145106429029,0.85,4.292422357296428,49.0,16.0,9.0,9.0,2.248927649236382,shift4.0_ramp10,4.0,10,16
Hard-reset ACI,0.9233333333333333,0.023333333333333317,4.201038401176962,0.0,0.0,,0.9,5.478244622606653,0.92,6.446936151745767,0.88,5.539541273837358,0.91,4.910437062410768,49.0,16.0,9.0,9.0,2.054346116366473,shift4.0_ramp10,4.0,10,16
BOCPD-weighted CP,0.8933333333333333,0.00666666666666671,3.5803377718531433,0.0,0.0,,0.9,4.415790208085006,0.96,4.36535033773309,0.9,4.351528742155195,0.92,4.247991559199688,43.694097013041244,41.6889139581644,41.61138477195206,42.78966282428738,1.1321476484166382,shift4.0_ramp40,4.0,40,16
BOCPD-weighted ACI,0.94,0.039999999999999925,4.16884609350381,0.0,0.0,,0.9,4.798935937200876,0.96,5.036954786052033,0.94,5.1520344211966425,0.96,4.8727329657636,43.694097013041244,41.6889139581644,41.61138477195206,42.78966282428738,1.2398114036620214,shift4.0_ramp40,4.0,40,16
Hard-reset CP,0.8933333333333333,0.00666666666666671,3.6281519294260267,0.0,0.0,,0.9,4.415790208085006,0.96,4.3524527360860805,0.9,4.409762223573729,0.91,4.328218152927283,49.0,35.0,40.0,36.0,1.1321476484166382,shift4.0_ramp40,4.0,40,16
Hard-reset ACI,0.94,0.039999999999999925,4.212622905541203,0.0,0.0,,0.9,4.832581153159628,0.96,4.985741438166675,0.94,5.14580862598394,0.96,4.942851640802709,49.0,35.0,40.0,36.0,1.2398114036620214,shift4.0_ramp40,4.0,40,16
BOCPD-weighted CP,0.8866666666666667,0.013333333333333308,3.4720018479926367,0.0,0.0,,0.9,4.386020647278523,0.96,4.257757018363576,0.9,3.9894079324924583,0.9,3.9205102310593425,43.634422622861145,42.074741901949174,42.68883020586061,42.76339770466252,1.0947170154628403,no_changepoint_control,0.0,0,16
BOCPD-weighted ACI,0.9366666666666666,0.036666666666666625,4.019508615882616,0.0,0.0,,1.0,4.739684047299446,1.0,4.604047193568197,0.96,4.540920188106032,0.95,4.414612068996956,43.634422622861145,42.074741901949174,42.68883020586061,42.76339770466252,1.1086627049716462,no_changepoint_control,0.0,0,16
Hard-reset CP,0.8933333333333333,0.00666666666666671,3.4959636411758637,0.0,0.0,,0.9,4.386020647278523,0.96,4.257757018363576,0.92,4.0807947140494045,0.91,3.946328193747559,49.0,35.0,40.0,51.0,1.0947170154628403,no_changepoint_control,0.0,0,16
Hard-reset ACI,0.94,0.039999999999999925,4.05632530220561,0.0,0.0,,1.0,4.739684047299446,1.0,4.61595501789079,0.96,4.591310485663222,0.96,4.450852672081487,49.0,35.0,40.0,51.0,1.1086627049716462,no_changepoint_control,0.0,0,16
BOCPD-weighted CP,0.8666666666666667,0.033333333333333326,3.358676554625003,0.0,0.04,158.0,0.9,4.025848982246337,0.92,3.7473115450626775,0.88,3.490275998106154,0.89,3.6309312957675774,33.88620837229148,37.24567898331403,40.81390722470941,45.38929912074188,1.311243809735727,shift1.0_ramp0,1.0,0,17
BOCPD-weighted ACI,0.91,0.010000000000000009,3.9469099420204734,0.0,0.04,158.0,0.9,4.592104796109946,0.92,4.5845319530756665,0.92,4.305727960612831,0.93,4.2466167746761485,33.88620837229148,37.24567898331403,40.81390722470941,45.38929912074188,1.2799388025914882,shift1.0_ramp0,1.0,0,17
Hard-reset CP,0.8633333333333333,0.036666666666666736,3.59865917375932,0.0,0.04,158.0,0.9,4.53039742287247,0.92,4.256915093632944,0.88,3.8554292394188563,0.89,3.8593146227618984,29.0,33.0,38.0,49.0,1.3147456257987624,shift1.0_ramp0,1.0,0,17
Hard-reset ACI,0.9166666666666666,0.016666666666666607,4.154794886351956,0.0,0.04,158.0,0.9,4.759682191973142,0.92,4.712985446924095,0.92,4.5215816473347425,0.93,4.399629447018887,29.0,33.0,38.0,49.0,1.0566670196906445,shift1.0_ramp0,1.0,0,17
BOCPD-weighted CP,0.87,0.030000000000000027,3.317645998622434,0.0,0.04,158.0,1.0,3.460410253388708,0.96,3.445043900823273,0.9,3.2664907272818096,0.9,3.5238240149766695,33.23723269516076,35.83135677774642,38.64628445671425,47.21440479191246,1.0104934056958659,shift1.0_ramp10,1.0,10,17
BOCPD-weighted ACI,0.9133333333333333,0.013333333333333308,3.891138191664492,0.0,0.04,158.0,1.0,4.518475843839431,0.96,4.2282923103386505,0.94,3.9843749997304188,0.94,4.091768882286053,33.23723269516076,35.83135677774642,38.64628445671425,47.21440479191246,1.195526715414667,shift1.0_ramp10,1.0,10,17
Hard-reset CP,0.87,0.030000000000000027,3.5392177081512948,0.0,0.04,158.0,1.0,3.8966539863377605,0.96,3.637800523628054,0.9,3.425025094036398,0.9,3.6422803519538136,29.0,33.0,38.0,49.0,1.2976272802421234,shift1.0_ramp10,1.0,10,17
Hard-reset ACI,0.92,0.020000000000000018,4.112769881585133,0.0,0.04,158.0,1.0,4.5423190019055095,0.96,4.413185998791959,0.94,4.25395151523176,0.94,4.2657467486215515,29.0,33.0,38.0,49.0,1.0,shift1.0_ramp10,1.0,10,17
BOCPD-weighted CP,0.8666666666666667,0.033333333333333326,3.3283578496454544,0.0,0.04,158.0,1.0,3.4604102533887073,0.96,3.4439292305922296,0.88,3.257814961177159,0.89,3.532583605490148,33.176317951675905,35.39271666569351,38.71914128483939,47.55869052417084,1.0104934056958659,shift1.0_ramp40,1.0,40,17
BOCPD-weighted ACI,0.9133333333333333,0.013333333333333308,3.927703009012231,0.0,0.04,158.0,1.0,4.414838867589152,0.96,4.186837519838539,0.94,4.0191049029345445,0.94,4.17767955511876,33.176317951675905,35.39271666569351,38.71914128483939,47.55869052417084,1.195526715414667,shift1.0_ramp40,1.0,40,17
Hard-reset CP,0.8633333333333333,0.036666666666666736,3.5314323701894015,0.0,0.04,158.0,1.0,3.8966539863377605,0.96,3.637800523628054,0.88,3.484997494509405,0.89,3.6674806189814833,29.0,33.0,38.0,49.0,1.2976272802421234,shift1.0_ramp40,1.0,40,17
Hard-reset ACI,0.9166666666666666,0.016666666666666607,4.127169255003289,0.0,0.04,158.0,1.0,4.5423190019055095,0.96,4.371731208291847,0.92,4.289424357263661,0.93,4.325206948758227,29.0,33.0,38.0,49.0,1.0,shift1.0_ramp40,1.0,40,17
BOCPD-weighted CP,0.86,0.040000000000000036,3.4764982355494354,2.0,0.04,,0.7,4.70574703283462,0.84,4.679830845717082,0.84,4.254100297659078,0.87,4.014528838173479,32.66336205771801,33.05337064704828,41.54161272450282,34.30487542592403,1.4608370558170884,shift2.0_ramp0,2.0,0,17
BOCPD-weighted ACI,0.91,0.010000000000000009,4.034567401463427,1.0,0.04,,0.8,5.9473176650047055,0.88,5.438240685214613,0.92,4.97828786680303,0.93,4.575816556252042,32.66336205771801,33.05337064704828,41.54161272450282,34.30487542592403,1.7738331921823314,shift2.0_ramp0,2.0,0,17
Hard-reset CP,0.8666666666666667,0.033333333333333326,3.7028226722423816,1.0,0.04,,0.8,5.564418431460605,0.88,5.053708478675751,0.88,4.483435274764417,0.89,4.1099251060884345,29.0,9.0,38.0,29.0,1.925322379748239,shift2.0_ramp0,2.0,0,17
Hard-reset ACI,0.9133333333333333,0.013333333333333308,4.231283873660141,1.0,0.04,,0.8,6.2429658762034705,0.88,5.635928593179744,0.9,5.00456191071227,0.91,4.585841436100225,29.0,9.0,38.0,29.0,1.4644067582111375,shift2.0_ramp0,2.0,0,17
BOCPD-weighted CP,0.8633333333333333,0.036666666666666736,3.3561246014324637,0.0,0.04,158.0,0.9,3.487958754556079,0.88,3.5078578435021495,0.86,3.4410648293657276,0.88,3.626778451643653,33.315392160604674,36.56516980015819,39.969702995412774,44.7803107691755,1.027477631781417,shift2.0_ramp10,2.0,10,17
BOCPD-weighted ACI,0.9166666666666666,0.016666666666666607,3.9438341416604072,0.0,0.04,158.0,1.0,4.518475843839431,0.96,4.510721784861325,0.96,4.2745901064269525,0.95,4.237389373595953,33.315392160604674,36.56516980015819,39.969702995412774,44.7803107691755,1.195526715414667,shift2.0_ramp10,2.0,10,17
Hard-reset CP,0.86,0.040000000000000036,3.5234283167677085,0.0,0.04,158.0,0.9,3.9259173524349222,0.88,3.8515449402637127,0.86,3.5172402517312586,0.88,3.635331697713373,29.0,33.0,38.0,49.0,1.2976272802421234,shift2.0_ramp10,2.0,10,17
Hard-reset ACI,0.9166666666666666,0.016666666666666607,4.099459284434686,0.0,0.04,158.0,1.0,4.554240580938549,0.96,4.549471949325332,0.94,4.30561895464401,0.93,4.2387477769821365,29.0,33.0,38.0,49.0,1.0,shift2.0_ramp10,2.0,10,17
BOCPD-weighted CP,0.8733333333333333,0.026666666666666727,3.372048341564714,0.0,0.04,158.0,1.0,3.4604102533887073,0.96,3.4439292305922296,0.88,3.4044296789555553,0.91,3.6677911165877606,33.196798923016615,35.52492913595547,38.579540717522505,47.45648893215548,1.0104934056958659,shift2.0_ramp40,2.0,40,17
BOCPD-weighted ACI,0.9166666666666666,0.016666666666666607,3.9550240374703596,0.0,0.04,158.0,1.0,4.414838867589152,0.96,4.145382729338428,0.94,4.09587892697632,0.95,4.266194646048159,33.196798923016615,35.52492913595547,38.579540717522505,47.45648893215548,1.195526715414667,shift2.0_ramp40,2.0,40,17
Hard-reset CP,0.87,0.030000000000000027,3.5593049110567625,0.0,0.04,158.0,1.0,3.8966539863377605,0.96,3.637800523628054,0.9,3.5883804335876914,0.91,3.754517533436183,29.0,33.0,38.0,49.0,1.2976272802421234,shift2.0_ramp40,2.0,40,17
Hard-reset ACI,0.9233333333333333,0.023333333333333317,4.127707182362449,0.0,0.04,158.0,1.0,4.5423190019055095,0.96,4.371731208291847,0.94,4.230673760378502,0.95,4.332553685866587,29.0,33.0,38.0,49.0,1.0,shift2.0_ramp40,2.0,40,17
BOCPD-weighted CP,0.8666666666666667,0.033333333333333326,3.676711298406148,1.0,0.04,0.0,0.8,9.177368033685804,0.88,7.634499408514704,0.86,5.512527301492307,0.88,4.668487235507194,4.117582460915824,7.446711632995143,12.970984211401289,16.851830575535082,3.0289241286634474,shift4.0_ramp0,4.0,0,17
BOCPD-weighted ACI,0.9166666666666666,0.016666666666666607,4.22592092267623,1.0,0.04,0.0,0.8,9.685004933185212,0.88,8.276796706940793,0.92,6.161589391782382,0.93,5.167211506403183,4.117582460915824,7.446711632995143,12.970984211401289,16.851830575535082,2.7616219713640175,shift4.0_ramp0,4.0,0,17
Hard-reset CP,0.86,0.040000000000000036,3.808359811307457,1.0,0.04,0.0,0.8,9.685004933185212,0.84,6.765307798650202,0.84,5.060080600878912,0.87,4.456108664115058,3.0,7.0,14.0,17.0,2.9974704551165376,shift4.0_ramp0,4.0,0,17
Hard-reset ACI,0.9133333333333333,0.013333333333333308,4.371917890572674,1.0,0.04,0.0,0.8,9.690965722701732,0.84,7.393692759465993,0.9,5.760591242638913,0.92,5.00191764700541,3.0,7.0,14.0,17.0,2.2798862352521234,shift4.0_ramp0,4.0,0,17
BOCPD-weighted CP,0.8466666666666667,0.053333333333333344,3.434605007796166,13.0,0.04,158.0,0.6,4.139088654789185,0.76,4.715225539005485,0.76,3.9782075527800527,0.83,3.8866810359515647,33.45623422385875,37.55266852455381,40.63890248920664,22.920435924425693,1.5024672629099949,shift4.0_ramp10,4.0,10,17
BOCPD-weighted ACI,0.8966666666666666,0.0033333333333334103,3.966485268470827,9.0,0.04,158.0,0.7,4.648468485754095,0.84,5.157952867528001,0.86,4.5179007057134495,0.89,4.338134747809651,33.45623422385875,37.55266852455381,40.63890248920664,22.920435924425693,1.7439651765360047,shift4.0_ramp10,4.0,10,17
Hard-reset CP,0.8466666666666667,0.053333333333333344,3.61680798813308,9.0,0.04,158.0,0.7,4.495889089313318,0.84,4.854597861756159,0.76,3.8800128649966528,0.83,3.8642520279051253,29.0,33.0,38.0,8.0,1.4868649854031815,shift4.0_ramp10,4.0,10,17
Hard-reset ACI,0.8966666666666666,0.0033333333333334103,4.091821135116066,8.0,0.04,158.0,0.8,4.818716035121392,0.88,5.370183496133962,0.82,4.243421965301006,0.87,4.1981925620932286,29.0,33.0,38.0,8.0,1.4397489019033383,shift4.0_ramp10,4.0,10,17
BOCPD-weighted CP,0.87,0.030000000000000027,3.4188193503967477,0.0,0.04,158.0,1.0,3.460410253388708,0.92,3.4618566419185703,0.86,3.6762293448862406,0.9,3.850550273217998,33.23723269516076,35.83135677774642,38.64628445671425,47.256068409854045,1.0104934056958659,shift4.0_ramp40,4.0,40,17
BOCPD-weighted ACI,0.9066666666666666,0.006666666666666599,3.9917744906072326,0.0,0.04,158.0,1.0,4.518475843839431,0.92,4.198894193103364,0.88,4.306741120114133,0.92,4.421701329934958,33.23723269516076,35.83135677774642,38.64628445671425,47.256068409854045,1.195526715414667,shift4.0_ramp40,4.0,40,17
Hard-reset CP,0.8733333333333333,0.026666666666666727,3.6395494076808133,0.0,0.04,158.0,1.0,3.8966539863377605,0.92,3.6670955676137846,0.88,3.806216264813598,0.91,3.931062870200984,29.0,33.0,38.0,49.0,1.2976272802421234,shift4.0_ramp40,4.0,40,17
Hard-reset ACI,0.9233333333333333,0.023333333333333317,4.219075233465632,0.0,0.04,158.0,1.0,4.5423190019055095,0.96,4.417476611932853,0.9,4.439936222578824,0.94,4.496264478286393,29.0,33.0,38.0,49.0,1.0,shift4.0_ramp40,4.0,40,17
BOCPD-weighted CP,0.87,0.030000000000000027,3.304032155673531,0.0,0.04,158.0,1.0,3.4604102533887073,0.96,3.44392923059223,0.9,3.2602979649207753,0.9,3.513479260524464,33.155689341703486,35.265793164908324,38.86406566494445,47.55672612725601,1.0104934056958659,no_changepoint_control,0.0,0,17
BOCPD-weighted ACI,0.9133333333333333,0.013333333333333308,3.863028907919095,0.0,0.04,158.0,1.0,4.414838867589152,0.96,4.186837519838539,0.94,3.9486899245734266,0.94,4.069478098957994,33.155689341703486,35.265793164908324,38.86406566494445,47.55672612725601,1.195526715414667,no_changepoint_control,0.0,0,17
Hard-reset CP,0.87,0.030000000000000027,3.5463207192514257,0.0,0.04,158.0,1.0,3.8966539863377605,0.96,3.637800523628054,0.9,3.460028842501664,0.9,3.659782226186447,29.0,33.0,38.0,49.0,1.2976272802421234,no_changepoint_control,0.0,0,17
Hard-reset ACI,0.92,0.020000000000000018,4.126052907979552,0.0,0.04,158.0,1.0,4.5423190019055095,0.96,4.371731208291847,0.94,4.318224478622852,0.94,4.2982479216157445,29.0,33.0,38.0,49.0,1.0,no_changepoint_control,0.0,0,17
BOCPD-weighted CP,0.8833333333333333,0.01666666666666672,3.562658001968316,2.0,0.06,,0.8,3.5710742885106725,0.8,3.7126265578819364,0.88,3.6751430682403763,0.87,3.6854338102476065,46.75277366760849,46.32464443608785,49.11176969477351,39.37142917874093,1.314059851467248,shift1.0_ramp0,1.0,0,18
BOCPD-weighted ACI,0.9233333333333333,0.023333333333333317,4.103119532610242,0.0,0.06,,0.9,3.72150751320491,0.84,3.9466013749032745,0.9,3.9852211554277432,0.91,4.221502054858128,46.75277366760849,46.32464443608785,49.11176969477351,39.37142917874093,1.1943213222827622,shift1.0_ramp0,1.0,0,18
Hard-reset CP,0.8766666666666667,0.023333333333333317,3.685610426899743,0.0,0.06,,0.9,3.6702278375781097,0.84,3.6844858205593893,0.86,3.651910421427018,0.87,3.9079425566925674,48.0,47.0,51.0,9.0,1.0679314575090966,shift1.0_ramp0,1.0,0,18
Hard-reset ACI,0.92,0.020000000000000018,4.142101713199509,0.0,0.06,,0.9,3.7260047397080824,0.84,3.8689229358447186,0.9,4.006018182064715,0.91,4.250004468666292,48.0,47.0,51.0,9.0,1.1943213222827622,shift1.0_ramp0,1.0,0,18
BOCPD-weighted CP,0.8866666666666667,0.013333333333333308,3.5802490379167815,0.0,0.06,,0.9,3.421080635864935,0.84,3.801071761338964,0.9,3.786328814829537,0.88,3.7382069180930024,46.78675522404291,46.37857929300013,49.13052734562336,38.18291252487623,1.5514233664835315,shift1.0_ramp10,1.0,10,18
BOCPD-weighted ACI,0.9233333333333333,0.023333333333333317,4.161469737346152,0.0,0.06,,0.9,3.72150751320491,0.84,4.147631081848353,0.9,4.307267039336796,0.91,4.385676183592002,46.78675522404291,46.37857929300013,49.13052734562336,38.18291252487623,1.4660499187574056,shift1.0_ramp10,1.0,10,18
Hard-reset CP,0.88,0.020000000000000018,3.694454339820757,0.0,0.06,,0.9,3.6254963835644816,0.84,3.7699545052948435,0.88,3.688853171113372,0.88,3.939241847516664,48.0,47.0,51.0,40.0,1.4699572465986908,shift1.0_ramp10,1.0,10,18
Hard-reset ACI,0.92,0.020000000000000018,4.198618696556732,0.0,0.06,,0.9,3.7260047397080824,0.84,4.113295070403427,0.92,4.284575088786377,0.91,4.422499155194567,48.0,47.0,51.0,40.0,1.4660499187574056,shift1.0_ramp10,1.0,10,18
BOCPD-weighted CP,0.8933333333333333,0.00666666666666671,3.567964045499293,0.0,0.06,,0.9,3.4200142700977842,0.84,3.661950751956671,0.9,3.655529668817088,0.9,3.7123438743766894,46.78744934152613,46.33786042443363,48.80085863188014,38.46954846374441,1.443530859657948,shift1.0_ramp40,1.0,40,18
BOCPD-weighted ACI,0.9333333333333333,0.033333333333333326,4.135882820459608,0.0,0.06,,1.0,3.716508086896823,0.88,3.9912724378325537,0.94,4.120843609057578,0.94,4.303289574607139,46.78744934152613,46.33786042443363,48.80085863188014,38.46954846374441,1.4875188252720721,shift1.0_ramp40,1.0,40,18
Hard-reset CP,0.8866666666666667,0.013333333333333308,3.606672170364756,0.0,0.06,,1.0,3.5846345029506805,0.88,3.5975316834817352,0.9,3.6390378023314747,0.9,3.7199049981406915,48.0,47.0,51.0,23.0,1.491483372212839,shift1.0_ramp40,1.0,40,18
Hard-reset ACI,0.9266666666666666,0.026666666666666616,4.1267563549174415,0.0,0.06,,1.0,3.725061156019035,0.88,3.959885311801886,0.94,4.152771685641976,0.93,4.221111399764465,48.0,47.0,51.0,23.0,1.4875188252720721,shift1.0_ramp40,1.0,40,18
BOCPD-weighted CP,0.88,0.020000000000000018,3.6629376185297717,7.0,0.06,,0.6,4.2443902451344435,0.76,4.46292773279956,0.86,4.131618999309124,0.86,3.972488184141241,46.382688845505726,37.52867012503051,33.313450762901034,37.173909518442954,1.7745530754891286,shift2.0_ramp0,2.0,0,18
BOCPD-weighted ACI,0.9166666666666666,0.016666666666666607,4.219071630377025,2.0,0.06,,0.7,4.558936673953726,0.84,5.1600841559038555,0.9,4.733650532877173,0.9,4.577271817866442,46.382688845505726,37.52867012503051,33.313450762901034,37.173909518442954,1.516354920002759,shift2.0_ramp0,2.0,0,18
Hard-reset CP,0.87,0.030000000000000027,3.7246849076841047,7.0,0.06,,0.6,4.344605689177365,0.76,4.275511949057936,0.8,3.8250341514378863,0.85,4.0258860241866845,48.0,16.0,21.0,40.0,1.5203963211313225,shift2.0_ramp0,2.0,0,18
Hard-reset ACI,0.9066666666666666,0.006666666666666599,4.237675370136156,2.0,0.06,,0.7,4.741372300095066,0.8,5.069044216677504,0.84,4.5998123486885225,0.87,4.548851669615002,48.0,16.0,21.0,40.0,1.516354920002759,shift2.0_ramp0,2.0,0,18
BOCPD-weighted CP,0.89,0.010000000000000009,3.623485210423161,0.0,0.06,,0.9,3.421080635864935,0.88,4.140763179774114,0.92,4.034587268891849,0.89,3.8611309724635645,46.78556430559891,46.35228963232362,48.667227178864394,35.77404495055398,1.7887868814998151,shift2.0_ramp10,2.0,10,18
BOCPD-weighted ACI,0.9233333333333333,0.023333333333333317,4.177985974801798,0.0,0.06,,0.9,3.72150751320491,0.88,4.436170110099651,0.92,4.506385379010269,0.92,4.464463386520764,46.78556430559891,46.35228963232362,48.667227178864394,35.77404495055398,1.4944708941423452,shift2.0_ramp10,2.0,10,18
Hard-reset CP,0.8766666666666667,0.023333333333333317,3.6423960777048054,0.0,0.06,,0.9,3.5849899582063975,0.88,4.159493171724409,0.86,3.7181810083800517,0.87,3.801172377018957,48.0,47.0,51.0,40.0,1.4870375864915633,shift2.0_ramp10,2.0,10,18
Hard-reset ACI,0.9066666666666666,0.006666666666666599,4.140702984854208,0.0,0.06,,0.9,3.725061156019035,0.88,4.382623515933956,0.86,4.235480385810663,0.87,4.245599760745334,48.0,47.0,51.0,40.0,1.4944708941423452,shift2.0_ramp10,2.0,10,18
BOCPD-weighted CP,0.8933333333333333,0.00666666666666671,3.626461662094369,0.0,0.06,,0.9,3.421080635864935,0.84,3.797830936768039,0.9,3.911856177326687,0.9,3.881401908910759,46.78723677080694,46.361273293292,48.987672239501464,36.928510636871906,1.5730018678486481,shift2.0_ramp40,2.0,40,18
BOCPD-weighted ACI,0.9266666666666666,0.026666666666666616,4.191299335950143,0.0,0.06,,0.9,3.72150751320491,0.84,4.124964415181687,0.92,4.379221477637477,0.92,4.470905621718504,46.78723677080694,46.361273293292,48.987672239501464,36.928510636871906,1.3801742926987397,shift2.0_ramp40,2.0,40,18
Hard-reset CP,0.89,0.010000000000000009,3.660583334387974,0.0,0.06,,0.9,3.6254963835644816,0.84,3.8607109056064535,0.92,4.028054318101241,0.91,3.881000364424535,48.0,47.0,51.0,23.0,1.3838527441420976,shift2.0_ramp40,2.0,40,18
Hard-reset ACI,0.9233333333333333,0.023333333333333317,4.171900741794963,0.0,0.06,,0.9,3.7260047397080824,0.84,4.080269396486821,0.92,4.342989140669179,0.92,4.356544560397031,48.0,47.0,51.0,23.0,1.3801742926987397,shift2.0_ramp40,2.0,40,18
BOCPD-weighted CP,0.89,0.010000000000000009,3.9135435579160145,1.0,0.06,0.0,0.8,8.556134740602536,0.92,7.879444344025866,0.92,5.646619662914122,0.89,4.7243060022999686,3.326223313874007,6.748858600432985,12.157822164717322,15.89374137307708,2.9829491519356632,shift4.0_ramp0,4.0,0,18
BOCPD-weighted ACI,0.9266666666666666,0.026666666666666616,4.4364266581306495,1.0,0.06,0.0,0.8,8.578054428717607,0.92,8.237613693614124,0.92,5.970506206328256,0.93,5.219131106329329,3.326223313874007,6.748858600432985,12.157822164717322,15.89374137307708,2.4731658992947585,shift4.0_ramp0,4.0,0,18
Hard-reset CP,0.87,0.030000000000000027,3.902838884444747,1.0,0.06,0.0,0.8,8.576387953281579,0.88,7.4005676488661765,0.8,5.008027507542734,0.85,4.588327116889129,3.0,7.0,12.0,8.0,2.4797574006145924,shift4.0_ramp0,4.0,0,18
Hard-reset ACI,0.9066666666666666,0.006666666666666599,4.354250022985551,1.0,0.06,0.0,0.8,8.578368956613955,0.88,7.7733193485576235,0.84,5.335515618063222,0.87,4.891476640127102,3.0,7.0,12.0,8.0,2.4731658992947585,shift4.0_ramp0,4.0,0,18
BOCPD-weighted CP,0.8766666666666667,0.023333333333333317,3.75686993354089,7.0,0.06,,0.7,4.64816395440212,0.84,6.054178101862288,0.84,4.5543876625461275,0.85,4.245792154996692,46.78223651336706,46.07144418745428,8.403701643416984,11.469049368071627,2.3467987949894384,shift4.0_ramp10,4.0,10,18
BOCPD-weighted ACI,0.9166666666666666,0.016666666666666607,4.237714396417609,7.0,0.06,,0.7,4.78589110153043,0.84,6.277038725440067,0.88,4.778271905248218,0.9,4.628432563927138,46.78223651336706,46.07144418745428,8.403701643416984,11.469049368071627,1.959630535293452,shift4.0_ramp10,4.0,10,18
Hard-reset CP,0.8766666666666667,0.023333333333333317,3.8023568634473515,7.0,0.06,,0.7,4.74943001779733,0.84,5.901471069808557,0.82,4.333001073064498,0.87,4.289448344337066,48.0,46.0,9.0,8.0,1.950918833414289,shift4.0_ramp10,4.0,10,18
Hard-reset ACI,0.9166666666666666,0.016666666666666607,4.232833466293036,7.0,0.06,,0.8,4.794600758556584,0.88,6.0852376721940376,0.88,4.553426934198418,0.9,4.538905894558399,48.0,46.0,9.0,8.0,1.959630535293452,shift4.0_ramp10,4.0,10,18
BOCPD-weighted CP,0.89,0.010000000000000009,3.706432974647643,0.0,0.06,,0.9,3.421080635864935,0.88,3.980225764625884,0.88,4.232639399477847,0.89,4.1225818777671455,46.78675522404291,46.37857929300013,49.13052734562336,34.69251149081085,1.755047171440125,shift4.0_ramp40,4.0,40,18
BOCPD-weighted ACI,0.93,0.030000000000000027,4.29298948168415,0.0,0.06,,0.9,3.72150751320491,0.88,4.402097760692616,0.92,4.730694773001489,0.93,4.787040159982682,46.78675522404291,46.37857929300013,49.13052734562336,34.69251149081085,1.518866367855894,shift4.0_ramp40,4.0,40,18
Hard-reset CP,0.8933333333333333,0.00666666666666671,3.7788644954186794,0.0,0.06,,0.9,3.6254963835644816,0.88,4.2528541664317006,0.9,4.415737186564245,0.9,4.185133108741644,48.0,47.0,51.0,23.0,1.5229144625151436,shift4.0_ramp40,4.0,40,18
Hard-reset ACI,0.9366666666666666,0.036666666666666625,4.3436008978113145,0.0,0.06,,0.9,3.7260047397080824,0.88,4.420944038265987,0.94,4.747219229302604,0.94,4.747592912146856,48.0,47.0,51.0,23.0,1.518866367855894,shift4.0_ramp40,4.0,40,18
BOCPD-weighted CP,0.8866666666666667,0.013333333333333308,3.525636548398013,0.0,0.06,,0.9,3.345014270097784,0.84,3.460557118009353,0.9,3.4525951601857714,0.88,3.574369449536695,46.78764316171805,46.296644224396516,48.57543144347879,38.78918107379809,1.2414788389503475,no_changepoint_control,0.0,0,18
BOCPD-weighted ACI,0.9333333333333333,0.033333333333333326,4.082358707179516,0.0,0.06,,1.0,3.716508086896823,0.88,3.8042115425761063,0.94,3.8423008141871553,0.94,4.14834309309209,46.78764316171805,46.296644224396516,48.57543144347879,38.78918107379809,1.0894882375625647,no_changepoint_control,0.0,0,18
Hard-reset CP,0.8833333333333333,0.01666666666666672,3.693376266676074,0.0,0.06,,1.0,3.5596345029506806,0.88,3.55340081239465,0.88,3.5263664908652617,0.89,3.936007628082615,48.0,47.0,51.0,9.0,1.5991140002835806,no_changepoint_control,0.0,0,18
Hard-reset ACI,0.9266666666666666,0.026666666666666616,4.173063427467976,0.0,0.06,,1.0,3.725061156019035,0.88,3.8282548702624593,0.92,4.028943982370393,0.93,4.345833347928296,48.0,47.0,51.0,9.0,1.5948633578454043,no_changepoint_control,0.0,0,18
BOCPD-weighted CP,0.9,0.0,3.2442594135980967,0.0,0.0,88.0,1.0,4.320335260114047,1.0,4.094008432049414,1.0,3.754329259180555,0.93,3.31713757000862,43.55337453031744,40.75300370285749,44.623974447588374,45.77968759342388,1.2367015637987795,shift1.0_ramp0,1.0,0,19
BOCPD-weighted ACI,0.9233333333333333,0.023333333333333317,3.6815435004181025,0.0,0.0,88.0,1.0,5.289659548757023,1.0,4.882994520759361,1.0,4.2781162815211795,0.97,3.8155300553144986,43.55337453031744,40.75300370285749,44.623974447588374,45.77968759342388,1.1729545583998326,shift1.0_ramp0,1.0,0,19
Hard-reset CP,0.9,0.0,3.4048032814537614,0.0,0.0,88.0,1.0,4.22431190779939,1.0,4.083104668852977,1.0,3.792703677252716,0.95,3.663032081473968,51.0,39.0,44.0,50.0,1.1185252699593897,shift1.0_ramp0,1.0,0,19
Hard-reset ACI,0.93,0.030000000000000027,3.879626726444559,0.0,0.0,88.0,1.0,5.2087111637979016,1.0,4.914092882948543,1.0,4.35973948806828,0.97,4.112108592997575,51.0,39.0,44.0,50.0,1.1729545583998326,shift1.0_ramp0,1.0,0,19
BOCPD-weighted CP,0.89,0.010000000000000009,3.259042836266341,0.0,0.0,88.0,1.0,3.9756362864843764,0.88,4.173548637958687,0.94,3.8517995452099694,0.9,3.364205231151154,44.54200761819533,41.842561831453494,43.915163605303235,44.89566751274979,1.2367015637987795,shift1.0_ramp10,1.0,10,19
BOCPD-weighted ACI,0.9233333333333333,0.023333333333333317,3.6914159714149704,0.0,0.0,88.0,1.0,5.133665316109373,1.0,4.892952785879919,1.0,4.3598349701326775,0.97,3.8444600667014606,44.54200761819533,41.842561831453494,43.915163605303235,44.89566751274979,1.1729545583998326,shift1.0_ramp10,1.0,10,19
Hard-reset CP,0.89,0.010000000000000009,3.42118281179897,0.0,0.0,88.0,1.0,3.771898278207113,0.88,4.092872742060205,0.94,3.8971261278705835,0.92,3.70108142420496,51.0,51.0,48.0,42.0,1.1254066614689544,shift1.0_ramp10,1.0,10,19
Hard-reset ACI,0.9266666666666666,0.026666666666666616,3.897479119882969,0.0,0.0,88.0,1.0,4.640957655614565,0.96,4.86880442203831,0.98,4.47576426764066,0.96,4.164026660802623,51.0,51.0,48.0,42.0,1.1729545583998326,shift1.0_ramp10,1.0,10,19
BOCPD-weighted CP,0.89,0.010000000000000009,3.1947755777344433,0.0,0.0,88.0,1.0,3.9236526874659376,0.92,3.752655597992955,0.94,3.5707008176617614,0.9,3.193156515439593,44.52157167896788,40.891488490780766,43.48907265072887,42.8992709440382,1.2367015637987795,shift1.0_ramp40,1.0,40,19
BOCPD-weighted ACI,0.9233333333333333,0.023333333333333317,3.6466140775672047,0.0,0.0,88.0,1.0,5.055668199785548,1.0,4.587540856152409,1.0,4.114138873798379,0.96,3.687649100407882,44.52157167896788,40.891488490780766,43.48907265072887,42.8992709440382,1.1729545583998326,shift1.0_ramp40,1.0,40,19
Hard-reset CP,0.8866666666666667,0.013333333333333308,3.350654769702085,0.0,0.0,88.0,1.0,3.7718982782071135,0.96,3.782056402822812,0.94,3.585855652175694,0.91,3.48627869731304,51.0,51.0,48.0,40.0,1.0,shift1.0_ramp40,1.0,40,19
Hard-reset ACI,0.9266666666666666,0.026666666666666616,3.835245624469868,0.0,0.0,88.0,1.0,4.71895477193839,1.0,4.593029749892356,0.98,4.1629180410043585,0.95,3.9669341982023796,51.0,51.0,48.0,40.0,1.1729545583998326,shift1.0_ramp40,1.0,40,19
BOCPD-weighted CP,0.8933333333333333,0.00666666666666671,3.3793893943671285,2.0,0.0,88.0,0.8,5.187374476921588,0.92,5.263667684139676,0.96,4.51222391077517,0.91,3.695084973235117,37.17001913055559,35.85607444781816,41.84502368274832,46.13401606132868,1.4955790951705492,shift2.0_ramp0,2.0,0,19
BOCPD-weighted ACI,0.9233333333333333,0.023333333333333317,3.778106517812148,2.0,0.0,88.0,0.8,5.530454663747285,0.92,5.476251152163516,0.96,4.789175476128494,0.95,4.048155103768377,37.17001913055559,35.85607444781816,41.84502368274832,46.13401606132868,1.249821515408008,shift2.0_ramp0,2.0,0,19
Hard-reset CP,0.8933333333333333,0.00666666666666671,3.538343340582093,2.0,0.0,88.0,0.8,5.066929780949652,0.92,5.075772255515955,0.96,4.529461755420431,0.93,4.025489674020628,35.0,39.0,44.0,43.0,1.3526650730777618,shift2.0_ramp0,2.0,0,19
Hard-reset ACI,0.9266666666666666,0.026666666666666616,3.9526218165084313,2.0,0.0,88.0,0.8,5.421706518360006,0.92,5.428677421153346,0.96,4.791369859168686,0.95,4.32079732691597,35.0,39.0,44.0,43.0,1.249821515408008,shift2.0_ramp0,2.0,0,19
BOCPD-weighted CP,0.89,0.010000000000000009,3.355662430235038,0.0,0.0,88.0,1.0,4.079603484521256,0.88,4.757245278113405,0.94,4.373896903913391,0.9,3.6284199058413016,44.53923895010026,41.366667199477625,43.71394232235623,45.39837968557768,1.506095909012191,shift2.0_ramp10,2.0,10,19
BOCPD-weighted ACI,0.92,0.020000000000000018,3.77820085705085,0.0,0.0,88.0,1.0,5.289659548757023,0.88,5.387644403875297,0.94,4.793451996731342,0.94,4.0427725257630724,44.53923895010026,41.366667199477625,43.71394232235623,45.39837968557768,1.2321121613727164,shift2.0_ramp10,2.0,10,19
Hard-reset CP,0.88,0.020000000000000018,3.4964707741259295,0.0,0.0,88.0,0.9,3.932517745244347,0.76,4.376606749467353,0.88,4.2555763752199365,0.89,3.8887242833563853,51.0,39.0,44.0,42.0,1.3621769249146767,shift2.0_ramp10,2.0,10,19
Hard-reset ACI,0.9166666666666666,0.016666666666666607,3.926385014674854,0.0,0.0,88.0,1.0,4.974719814826425,0.8,4.934884554385625,0.9,4.626591416003268,0.92,4.24208692141524,51.0,39.0,44.0,42.0,1.2278970115920729,shift2.0_ramp10,2.0,10,19
BOCPD-weighted CP,0.8933333333333333,0.00666666666666671,3.2350009523353114,0.0,0.0,,1.0,3.9756362864843764,0.92,3.917081806739991,0.92,3.7330731953096516,0.91,3.31554196393745,44.53050692554586,41.33398499931841,43.57340720811768,43.836633070540536,1.2367015637987795,shift2.0_ramp40,2.0,40,19
BOCPD-weighted ACI,0.9233333333333333,0.023333333333333317,3.706435412022514,0.0,0.0,,1.0,5.055668199785548,1.0,4.744336685789631,1.0,4.381017820822926,0.96,3.8661560825008796,44.53050692554586,41.33398499931841,43.57340720811768,43.836633070540536,1.1729545583998326,shift2.0_ramp40,2.0,40,19
Hard-reset CP,0.88,0.020000000000000018,3.354076076445765,0.0,0.0,,1.0,3.7718982782071135,0.92,3.910056402822812,0.9,3.757560014458317,0.89,3.49654261754408,51.0,51.0,48.0,40.0,1.0708406829899872,shift2.0_ramp40,2.0,40,19
Hard-reset ACI,0.93,0.030000000000000027,3.8701454585004695,0.0,0.0,,1.0,4.640957655614565,1.0,4.671029749892356,1.0,4.392843352085724,0.96,4.045173224118071,51.0,51.0,48.0,40.0,1.1729545583998326,shift2.0_ramp40,2.0,40,19
BOCPD-weighted CP,0.8933333333333333,0.00666666666666671,3.5613686415573684,1.0,0.0,,0.8,8.239587097285751,0.92,7.822309533186254,0.96,5.626061318304878,0.91,4.225618351794054,19.079692357491787,6.926091986700448,17.584425647554408,19.51239632538708,2.4914453532789937,shift4.0_ramp0,4.0,0,19
BOCPD-weighted ACI,0.92,0.020000000000000018,3.948485973577891,1.0,0.0,,0.8,8.399683199164206,0.92,8.117650774359515,0.96,5.867755168796477,0.93,4.537312155534769,19.079692357491787,6.926091986700448,17.584425647554408,19.51239632538708,2.0145889891381836,shift4.0_ramp0,4.0,0,19
Hard-reset CP,0.8833333333333333,0.01666666666666672,3.5777442526713608,1.0,0.0,,0.8,8.273898871618437,0.88,7.522864099111237,0.9,5.270230324282068,0.9,4.161575320494444,3.0,7.0,12.0,12.0,2.2533686929330004,shift4.0_ramp0,4.0,0,19
Hard-reset ACI,0.9233333333333333,0.023333333333333317,4.0167055381604,1.0,0.0,,0.8,8.536831818635221,0.88,7.762849036459447,0.94,5.518437316074692,0.94,4.504875474838145,3.0,7.0,12.0,12.0,2.0145889891381836,shift4.0_ramp0,4.0,0,19
BOCPD-weighted CP,0.8833333333333333,0.01666666666666672,3.3905522279660096,13.0,0.0,88.0,0.8,4.601588771947261,0.8,5.544461318430759,0.9,4.5930883389630734,0.88,3.7405858055248946,44.428298891255004,39.11444302300802,37.78483137522921,30.269323220754394,2.127688793407189,shift4.0_ramp10,4.0,10,19
BOCPD-weighted ACI,0.92,0.020000000000000018,3.820737254828417,0.0,0.0,88.0,1.0,5.338870800317473,0.92,6.36025269781732,0.96,5.128775890100461,0.95,4.209601938841867,44.428298891255004,39.11444302300802,37.78483137522921,30.269323220754394,1.8529976329700852,shift4.0_ramp10,4.0,10,19
Hard-reset CP,0.8766666666666667,0.023333333333333317,3.4149248247574877,11.0,0.0,88.0,0.7,4.431679904556369,0.76,4.656793355416275,0.84,3.8513740030745076,0.87,3.6920253164717747,51.0,39.0,28.0,11.0,2.0726246776519743,shift4.0_ramp10,4.0,10,19
Hard-reset ACI,0.92,0.020000000000000018,3.833109026794291,0.0,0.0,88.0,0.9,5.1307140474740764,0.84,5.024354301550613,0.92,4.120817733029247,0.93,3.9912220367432303,51.0,39.0,28.0,11.0,1.8529976329700852,shift4.0_ramp10,4.0,10,19
BOCPD-weighted CP,0.8866666666666667,0.013333333333333308,3.3755064722976793,0.0,0.0,,1.0,3.9756362864843764,0.88,4.331604001222557,0.9,4.31957364693549,0.89,3.7224841447066215,44.54200761819533,41.842561831453494,43.915163605303235,45.03374614880897,1.3013359000350153,shift4.0_ramp40,4.0,40,19
BOCPD-weighted ACI,0.92,0.020000000000000018,3.8378456985854306,0.0,0.0,,1.0,5.133665316109373,0.96,5.087530918437282,0.98,4.969554362219169,0.95,4.237695820572209,44.54200761819533,41.842561831453494,43.915163605303235,45.03374614880897,1.1729545583998326,shift4.0_ramp40,4.0,40,19
Hard-reset CP,0.8833333333333333,0.01666666666666672,3.4616585463353173,0.0,0.0,,1.0,3.771898278207113,0.88,4.281036939298031,0.92,4.364397106099858,0.89,3.80552788790119,51.0,51.0,48.0,42.0,1.2643018794154164,shift4.0_ramp40,4.0,40,19
Hard-reset ACI,0.9166666666666666,0.016666666666666607,3.9785649281955995,0.0,0.0,,1.0,4.640957655614565,0.96,4.959071620874355,0.98,4.958667412966986,0.92,4.315178225897389,51.0,51.0,48.0,42.0,1.1729545583998326,shift4.0_ramp40,4.0,40,19
BOCPD-weighted CP,0.8966666666666666,0.0033333333333334103,3.193399292868297,0.0,0.0,88.0,1.0,3.9236526874659376,0.96,3.6793176865701254,0.98,3.4829132447037163,0.92,3.1657217369549797,44.51052717687092,40.37588804199854,43.58413107682442,42.60123343280808,1.2367015637987795,no_changepoint_control,0.0,0,19
BOCPD-weighted ACI,0.9266666666666666,0.026666666666666616,3.6339931480617014,0.0,0.0,88.0,1.0,5.133665316109373,1.0,4.505804850424321,1.0,3.9799668468679044,0.97,3.6291129835069165,44.51052717687092,40.37588804199854,43.58413107682442,42.60123343280808,1.1729545583998326,no_changepoint_control,0.0,0,19
Hard-reset CP,0.8933333333333333,0.00666666666666671,3.3644198273859773,0.0,0.0,88.0,1.0,3.8238818772255527,0.96,3.7442660410824486,0.96,3.514452283551049,0.92,3.5061821780992926,51.0,16.0,48.0,36.0,1.0,no_changepoint_control,0.0,0,19
Hard-reset ACI,0.93,0.030000000000000027,3.8073516486699583,0.0,0.0,88.0,1.0,4.796951888262215,1.0,4.4572691170119105,0.98,3.941912552335623,0.96,3.8489780415511796,51.0,16.0,48.0,36.0,1.1729545583998326,no_changepoint_control,0.0,0,19
BOCPD-weighted CP,0.8833333333333333,0.01666666666666672,3.4887614933858475,0.0,0.0,,0.9,4.660302218826115,0.96,4.538948816049694,0.98,4.2071369243857655,0.92,3.651191901035868,38.91671449993106,42.41214399555649,44.988252109728826,44.64397588877085,1.4385633564955573,shift1.0_ramp0,1.0,0,20
BOCPD-weighted ACI,0.9166666666666666,0.016666666666666607,3.97232247122474,0.0,0.0,,0.9,5.518297197848606,0.96,5.090655382600065,0.98,4.610903790743268,0.94,4.007935529867883,38.91671449993106,42.41214399555649,44.988252109728826,44.64397588877085,1.0478549673600495,shift1.0_ramp0,1.0,0,20
Hard-reset CP,0.88,0.020000000000000018,3.4709475662659193,0.0,0.0,,0.9,4.676918918469618,0.96,4.575954321571221,0.98,4.257678330120341,0.92,3.6572106885274205,39.0,43.0,48.0,43.0,1.4729424542192975,shift1.0_ramp0,1.0,0,20
Hard-reset ACI,0.92,0.020000000000000018,3.982713468546534,0.0,0.0,,0.9,5.589619723136167,0.96,5.174540642322842,0.98,4.666506697553341,0.95,4.045828659166327,39.0,43.0,48.0,43.0,1.1918638321649269,shift1.0_ramp0,1.0,0,20
BOCPD-weighted CP,0.8766666666666667,0.023333333333333317,3.5192972077295326,5.0,0.0,,0.7,4.677469622418586,0.88,4.701852162086521,0.94,4.409458785796837,0.9,3.744476668778368,39.99940219072932,42.773100347779796,45.22276751979239,45.06823826657457,1.2935831834221887,shift1.0_ramp10,1.0,10,20
BOCPD-weighted ACI,0.92,0.020000000000000018,3.9821042778341535,0.0,0.0,,1.0,5.234631521173775,1.0,5.008731950288092,1.0,4.691601185127578,0.95,4.045137394105872,39.99940219072932,42.773100347779796,45.22276751979239,45.06823826657457,1.0,shift1.0_ramp10,1.0,10,20
Hard-reset CP,0.87,0.030000000000000027,3.496547495317868,5.0,0.0,,0.7,4.670153221279307,0.84,4.689805737675938,0.92,4.43456972622026,0.89,3.74015856284686,39.0,43.0,48.0,43.0,1.345869947806273,shift1.0_ramp10,1.0,10,20
Hard-reset ACI,0.9233333333333333,0.023333333333333317,3.9970067512800718,0.0,0.0,,1.0,5.397484623653385,1.0,5.172830290712126,1.0,4.799421636075976,0.96,4.1120691032703585,39.0,43.0,48.0,43.0,1.187753915212881,shift1.0_ramp10,1.0,10,20
BOCPD-weighted CP,0.8766666666666667,0.023333333333333317,3.5017827194893045,1.0,0.0,,0.8,4.740408892558664,0.88,4.636800223895414,0.92,4.286478410611542,0.9,3.689837583933198,39.96053217259718,42.74051877315196,45.05843678635661,45.091433650759484,1.314456775943017,shift1.0_ramp40,1.0,40,20
BOCPD-weighted ACI,0.9233333333333333,0.023333333333333317,3.9813835169859066,0.0,0.0,,1.0,5.355275019671547,1.0,5.168607421234137,1.0,4.726856686747411,0.96,4.03386791465189,39.96053217259718,42.74051877315196,45.05843678635661,45.091433650759484,1.0,shift1.0_ramp40,1.0,40,20
Hard-reset CP,0.8733333333333333,0.026666666666666727,3.483648511838256,1.0,0.0,,0.8,4.733092491419383,0.88,4.655846844585522,0.92,4.345197922011092,0.9,3.7032849034903266,39.0,43.0,48.0,43.0,1.345869947806273,shift1.0_ramp40,1.0,40,20
Hard-reset ACI,0.92,0.020000000000000018,3.9938240556652698,0.0,0.0,,1.0,5.397484623653385,1.0,5.175675005476424,1.0,4.762176300056451,0.95,4.099100008163308,39.0,43.0,48.0,43.0,1.187753915212881,shift1.0_ramp40,1.0,40,20
BOCPD-weighted CP,0.88,0.020000000000000018,3.499397936789743,1.0,0.0,,0.8,4.896068890829219,0.92,4.767240941661038,0.96,4.292514610340019,0.91,3.6816109655434754,32.82065822540796,37.88827421842002,40.990665493215346,43.30712355039228,1.4385633564955573,shift2.0_ramp0,2.0,0,20
BOCPD-weighted ACI,0.9133333333333333,0.013333333333333308,4.014030836841786,1.0,0.0,,0.8,5.87387925410331,0.92,5.597401385339785,0.96,4.856150974447569,0.93,4.130559121720033,32.82065822540796,37.88827421842002,40.990665493215346,43.30712355039228,1.6580934364144524,shift2.0_ramp0,2.0,0,20
Hard-reset CP,0.8766666666666667,0.023333333333333317,3.506363680692541,1.0,0.0,,0.8,5.536476061618526,0.92,5.056703447599279,0.96,4.475777417992943,0.91,3.7666458623400643,2.0,43.0,48.0,43.0,2.442276215557212,shift2.0_ramp0,2.0,0,20
Hard-reset ACI,0.92,0.020000000000000018,4.034298127659597,0.0,0.0,,0.9,6.577276571748895,0.96,5.891540379470416,0.98,4.999235997270995,0.95,4.214376283867868,2.0,43.0,48.0,43.0,1.8859686299825498,shift2.0_ramp0,2.0,0,20
BOCPD-weighted CP,0.8766666666666667,0.023333333333333317,3.5105826788428462,1.0,0.0,,0.8,4.600482332746772,0.88,4.6385858137268565,0.94,4.348608359012409,0.9,3.7172608118272708,40.04811099365758,42.76940725631026,44.97383333107593,44.180248451643415,1.314456775943017,shift2.0_ramp10,2.0,10,20
BOCPD-weighted ACI,0.9133333333333333,0.013333333333333308,4.009128956510119,0.0,0.0,,0.9,5.2346315211737755,0.92,5.214493665097978,0.96,4.870028627139899,0.93,4.124960677634274,40.04811099365758,42.76940725631026,44.97383333107593,44.180248451643415,1.0,shift2.0_ramp10,2.0,10,20
Hard-reset CP,0.8733333333333333,0.026666666666666727,3.5088088453896535,1.0,0.0,,0.8,4.613978205121567,0.88,4.659482110530707,0.94,4.45156523662087,0.91,3.7961269569498173,39.0,43.0,48.0,43.0,1.345869947806273,shift2.0_ramp10,2.0,10,20
Hard-reset ACI,0.92,0.020000000000000018,4.031154319264875,0.0,0.0,,0.9,5.421258798749239,0.96,5.383280282937021,0.98,5.024754661025571,0.95,4.224109210715251,39.0,43.0,48.0,43.0,1.187753915212881,shift2.0_ramp10,2.0,10,20
BOCPD-weighted CP,0.8766666666666667,0.023333333333333317,3.522141789295888,1.0,0.0,,0.8,4.740408892558664,0.88,4.6469107231324855,0.92,4.403484767833978,0.9,3.745111195244375,39.97370980726524,42.760590953842154,45.11846859788607,45.131901933193305,1.314456775943017,shift2.0_ramp40,2.0,40,20
BOCPD-weighted ACI,0.92,0.020000000000000018,4.026516012324509,0.0,0.0,,1.0,5.3012750196715475,0.96,5.1295169215885945,0.98,4.862308768717004,0.95,4.17880476191956,39.97370980726524,42.760590953842154,45.11846859788607,45.131901933193305,1.0,shift2.0_ramp40,2.0,40,20
Hard-reset CP,0.8766666666666667,0.023333333333333317,3.504187339144719,1.0,0.0,,0.8,4.733092491419383,0.88,4.66306862975486,0.94,4.47106473880197,0.91,3.7642446867053287,39.0,43.0,48.0,43.0,1.345869947806273,shift2.0_ramp40,2.0,40,20
Hard-reset ACI,0.9133333333333333,0.013333333333333308,4.020304052682812,0.0,0.0,,1.0,5.397484623653385,0.96,5.207586148711173,0.98,4.923965564421912,0.93,4.180332575121469,39.0,43.0,48.0,43.0,1.187753915212881,shift2.0_ramp40,2.0,40,20
BOCPD-weighted CP,0.88,0.020000000000000018,3.7679442012308177,1.0,0.0,0.0,0.8,10.341773648490932,0.92,8.02575749074517,0.94,5.813995256594669,0.91,4.462466689594735,7.360613159230656,11.626413618813551,17.8021299096688,20.39711977870274,3.4560881426002386,shift4.0_ramp0,4.0,0,20
BOCPD-weighted ACI,0.9166666666666666,0.016666666666666607,4.251204718513388,0.0,0.0,0.0,0.9,12.156473666406262,0.96,8.803153743724083,0.96,6.238568541484212,0.93,4.816040808524332,7.360613159230656,11.626413618813551,17.8021299096688,20.39711977870274,2.4024580683186003,shift4.0_ramp0,4.0,0,20
Hard-reset CP,0.8766666666666667,0.023333333333333317,3.7824455625288564,0.0,0.0,0.0,0.9,11.992649634568291,0.92,8.43747366118396,0.94,6.02727580172242,0.91,4.552732708881492,3.0,7.0,16.0,17.0,3.5386824833081514,shift4.0_ramp0,4.0,0,20
Hard-reset ACI,0.9166666666666666,0.016666666666666607,4.269441295638168,0.0,0.0,0.0,0.9,12.156473666406262,0.92,8.977752751249994,0.96,6.390470811231621,0.94,4.908347644213522,3.0,7.0,16.0,17.0,2.732632825261849,shift4.0_ramp0,4.0,0,20
BOCPD-weighted CP,0.8733333333333333,0.026666666666666727,3.6011208872426694,11.0,0.0,,0.8,4.600482332746772,0.84,5.4267502073391025,0.92,4.912652791239155,0.89,3.988424874132868,40.13436723271907,42.35054229193104,33.111722354706544,38.528614794479616,1.8370872579604274,shift4.0_ramp10,4.0,10,20
BOCPD-weighted ACI,0.9133333333333333,0.013333333333333308,4.118699441702244,0.0,0.0,,0.9,5.2120460538083755,0.92,6.319536077363615,0.96,5.517504779747608,0.93,4.444528642223467,40.13436723271907,42.35054229193104,33.111722354706544,38.528614794479616,1.5840342392952838,shift4.0_ramp10,4.0,10,20
Hard-reset CP,0.87,0.030000000000000027,3.6320810833350055,9.0,0.0,,0.8,4.974180936984461,0.88,6.337711154434368,0.92,5.257909589951462,0.89,4.153829149014843,39.0,43.0,4.0,37.0,2.333191279994993,shift4.0_ramp10,4.0,10,20
Hard-reset ACI,0.9133333333333333,0.013333333333333308,4.118809083570727,0.0,0.0,,0.9,5.711327713055027,0.92,6.915190364406065,0.94,5.637267183138755,0.93,4.5173937940393225,39.0,43.0,4.0,37.0,1.8017313249785067,shift4.0_ramp10,4.0,10,20
BOCPD-weighted CP,0.8733333333333333,0.026666666666666727,3.6192646546207454,5.0,0.0,,0.7,4.677469622418586,0.84,4.734343260329984,0.9,4.687058830651581,0.89,4.016094104741815,39.99940219072932,42.773100347779796,45.22276751979239,45.0834749865213,1.2935831834221887,shift4.0_ramp40,4.0,40,20
BOCPD-weighted ACI,0.9266666666666666,0.026666666666666616,4.088616821402113,0.0,0.0,,1.0,5.234631521173775,0.96,5.030564301071988,0.96,5.00217455596134,0.96,4.349216443024771,39.99940219072932,42.773100347779796,45.22276751979239,45.0834749865213,1.0,shift4.0_ramp40,4.0,40,20
Hard-reset CP,0.87,0.030000000000000027,3.583910425983208,5.0,0.0,,0.7,4.670153221279307,0.84,4.700219208133729,0.9,4.677818792150964,0.89,3.9580632619365432,39.0,43.0,48.0,43.0,1.345869947806273,shift4.0_ramp40,4.0,40,20
Hard-reset ACI,0.92,0.020000000000000018,4.0735064712029985,0.0,0.0,,1.0,5.397484623653385,0.96,5.213206498480522,0.96,5.107226359738063,0.93,4.318629584205171,39.0,43.0,48.0,43.0,1.187753915212881,shift4.0_ramp40,4.0,40,20
BOCPD-weighted CP,0.88,0.020000000000000018,3.4908664346020872,1.0,0.0,,0.8,4.740408892558664,0.92,4.588636357293078,0.96,4.206952047108912,0.91,3.655493077903925,39.94713384506678,42.706119714871896,45.008443910889,45.111603224477776,1.314456775943017,no_changepoint_control,0.0,0,20
BOCPD-weighted ACI,0.9166666666666666,0.016666666666666607,3.9789961998264443,0.0,0.0,,0.9,5.397420162633542,0.96,5.197755764342926,0.98,4.6521994904286705,0.94,4.029207468172489,39.94713384506678,42.706119714871896,45.008443910889,45.111603224477776,1.022060840738427,no_changepoint_control,0.0,0,20
Hard-reset CP,0.88,0.020000000000000018,3.484001593934792,1.0,0.0,,0.8,4.733092491419383,0.92,4.6464188109436,0.96,4.296557921098159,0.92,3.6916534666356444,39.0,43.0,48.0,43.0,1.345869947806273,no_changepoint_control,0.0,0,20
Hard-reset ACI,0.92,0.020000000000000018,3.996071824362635,0.0,0.0,,0.9,5.45675890884341,0.96,5.2357170912724795,0.98,4.735681460651483,0.95,4.085903726614631,39.0,43.0,48.0,43.0,1.187753915212881,no_changepoint_control,0.0,0,20
