Method,coverage,cov_gap,mean_width,recovery_step,false_alarm_rate,cp_delay,postcov10,postwidth10,postcov25,postwidth25,postcov50,postwidth50,postcov100,postwidth100,neff_t+1,neff_t+5,neff_t+10,neff_t+25,width_overshoot_ratio,condition,shift,ramp,seed
BOCPD-weighted CP,0.8766666666666667,0.023333333333333317,3.4312074561263817,0.0,0.0,,0.9,3.3996926374142857,0.88,3.289128740024255,0.88,3.255976114534525,0.89,3.447109307590259,49.99851673015995,49.99950056571294,49.99952165236888,49.99984258758498,1.0149103974814908,shift1.0_ramp0,1.0,0,0
BOCPD-weighted ACI,0.9166666666666666,0.016666666666666607,3.968007382959187,0.0,0.0,,1.0,3.640227312916457,1.0,3.5681065631935924,0.94,3.4701424761271085,0.94,3.816322004591391,49.99851673015995,49.99950056571294,49.99952165236888,49.99984258758498,1.0000000000000002,shift1.0_ramp0,1.0,0,0
Hard-reset CP,0.8733333333333333,0.026666666666666727,3.364107774104639,0.0,0.0,,0.9,3.384338683945098,0.88,3.276788760859938,0.88,3.2367154848398094,0.88,3.3675418819807423,50.0,50.0,50.0,50.0,1.0000000000000002,shift1.0_ramp0,1.0,0,0
Hard-reset ACI,0.9166666666666666,0.016666666666666607,3.9588330398008096,0.0,0.0,,1.0,3.640227312916457,1.0,3.5681065631935924,0.94,3.4701424761271085,0.94,3.8201593488260186,50.0,50.0,50.0,50.0,1.0000000000000002,shift1.0_ramp0,1.0,0,0
BOCPD-weighted CP,0.8766666666666667,0.023333333333333317,3.416884220071473,0.0,0.0,,1.0,3.3136223456705642,0.92,3.2122610223711052,0.88,3.155604087419607,0.89,3.4015503273378296,49.999506108278865,49.9996743049414,49.99970323154488,49.99978944152819,1.0,shift1.0_ramp10,1.0,10,0
BOCPD-weighted ACI,0.9133333333333333,0.013333333333333308,3.980105550671062,0.0,0.0,,1.0,3.58419656052097,0.96,3.5280743873346325,0.92,3.4536219146082634,0.93,3.8526165077270162,49.999506108278865,49.9996743049414,49.99970323154488,49.99978944152819,1.0000000000000002,shift1.0_ramp10,1.0,10,0
Hard-reset CP,0.8733333333333333,0.026666666666666727,3.3419122831109735,0.0,0.0,,1.0,3.3136223456705642,0.92,3.2105750779486226,0.88,3.1175008724115947,0.88,3.3009554089997475,50.0,50.0,50.0,50.0,1.0,shift1.0_ramp10,1.0,10,0
Hard-reset ACI,0.9133333333333333,0.013333333333333308,3.9709312075126846,0.0,0.0,,1.0,3.58419656052097,0.96,3.5280743873346325,0.92,3.4536219146082634,0.93,3.856453851961644,50.0,50.0,50.0,50.0,1.0000000000000002,shift1.0_ramp10,1.0,10,0
BOCPD-weighted CP,0.8766666666666667,0.023333333333333317,3.434586461037194,0.0,0.0,,0.9,3.3386785197351734,0.92,3.264962466776837,0.88,3.2020197281498146,0.89,3.4452868147955527,49.99951111567422,49.99966558639806,49.99965589228948,49.9997898411574,1.0,shift1.0_ramp40,1.0,40,0
BOCPD-weighted ACI,0.9066666666666666,0.006666666666666599,3.9852671737874985,0.0,0.0,,0.9,3.590489372985529,0.92,3.581484549486175,0.88,3.5510594378778273,0.91,3.862592667101258,49.99951111567422,49.99966558639806,49.99965589228948,49.9997898411574,1.0000000000000002,shift1.0_ramp40,1.0,40,0
Hard-reset CP,0.8733333333333333,0.026666666666666727,3.3570697491906802,0.0,0.0,,0.9,3.3200521152563836,0.92,3.2474894353594776,0.88,3.1449961016937045,0.88,3.346427807238868,50.0,50.0,50.0,50.0,1.0,shift1.0_ramp40,1.0,40,0
Hard-reset ACI,0.9066666666666666,0.006666666666666599,3.9735539037469305,0.0,0.0,,0.9,3.590489372985529,0.92,3.581484549486175,0.88,3.5510594378778273,0.91,3.8643219406643796,50.0,50.0,50.0,50.0,1.0000000000000002,shift1.0_ramp40,1.0,40,0
BOCPD-weighted CP,0.8733333333333333,0.026666666666666727,3.511229360311927,5.0,0.0,,0.6,4.05112652891234,0.84,3.920396799696661,0.88,3.7594782098342474,0.88,3.698294119005705,48.26298053421176,47.13876723189872,48.96919913881264,49.992812056387706,1.3519809151017101,shift2.0_ramp0,2.0,0,0
BOCPD-weighted ACI,0.9166666666666666,0.016666666666666607,4.1722396711011305,2.0,0.0,,0.7,4.575158032615487,0.88,4.598403828404691,0.94,4.58160836223303,0.94,4.433945385482451,48.26298053421176,47.13876723189872,48.96919913881264,49.992812056387706,1.243489900771359,shift2.0_ramp0,2.0,0,0
Hard-reset CP,0.87,0.030000000000000027,3.405257941560025,5.0,0.0,,0.6,3.5026410484434747,0.84,3.5130720574044,0.86,3.458114707013376,0.87,3.4909923843469026,50.0,50.0,50.0,50.0,1.0331830527614128,shift2.0_ramp0,2.0,0,0
Hard-reset ACI,0.9166666666666666,0.016666666666666607,4.161597250041239,2.0,0.0,,0.7,4.493125789424125,0.88,4.560541242809522,0.94,4.562803935002547,0.94,4.428451979547303,50.0,50.0,50.0,50.0,1.210664156837703,shift2.0_ramp0,2.0,0,0
BOCPD-weighted CP,0.87,0.030000000000000027,3.4963022916601023,15.0,0.0,,0.8,3.357304924213963,0.8,3.4790826404226936,0.86,3.5466863114976785,0.87,3.6535129130502337,49.99949653950958,49.999615726126635,49.998793656540414,49.971958993051594,1.055777834637118,shift2.0_ramp10,2.0,10,0
BOCPD-weighted ACI,0.9133333333333333,0.013333333333333308,4.083236772030183,10.0,0.0,,0.8,3.5967821854500883,0.88,3.83784450539345,0.9,3.9455465692165643,0.93,4.16693668826961,49.99949653950958,49.999615726126635,49.998793656540414,49.971958993051594,1.0413442281991434,shift2.0_ramp10,2.0,10,0
Hard-reset CP,0.87,0.030000000000000027,3.417722633048723,15.0,0.0,,0.8,3.3284594705087285,0.8,3.4425293636679477,0.86,3.459062987235786,0.87,3.5283864588129967,50.0,50.0,50.0,50.0,1.0331830527614128,shift2.0_ramp10,2.0,10,0
Hard-reset ACI,0.9133333333333333,0.013333333333333308,4.077171603395204,10.0,0.0,,0.8,3.5967821854500883,0.88,3.83784450539345,0.9,3.9455465692165643,0.93,4.175175039609199,50.0,50.0,50.0,50.0,1.0413442281991434,shift2.0_ramp10,2.0,10,0
BOCPD-weighted CP,0.87,0.030000000000000027,3.457135622434065,0.0,0.0,,0.9,3.3386785197351734,0.92,3.2866933504510065,0.84,3.2848862991826446,0.87,3.5223045344256074,49.99950965505341,49.99966786521267,49.99965195293189,49.99955808498846,1.0,shift2.0_ramp40,2.0,40,0
BOCPD-weighted ACI,0.9033333333333333,0.0033333333333332993,3.974858436240958,0.0,0.0,,0.9,3.5851435009452275,0.92,3.543268286026258,0.88,3.58534358326334,0.9,3.841801680901934,49.99950965505341,49.99966786521267,49.99965195293189,49.99955808498846,1.0000000000000002,shift2.0_ramp40,2.0,40,0
Hard-reset CP,0.8666666666666667,0.033333333333333326,3.399171048117333,0.0,0.0,,0.9,3.3200521152563836,0.92,3.2474894353594776,0.82,3.239170337435044,0.86,3.4727317040188272,50.0,50.0,50.0,50.0,1.0,shift2.0_ramp40,2.0,40,0
Hard-reset ACI,0.9033333333333333,0.0033333333333332993,3.966047150492782,0.0,0.0,,0.9,3.5851435009452275,0.92,3.543268286026258,0.88,3.58534358326334,0.9,3.841801680901934,50.0,50.0,50.0,50.0,1.0000000000000002,shift2.0_ramp40,2.0,40,0
BOCPD-weighted CP,0.8766666666666667,0.023333333333333317,3.7721069081223306,1.0,0.0,0.0,0.8,8.56883930212526,0.88,7.283424308932719,0.88,5.3009246021617935,0.89,4.478882600154467,3.469811343709786,7.490167088539163,12.854440128793723,16.965180328167513,2.683052630408067,shift4.0_ramp0,4.0,0,0
BOCPD-weighted ACI,0.9066666666666666,0.006666666666666599,4.342405936766323,1.0,0.0,0.0,0.8,8.654813855947202,0.88,7.550163471335297,0.88,5.592287539006895,0.91,4.944444182478032,3.469811343709786,7.490167088539163,12.854440128793723,16.965180328167513,2.4026046627291295,shift4.0_ramp0,4.0,0,0
Hard-reset CP,0.8733333333333333,0.026666666666666727,3.6800903398301226,1.0,0.0,0.0,0.8,8.614615054019362,0.88,6.882693835980003,0.88,5.107674309921136,0.88,4.315489579157193,3.0,7.0,12.0,18.0,2.683052630408067,shift4.0_ramp0,4.0,0,0
Hard-reset ACI,0.9066666666666666,0.006666666666666599,4.315857843034884,1.0,0.0,0.0,0.8,8.654813855947202,0.88,7.129460559976598,0.88,5.429481865027344,0.91,4.891233758528241,3.0,7.0,12.0,18.0,2.4026046627291295,shift4.0_ramp0,4.0,0,0
BOCPD-weighted CP,0.88,0.020000000000000018,3.682179258017618,8.0,0.0,,0.7,3.429746758600378,0.88,5.190088356779047,0.9,4.7742587572395045,0.9,4.211143812122781,49.99946623576242,49.998123208378246,8.226586945795368,22.701822558871537,1.9272034659047197,shift4.0_ramp10,4.0,10,0
BOCPD-weighted ACI,0.91,0.010000000000000009,4.282352679804077,8.0,0.0,,0.7,3.8267616783049085,0.88,5.4658363025353776,0.9,5.193616911019901,0.92,4.764284411591292,49.99946623576242,49.998123208378246,8.226586945795368,22.701822558871537,1.7257611650004017,shift4.0_ramp10,4.0,10,0
Hard-reset CP,0.8766666666666667,0.023333333333333317,3.6150307238597286,8.0,0.0,,0.7,3.382526989970998,0.88,5.148374642361663,0.9,4.735595295929246,0.89,4.120310731246012,50.0,50.0,8.0,23.0,1.9272034659047197,shift4.0_ramp10,4.0,10,0
Hard-reset ACI,0.91,0.010000000000000009,4.243551122821194,8.0,0.0,,0.7,3.824571804177572,0.88,5.464960352884444,0.9,5.04085861362316,0.92,4.674313597887174,50.0,50.0,8.0,23.0,1.7257611650004017,shift4.0_ramp10,4.0,10,0
BOCPD-weighted CP,0.8666666666666667,0.033333333333333326,3.53497884665064,0.0,0.0,,1.0,3.3136223456705642,0.84,3.330812079997743,0.82,3.563819753656925,0.86,3.769542578021845,49.999506108278865,49.9996743049414,49.99970323154488,49.97991997385907,1.0131897318428784,shift4.0_ramp40,4.0,40,0
BOCPD-weighted ACI,0.9133333333333333,0.013333333333333308,4.0568626006318524,0.0,0.0,,1.0,3.58419656052097,0.92,3.5783387012185983,0.9,3.8371050830768034,0.93,4.08781417407462,49.999506108278865,49.9996743049414,49.99970323154488,49.97991997385907,1.0142752445086045,shift4.0_ramp40,4.0,40,0
Hard-reset CP,0.8633333333333333,0.036666666666666736,3.4806392804814488,0.0,0.0,,1.0,3.3136223456705642,0.8,3.308040511059228,0.8,3.4844977359575626,0.85,3.717136401111174,50.0,50.0,50.0,50.0,1.0000000000000002,shift4.0_ramp40,4.0,40,0
Hard-reset ACI,0.9133333333333333,0.013333333333333308,4.044306874702564,0.0,0.0,,1.0,3.58419656052097,0.92,3.5509298207492375,0.9,3.814638441990123,0.93,4.07658085353128,50.0,50.0,50.0,50.0,1.0000000000000002,shift4.0_ramp40,4.0,40,0
BOCPD-weighted CP,0.8733333333333333,0.026666666666666727,3.4299380473027608,0.0,0.0,,0.9,3.3386785197351734,0.88,3.2599152345466624,0.86,3.216283286314339,0.88,3.4313415735922526,49.99951236182163,49.999666132935964,49.9996251817726,49.99983904076183,1.0000000000000002,no_changepoint_control,0.0,0,0
BOCPD-weighted ACI,0.9133333333333333,0.013333333333333308,3.9943232674249174,0.0,0.0,,0.9,3.590489372985529,0.96,3.5482113872212215,0.92,3.4888740269022027,0.93,3.8897609480135156,49.99951236182163,49.999666132935964,49.9996251817726,49.99983904076183,1.0000000000000002,no_changepoint_control,0.0,0,0
Hard-reset CP,0.87,0.030000000000000027,3.356542571154402,0.0,0.0,,0.9,3.3200521152563836,0.88,3.248332407570719,0.86,3.183166906914218,0.87,3.3448462731300332,50.0,50.0,50.0,50.0,1.0,no_changepoint_control,0.0,0,0
Hard-reset ACI,0.9133333333333333,0.013333333333333308,3.9833126876081844,0.0,0.0,,0.9,3.590489372985529,0.96,3.5482113872212215,0.92,3.4888740269022027,0.93,3.8935982922481434,50.0,50.0,50.0,50.0,1.0000000000000002,no_changepoint_control,0.0,0,0
BOCPD-weighted CP,0.8833333333333333,0.01666666666666672,3.257564782517715,5.0,0.0,173.0,0.6,3.003297842151651,0.72,3.184855517149574,0.86,3.5834896441762316,0.87,3.4827053294996686,49.98210156172774,49.90505038717304,49.75444264870157,46.317929652391754,1.5041986362438198,shift1.0_ramp0,1.0,0,1
BOCPD-weighted ACI,0.92,0.020000000000000018,3.8506707043780892,5.0,0.0,173.0,0.7,3.5168693050917974,0.8,3.8436152713398855,0.9,4.241971750352596,0.89,4.11724806176759,49.98210156172774,49.90505038717304,49.75444264870157,46.317929652391754,1.578458759831498,shift1.0_ramp0,1.0,0,1
Hard-reset CP,0.88,0.020000000000000018,3.169897410109671,5.0,0.0,173.0,0.6,2.93905773372011,0.72,3.017658171502069,0.86,3.430835279451218,0.86,3.319318829421127,50.0,50.0,50.0,50.0,1.2703396143739494,shift1.0_ramp0,1.0,0,1
Hard-reset ACI,0.9266666666666666,0.026666666666666616,3.86586526960174,5.0,0.0,173.0,0.7,3.5168693050917974,0.8,3.8436152713398855,0.9,4.2393677214010195,0.9,4.100466674226712,50.0,50.0,50.0,50.0,1.578458759831498,shift1.0_ramp0,1.0,0,1
BOCPD-weighted CP,0.8866666666666667,0.013333333333333308,3.2076325423223877,5.0,0.0,173.0,0.8,2.9250091830583727,0.8,2.995326979659047,0.88,3.2281684208196135,0.88,3.3249438871301633,49.99676318343086,49.99808716200294,49.977408713604255,46.13664359241156,1.2703396143739494,shift1.0_ramp10,1.0,10,1
BOCPD-weighted ACI,0.9233333333333333,0.023333333333333317,3.813774502612817,5.0,0.0,173.0,0.8,3.1122885289257773,0.8,3.326246394663589,0.9,3.9778102005934746,0.9,3.9983383674910336,49.99676318343086,49.99808716200294,49.977408713604255,46.13664359241156,1.578458759831498,shift1.0_ramp10,1.0,10,1
Hard-reset CP,0.88,0.020000000000000018,3.120378993042193,5.0,0.0,173.0,0.8,2.854030130707992,0.76,2.932843810025753,0.86,3.090703314323906,0.86,3.160231175108395,50.0,50.0,50.0,50.0,1.2517229062139295,shift1.0_ramp10,1.0,10,1
Hard-reset ACI,0.9266666666666666,0.026666666666666616,3.8318425505039992,5.0,0.0,173.0,0.8,3.1122885289257773,0.8,3.326246394663589,0.9,3.9679321344017864,0.9,3.9611314076479527,50.0,50.0,50.0,50.0,1.578458759831498,shift1.0_ramp10,1.0,10,1
BOCPD-weighted CP,0.89,0.010000000000000009,3.1853199291467305,0.0,0.0,173.0,0.9,2.873003936570294,0.84,2.9055592417413165,0.9,3.1253812574485256,0.89,3.257905750409469,49.996841458503546,49.99846523773823,49.996703310350895,39.854095284971706,1.2703396143739494,shift1.0_ramp40,1.0,40,1
BOCPD-weighted ACI,0.9333333333333333,0.033333333333333326,3.8272957843466764,0.0,0.0,173.0,0.9,3.030430815466059,0.84,3.2637396936232044,0.92,3.8078209732600845,0.93,3.997965753554359,49.996841458503546,49.99846523773823,49.996703310350895,39.854095284971706,1.3881064921514508,shift1.0_ramp40,1.0,40,1
Hard-reset CP,0.8866666666666667,0.013333333333333308,3.1186089766612213,0.0,0.0,173.0,0.9,2.8239217152137424,0.84,2.8419468307829288,0.9,3.0197358559315486,0.88,3.1157282312010164,50.0,50.0,50.0,50.0,1.117877695119202,shift1.0_ramp40,1.0,40,1
Hard-reset ACI,0.9366666666666666,0.036666666666666625,3.837695087452045,0.0,0.0,173.0,0.9,3.030430815466059,0.84,3.2637396936232044,0.92,3.7976598142616336,0.93,3.950731680158752,50.0,50.0,50.0,50.0,1.3881064921514508,shift1.0_ramp40,1.0,40,1
BOCPD-weighted CP,0.8766666666666667,0.023333333333333317,3.3930877900334466,5.0,0.0,173.0,0.5,4.478097444754509,0.72,4.9480295302674095,0.84,4.614896194040643,0.85,3.9313953182036663,45.12101718672069,11.220443333927117,17.115508798339814,32.432972842304856,2.232132679728764,shift2.0_ramp0,2.0,0,1
BOCPD-weighted ACI,0.9266666666666666,0.026666666666666616,3.9275993180688737,2.0,0.0,173.0,0.8,4.984873524699158,0.92,5.381099303655085,0.94,5.037428087120666,0.91,4.3992615233312,45.12101718672069,11.220443333927117,17.115508798339814,32.432972842304856,1.9072080243551672,shift2.0_ramp0,2.0,0,1
Hard-reset CP,0.8633333333333333,0.036666666666666736,3.2792087713360463,5.0,0.0,173.0,0.5,4.424464776684213,0.72,4.65940765580157,0.8,4.021499912588836,0.82,3.4550394171409557,50.0,7.0,18.0,33.0,2.232132679728764,shift2.0_ramp0,2.0,0,1
Hard-reset ACI,0.9066666666666666,0.006666666666666599,3.935230824249447,4.0,0.0,173.0,0.6,4.690000364671088,0.8,4.896126013832342,0.84,4.354121867555391,0.86,4.06647376529973,50.0,7.0,18.0,33.0,1.9072080243551672,shift2.0_ramp0,2.0,0,1
BOCPD-weighted CP,0.8833333333333333,0.01666666666666672,3.279731011252289,9.0,0.0,173.0,0.8,3.0174736114233025,0.76,3.25820546417847,0.86,3.6312131846533195,0.87,3.568097706787098,49.99656346044935,49.98942395398494,46.49793036663078,32.768055710644575,1.5324974658438364,shift2.0_ramp10,2.0,10,1
BOCPD-weighted ACI,0.9266666666666666,0.026666666666666616,3.8379994572866236,5.0,0.0,173.0,0.8,3.279983932023312,0.84,3.864069834738125,0.92,4.244965191870708,0.91,4.102410817739223,49.99656346044935,49.98942395398494,46.49793036663078,32.768055710644575,1.578458759831498,shift2.0_ramp10,2.0,10,1
Hard-reset CP,0.88,0.020000000000000018,3.218298237353222,9.0,0.0,173.0,0.8,3.1880536234694317,0.76,3.1382665178890776,0.86,3.5872767648945625,0.86,3.4645213111517785,50.0,50.0,50.0,18.0,2.4638723368163915,shift2.0_ramp10,2.0,10,1
Hard-reset ACI,0.93,0.030000000000000027,3.873179429083052,5.0,0.0,173.0,0.8,3.4374460791193564,0.84,3.79685699628734,0.92,4.299597749037055,0.91,4.122409152670649,50.0,50.0,50.0,18.0,2.102425694585625,shift2.0_ramp10,2.0,10,1
BOCPD-weighted CP,0.89,0.010000000000000009,3.201372826856015,0.0,0.0,173.0,0.9,2.87606978252746,0.84,2.9047844130371367,0.9,3.192103535807095,0.89,3.310126189049061,49.99682158762197,49.9983996841739,49.99409602689532,35.5378908245638,1.2703396143739494,shift2.0_ramp40,2.0,40,1
BOCPD-weighted ACI,0.93,0.030000000000000027,3.8264939217911205,0.0,0.0,173.0,0.9,3.030430815466059,0.84,3.2891809912828,0.9,3.851876537567606,0.92,4.028607557400697,49.99682158762197,49.9983996841739,49.99409602689532,35.5378908245638,1.360825783544303,shift2.0_ramp40,2.0,40,1
Hard-reset CP,0.8833333333333333,0.01666666666666672,3.1294183022955306,5.0,0.0,173.0,0.8,2.8361850990424076,0.8,2.8517575378458617,0.88,3.1156450762009222,0.87,3.1873491028684087,50.0,50.0,50.0,7.0,1.1178776951192022,shift2.0_ramp40,2.0,40,1
Hard-reset ACI,0.9333333333333333,0.033333333333333326,3.8453763452898793,0.0,0.0,173.0,0.9,3.030430815466059,0.84,3.2891809912828,0.9,3.8241110412117107,0.92,4.001732792005592,50.0,50.0,50.0,7.0,1.360825783544303,shift2.0_ramp40,2.0,40,1
BOCPD-weighted CP,0.8866666666666667,0.013333333333333308,3.5212722699016505,1.0,0.0,0.0,0.8,8.531044311484191,0.8,6.878199201082783,0.88,5.264011631320342,0.88,4.310168983838991,5.7097330914414135,6.746445497526124,13.26144279578136,19.97048407764109,3.6880007666986523,shift4.0_ramp0,4.0,0,1
BOCPD-weighted ACI,0.9166666666666666,0.016666666666666607,4.100711931157063,1.0,0.0,0.0,0.8,8.544902277610854,0.8,7.242556799821363,0.88,5.87853755560487,0.88,4.903542798952152,5.7097330914414135,6.746445497526124,13.26144279578136,19.97048407764109,3.1469761877262976,shift4.0_ramp0,4.0,0,1
Hard-reset CP,0.88,0.020000000000000018,3.4274747251643087,1.0,0.0,0.0,0.8,8.526300860018617,0.76,6.517764100648668,0.86,4.9719271695146094,0.86,4.074333880997852,3.0,7.0,12.0,17.0,3.6880007666986523,shift4.0_ramp0,4.0,0,1
Hard-reset ACI,0.92,0.020000000000000018,4.140306606837299,1.0,0.0,0.0,0.8,8.544902277610854,0.8,6.9007920388783806,0.88,5.654357857366001,0.89,4.821660662203362,3.0,7.0,12.0,17.0,3.1469761877262976,shift4.0_ramp0,4.0,0,1
BOCPD-weighted CP,0.87,0.030000000000000027,3.325529124082236,9.0,0.0,173.0,0.6,3.9027363649119393,0.76,5.297534737505141,0.82,4.318414915146478,0.83,3.6921927876791143,49.99572034457317,35.893120772016154,11.186606989692502,27.05667641425982,3.42058565111089,shift4.0_ramp10,4.0,10,1
BOCPD-weighted ACI,0.92,0.020000000000000018,3.9528604147440802,5.0,0.0,173.0,0.7,4.365042680943092,0.88,6.158307716127227,0.9,5.012638039224288,0.89,4.418205939261314,49.99572034457317,35.893120772016154,11.186606989692502,27.05667641425982,2.9187904973675387,shift4.0_ramp10,4.0,10,1
Hard-reset CP,0.8666666666666667,0.033333333333333326,3.2974608578227587,9.0,0.0,173.0,0.6,3.490838916280272,0.76,5.146427900258301,0.82,4.115000601653113,0.82,3.4898604020398887,50.0,50.0,9.0,24.0,3.42058565111089,shift4.0_ramp10,4.0,10,1
Hard-reset ACI,0.92,0.020000000000000018,4.043493543941093,6.0,0.0,173.0,0.6,4.026399003895385,0.84,6.022850245308144,0.9,4.770608959645785,0.89,4.274504629795451,50.0,50.0,9.0,24.0,2.9187904973675387,shift4.0_ramp10,4.0,10,1
BOCPD-weighted CP,0.8833333333333333,0.01666666666666672,3.225695096813068,9.0,0.0,173.0,0.8,2.9250091830583727,0.76,3.073358310423535,0.86,3.432158262117893,0.87,3.4256137334937353,49.99676318343086,49.99808716200294,49.977408713604255,21.462335784747474,1.2828056767794567,shift4.0_ramp40,4.0,40,1
BOCPD-weighted ACI,0.9266666666666666,0.026666666666666616,3.884340509145052,9.0,0.0,173.0,0.8,3.1122885289257773,0.8,3.4473011365460393,0.88,4.285941024330324,0.91,4.2479294866761395,49.99676318343086,49.99808716200294,49.977408713604255,21.462335784747474,1.578458759831498,shift4.0_ramp40,4.0,40,1
Hard-reset CP,0.8833333333333333,0.01666666666666672,3.2213941900697765,9.0,0.0,173.0,0.8,2.854030130707992,0.76,2.976932389022338,0.86,3.6102124699585785,0.87,3.4699783036888645,50.0,50.0,50.0,8.0,1.2703396143739494,shift4.0_ramp40,4.0,40,1
Hard-reset ACI,0.9266666666666666,0.026666666666666616,3.931785251835159,9.0,0.0,173.0,0.8,3.1122885289257773,0.8,3.4473011365460393,0.88,4.415791641643546,0.9,4.298226620926969,50.0,50.0,50.0,8.0,1.578458759831498,shift4.0_ramp40,4.0,40,1
BOCPD-weighted CP,0.8866666666666667,0.013333333333333308,3.1881300203812826,0.0,0.0,173.0,0.9,2.8770671503757153,0.8,2.9113955858907627,0.88,3.1527195809827173,0.88,3.268710245505819,49.996855394721166,49.99840709142092,49.997859135895894,39.29932050679307,1.230882861825418,no_changepoint_control,0.0,0,1
BOCPD-weighted ACI,0.93,0.030000000000000027,3.8097844778911387,0.0,0.0,173.0,0.9,3.030430815466059,0.88,3.2153007864721825,0.94,3.716162678683025,0.92,3.918003381810728,49.996855394721166,49.99840709142092,49.997859135895894,39.29932050679307,1.2860608918037115,no_changepoint_control,0.0,0,1
Hard-reset CP,0.88,0.020000000000000018,3.1173056002705666,8.0,0.0,173.0,0.8,2.8279849290191637,0.76,2.86845518098834,0.86,3.0411542678067263,0.86,3.1089474301439095,50.0,50.0,50.0,50.0,1.2061551057068998,no_changepoint_control,0.0,0,1
Hard-reset ACI,0.9333333333333333,0.033333333333333326,3.802004607994691,0.0,0.0,173.0,0.9,3.030430815466059,0.88,3.2153007864721825,0.94,3.7044849966799274,0.92,3.8494375982234668,50.0,50.0,50.0,50.0,1.2860608918037115,no_changepoint_control,0.0,0,1
BOCPD-weighted CP,0.8866666666666667,0.013333333333333308,3.585609099140557,9.0,0.0,,0.5,3.472723273397149,0.76,3.76710250647984,0.82,3.5420682782532555,0.85,3.3351099403994464,49.821399387720106,41.10246787307728,43.525568144963415,49.95726778048274,1.431991698837913,shift1.0_ramp0,1.0,0,2
BOCPD-weighted ACI,0.9266666666666666,0.026666666666666616,4.122482910760382,6.0,0.0,,0.8,4.496224515064728,0.92,4.505866370397838,0.94,4.303419846338706,0.92,4.008852804353647,49.821399387720106,41.10246787307728,43.525568144963415,49.95726778048274,1.6024021300102513,shift1.0_ramp0,1.0,0,2
Hard-reset CP,0.88,0.020000000000000018,3.5056387446394806,9.0,0.0,,0.5,3.1831795447039855,0.76,3.3688940031527865,0.82,3.3053747286439417,0.85,3.1824215630934045,50.0,50.0,50.0,50.0,1.164343590934898,shift1.0_ramp0,1.0,0,2
Hard-reset ACI,0.9233333333333333,0.023333333333333317,4.141767830177278,6.0,0.0,,0.8,3.9931444913752956,0.92,4.297732371644586,0.94,4.202580302403261,0.92,3.9681392862416955,50.0,50.0,50.0,50.0,1.1751307280575345,shift1.0_ramp0,1.0,0,2
BOCPD-weighted CP,0.8966666666666666,0.0033333333333334103,3.536745602598625,6.0,0.0,,0.8,3.0907786606106717,0.88,3.22101605414131,0.88,3.2058446805224183,0.88,3.1885194507736507,49.93574887374107,49.88993002473172,49.17676062425507,49.98594066125846,1.0000000000000002,shift1.0_ramp10,1.0,10,2
BOCPD-weighted ACI,0.9266666666666666,0.026666666666666616,4.087857104133262,6.0,0.0,,0.8,3.948642161766512,0.92,4.287890427232612,0.94,4.0905065080158325,0.92,3.9049753844722854,49.93574887374107,49.88993002473172,49.17676062425507,49.98594066125846,1.2463918832072494,shift1.0_ramp10,1.0,10,2
Hard-reset CP,0.8866666666666667,0.013333333333333308,3.483099036113807,11.0,0.0,,0.8,3.015848216894585,0.84,3.1390519967083224,0.86,3.147027169603143,0.87,3.1148024375163823,50.0,50.0,50.0,50.0,0.9610802289497188,shift1.0_ramp10,1.0,10,2
Hard-reset ACI,0.9233333333333333,0.023333333333333317,4.12071319625414,6.0,0.0,,0.8,3.948642161766512,0.92,4.287890427232612,0.94,4.0905065080158325,0.92,3.9049753844722854,50.0,50.0,50.0,50.0,1.2463918832072494,shift1.0_ramp10,1.0,10,2
BOCPD-weighted CP,0.8933333333333333,0.00666666666666671,3.530841084681744,9.0,0.0,,0.8,3.0845074280060896,0.88,3.3170504418958497,0.86,3.18686430807957,0.87,3.1704587117477216,49.93637948842213,49.990367887706306,49.99117386618582,49.996958646975536,1.1342972671720624,shift1.0_ramp40,1.0,40,2
BOCPD-weighted ACI,0.9266666666666666,0.026666666666666616,4.089556611714908,6.0,0.0,,0.8,3.856642161766512,0.92,4.042598106467739,0.94,4.032260496827571,0.92,3.9070870317679334,49.93637948842213,49.990367887706306,49.99117386618582,49.996958646975536,1.0637647162364967,shift1.0_ramp40,1.0,40,2
Hard-reset CP,0.8833333333333333,0.01666666666666672,3.459901215130219,14.0,0.0,,0.8,3.015848216894585,0.84,3.0733489483334004,0.84,3.03414784345133,0.86,3.0452089745656195,50.0,50.0,50.0,50.0,1.0,shift1.0_ramp40,1.0,40,2
Hard-reset ACI,0.9233333333333333,0.023333333333333317,4.12403718211852,6.0,0.0,,0.8,3.856642161766512,0.92,4.042598106467739,0.94,4.042484321258911,0.92,3.914947342065423,50.0,50.0,50.0,50.0,1.0637647162364967,shift1.0_ramp40,1.0,40,2
BOCPD-weighted CP,0.89,0.010000000000000009,3.7043600809670996,5.0,0.0,,0.5,5.4539349133302535,0.8,5.466498947560882,0.84,4.236991754788659,0.86,3.6852790263307837,49.99040243480668,5.378011880003527,10.677469422250143,17.437474726840072,2.3473721951135036,shift2.0_ramp0,2.0,0,2
BOCPD-weighted ACI,0.92,0.020000000000000018,4.185365149662788,4.0,0.0,,0.6,5.767255322451797,0.84,6.116371946685522,0.9,4.761630096138459,0.9,4.194512645611573,49.99040243480668,5.378011880003527,10.677469422250143,17.437474726840072,1.9263164715998646,shift2.0_ramp0,2.0,0,2
Hard-reset CP,0.8833333333333333,0.01666666666666672,3.6453619969119595,5.0,0.0,,0.5,5.353851687149218,0.8,5.2662041185358115,0.84,4.158652854805483,0.86,3.6015913199108405,50.0,6.0,11.0,17.0,2.3473721951135036,shift2.0_ramp0,2.0,0,2
Hard-reset ACI,0.9166666666666666,0.016666666666666607,4.201527680974782,4.0,0.0,,0.6,5.731485421304172,0.84,5.89918806653576,0.9,4.667442482183738,0.9,4.147418838634212,50.0,6.0,11.0,17.0,1.9263164715998646,shift2.0_ramp0,2.0,0,2
BOCPD-weighted CP,0.8966666666666666,0.0033333333333334103,3.7023581707224897,6.0,0.0,,0.6,3.664017877249632,0.84,4.868612083778541,0.88,4.187710235495869,0.88,3.691766740555431,49.9358755510697,39.85671007355353,10.206504350424561,44.44277933845609,2.0710711453227986,shift2.0_ramp10,2.0,10,2
BOCPD-weighted ACI,0.9233333333333333,0.023333333333333317,4.213572235167488,6.0,0.0,,0.7,4.684874952711682,0.88,5.636296388564114,0.92,4.825239167438621,0.91,4.282120777574965,49.9358755510697,39.85671007355353,10.206504350424561,44.44277933845609,1.6995764324871354,shift2.0_ramp10,2.0,10,2
Hard-reset CP,0.89,0.010000000000000009,3.6691232240867295,6.0,0.0,,0.6,3.891106989122464,0.84,5.004948886668319,0.88,4.223797856310559,0.88,3.672875001435149,50.0,1.0,10.0,50.0,2.0710711453227986,shift2.0_ramp10,2.0,10,2
Hard-reset ACI,0.9233333333333333,0.023333333333333317,4.246722997195906,6.0,0.0,,0.8,4.470742947389423,0.92,5.512574044459644,0.94,4.820962782773364,0.92,4.2830047872975845,50.0,1.0,10.0,50.0,1.6995764324871354,shift2.0_ramp10,2.0,10,2
BOCPD-weighted CP,0.8933333333333333,0.00666666666666671,3.5472987315970097,14.0,0.0,,0.8,3.0845074280060896,0.84,3.288583983934616,0.86,3.2936036020170247,0.87,3.2201788377688048,49.93610775926586,49.98130436407863,49.97062189664537,49.99722527199154,1.0188428999380892,shift2.0_ramp40,2.0,40,2
BOCPD-weighted ACI,0.9266666666666666,0.026666666666666616,4.120089820484081,6.0,0.0,,0.8,3.8873088284331785,0.92,4.15299810646774,0.94,4.146115073578533,0.92,4.001673533524741,49.93610775926586,49.98130436407863,49.97062189664537,49.99722527199154,1.0973912860760273,shift2.0_ramp40,2.0,40,2
Hard-reset CP,0.8866666666666667,0.013333333333333308,3.467596577414701,14.0,0.0,,0.8,3.015848216894585,0.84,3.0733489483334004,0.86,3.1222400463568056,0.87,3.068295061419066,50.0,50.0,50.0,50.0,1.0,shift2.0_ramp40,2.0,40,2
Hard-reset ACI,0.9233333333333333,0.023333333333333317,4.1529459126049595,6.0,0.0,,0.8,3.8873088284331785,0.92,4.15299810646774,0.94,4.146115073578533,0.92,4.001673533524741,50.0,50.0,50.0,50.0,1.0973912860760273,shift2.0_ramp40,2.0,40,2
BOCPD-weighted CP,0.89,0.010000000000000009,3.8200268976263914,4.0,0.0,,0.5,8.20823946868325,0.8,7.002567467135225,0.84,4.948840336895343,0.86,4.032279476308658,4.609002144852062,6.121826086912669,11.24417760834417,15.346974354874204,3.136803765944088,shift4.0_ramp0,4.0,0,2
BOCPD-weighted ACI,0.91,0.010000000000000009,4.2762245922298145,4.0,0.0,,0.5,8.345787916722326,0.8,7.466984890846711,0.84,5.329376084349961,0.87,4.467090973312649,4.609002144852062,6.121826086912669,11.24417760834417,15.346974354874204,2.5741451547790906,shift4.0_ramp0,4.0,0,2
Hard-reset CP,0.88,0.020000000000000018,3.7416302455227197,4.0,0.0,,0.5,8.177045479429788,0.8,6.710475312029827,0.82,4.772680608529942,0.85,3.8903960657431207,3.0,7.0,12.0,15.0,3.136803765944088,shift4.0_ramp0,4.0,0,2
Hard-reset ACI,0.9066666666666666,0.006666666666666599,4.2852032805022064,4.0,0.0,,0.5,8.345787916722326,0.8,7.322916398001829,0.84,5.206203745163469,0.87,4.398445637216482,3.0,7.0,12.0,15.0,2.5741451547790906,shift4.0_ramp0,4.0,0,2
BOCPD-weighted CP,0.8866666666666667,0.013333333333333308,3.8185950971210727,6.0,0.0,,0.6,5.45060105294643,0.84,7.087927444268745,0.82,4.930134631019647,0.85,4.027636889517416,49.94089611775104,4.274561306210215,8.903719885712402,11.000061353688306,2.608244739375484,shift4.0_ramp10,4.0,10,2
BOCPD-weighted ACI,0.9066666666666666,0.006666666666666599,4.279265448891091,6.0,0.0,,0.6,5.820059740845704,0.84,7.40046886438325,0.82,5.328248432196843,0.86,4.479200418745773,49.94089611775104,4.274561306210215,8.903719885712402,11.000061353688306,2.1403954659945814,shift4.0_ramp10,4.0,10,2
Hard-reset CP,0.8733333333333333,0.026666666666666727,3.7206765568576263,6.0,0.0,,0.6,5.345571400750852,0.84,6.777982095736351,0.82,4.674697161829553,0.83,3.8275349997478396,50.0,4.0,9.0,8.0,2.608244739375484,shift4.0_ramp10,4.0,10,2
Hard-reset ACI,0.9033333333333333,0.0033333333333332993,4.244891502324361,6.0,0.0,,0.6,5.820059740845704,0.84,7.0866476094944275,0.82,4.950214743090552,0.86,4.277510302682945,50.0,4.0,9.0,8.0,2.1403954659945814,shift4.0_ramp10,4.0,10,2
BOCPD-weighted CP,0.8933333333333333,0.00666666666666671,3.5993077311696107,6.0,0.0,,0.8,3.0907786606106717,0.84,3.229329189366877,0.86,3.454246342686736,0.87,3.385650923084579,49.93574887374107,49.88993002473172,49.17676062425507,49.95167361246242,1.0,shift4.0_ramp40,4.0,40,2
BOCPD-weighted ACI,0.9333333333333333,0.033333333333333326,4.222861797447877,6.0,0.0,,0.8,3.948642161766512,0.92,4.4869468549191085,0.94,4.588654222011729,0.94,4.309989464416127,49.93574887374107,49.88993002473172,49.17676062425507,49.95167361246242,1.2463918832072494,shift4.0_ramp40,4.0,40,2
Hard-reset CP,0.88,0.020000000000000018,3.5180916242293034,18.0,0.0,,0.8,3.015848216894585,0.76,3.14909192056303,0.82,3.236690859479545,0.85,3.219780201862873,50.0,50.0,50.0,50.0,0.9687708360586788,shift4.0_ramp40,4.0,40,2
Hard-reset ACI,0.93,0.030000000000000027,4.255717889568754,6.0,0.0,,0.8,3.948642161766512,0.92,4.4869468549191085,0.94,4.588654222011729,0.94,4.309989464416127,50.0,50.0,50.0,50.0,1.2463918832072494,shift4.0_ramp40,4.0,40,2
BOCPD-weighted CP,0.8966666666666666,0.0033333333333334103,3.5060815914561014,9.0,0.0,,0.8,3.078236195401508,0.88,3.2382076749416497,0.88,3.061622365717103,0.88,3.0961802320707954,49.93670679355291,49.99447004148608,49.99619720115639,49.99760619206242,1.1556906490472083,no_changepoint_control,0.0,0,2
BOCPD-weighted ACI,0.9266666666666666,0.026666666666666616,4.082186297307265,0.0,0.0,,0.9,3.7733838482153574,0.92,3.995989322235576,0.94,4.027277770907044,0.92,3.884976088545006,49.93670679355291,49.99447004148608,49.99619720115639,49.99760619206242,1.0637647162364967,no_changepoint_control,0.0,0,2
Hard-reset CP,0.89,0.010000000000000009,3.4438794654062423,9.0,0.0,,0.8,3.015848216894585,0.88,3.0525613125746545,0.88,2.946113719649186,0.88,2.9971437253936886,50.0,50.0,50.0,50.0,1.0,no_changepoint_control,0.0,0,2
Hard-reset ACI,0.9233333333333333,0.023333333333333317,4.116507953043118,0.0,0.0,,0.9,3.847219511157474,0.92,4.025523587412422,0.94,4.0420449034954675,0.92,3.8923596548392174,50.0,50.0,50.0,50.0,1.0637647162364967,no_changepoint_control,0.0,0,2
BOCPD-weighted CP,0.8866666666666667,0.013333333333333308,3.595192327594877,0.0,0.0,,0.9,3.564208257144224,0.84,3.657900057037572,0.9,3.6876865775149112,0.9,3.4542869809281704,49.99879727071082,49.999388866235755,49.98487011617169,49.98287798250265,1.0150993630546137,shift1.0_ramp0,1.0,0,3
BOCPD-weighted ACI,0.9366666666666666,0.036666666666666625,4.1729608468943065,0.0,0.0,,0.9,3.7562548891271432,0.88,4.145254676535007,0.92,4.3866074659529,0.94,4.147785136035268,49.99879727071082,49.999388866235755,49.98487011617169,49.98287798250265,1.2453015716647815,shift1.0_ramp0,1.0,0,3
Hard-reset CP,0.87,0.030000000000000027,3.5832570417102145,0.0,0.0,,0.9,3.564208257144224,0.84,3.5859755360958485,0.9,3.568954635494319,0.89,3.3287754155321965,50.0,50.0,50.0,50.0,1.0733445469514968,shift1.0_ramp0,1.0,0,3
Hard-reset ACI,0.9333333333333333,0.033333333333333326,4.207870465543491,0.0,0.0,,0.9,3.7562548891271432,0.88,4.145254676535007,0.92,4.3866074659529,0.94,4.147785136035268,50.0,50.0,50.0,50.0,1.2453015716647815,shift1.0_ramp0,1.0,0,3
BOCPD-weighted CP,0.8833333333333333,0.01666666666666672,3.631589754074135,0.0,0.0,,0.9,3.564208257144224,0.8,3.7302493481286945,0.88,3.84086646477224,0.89,3.5643316056453798,49.99867338877062,49.99750058918006,49.54451325391693,49.90058288107337,1.0588950703596816,shift1.0_ramp10,1.0,10,3
BOCPD-weighted ACI,0.9333333333333333,0.033333333333333326,4.1098772565748325,0.0,0.0,,0.9,3.7562548891271432,0.84,3.9616580841558777,0.9,4.0665797380363085,0.93,3.958534365076846,49.99867338877062,49.99750058918006,49.54451325391693,49.90058288107337,1.1678161435837027,shift1.0_ramp10,1.0,10,3
Hard-reset CP,0.87,0.030000000000000027,3.634169506809975,0.0,0.0,,0.9,3.564208257144224,0.84,3.8765822046924514,0.9,3.8008086220740784,0.89,3.4815128108314775,50.0,50.0,50.0,50.0,1.8550743465241726,shift1.0_ramp10,1.0,10,3
Hard-reset ACI,0.9333333333333333,0.033333333333333326,4.160588548025468,0.0,0.0,,0.9,3.7562548891271432,0.88,4.133848753670239,0.92,4.152675072793489,0.94,4.005939383481202,50.0,50.0,50.0,50.0,1.6802777353742202,shift1.0_ramp10,1.0,10,3
BOCPD-weighted CP,0.8833333333333333,0.01666666666666672,3.640051390144531,0.0,0.0,,0.9,3.564208257144224,0.84,3.657900057037572,0.88,3.847551883344068,0.88,3.5850052500983463,49.998532147689005,49.994613816481134,49.989362977352584,49.98090126002624,1.0150993630546137,shift1.0_ramp40,1.0,40,3
BOCPD-weighted ACI,0.9366666666666666,0.036666666666666625,4.1895608144891145,0.0,0.0,,0.9,3.7562548891271432,0.88,4.114023242692838,0.92,4.410555807037648,0.94,4.187015599086939,49.998532147689005,49.994613816481134,49.989362977352584,49.98090126002624,1.2198899935417729,shift1.0_ramp40,1.0,40,3
Hard-reset CP,0.8666666666666667,0.033333333333333326,3.617116159043164,0.0,0.0,,0.9,3.564208257144224,0.84,3.5859755360958485,0.88,3.6426542225819674,0.88,3.430652767531047,50.0,50.0,50.0,50.0,1.0733445469514968,shift1.0_ramp40,1.0,40,3
Hard-reset ACI,0.9333333333333333,0.033333333333333326,4.220947286560713,0.0,0.0,,0.9,3.7562548891271432,0.88,4.114023242692838,0.92,4.410555807037648,0.94,4.187015599086939,50.0,50.0,50.0,50.0,1.2198899935417729,shift1.0_ramp40,1.0,40,3
BOCPD-weighted CP,0.8866666666666667,0.013333333333333308,3.7243187351036924,4.0,0.0,,0.6,3.756513779392679,0.8,4.3493065982798935,0.88,4.36506530156339,0.9,3.856615073829854,49.99610550768231,49.94078914021663,31.626538499037565,48.2504757390633,1.350309240629824,shift2.0_ramp0,2.0,0,3
BOCPD-weighted ACI,0.9333333333333333,0.033333333333333326,4.231578488588649,4.0,0.0,,0.6,4.291889995315168,0.8,4.807852983417794,0.9,4.811702453882109,0.93,4.313068621385543,49.99610550768231,49.94078914021663,31.626538499037565,48.2504757390633,1.753181125315519,shift2.0_ramp0,2.0,0,3
Hard-reset CP,0.8633333333333333,0.036666666666666736,3.7224033309829156,4.0,0.0,,0.6,3.727951471097996,0.76,4.454253556564655,0.86,4.303689456362718,0.87,3.7462142833503007,50.0,50.0,12.0,50.0,1.4617752215932251,shift2.0_ramp0,2.0,0,3
Hard-reset ACI,0.9333333333333333,0.033333333333333326,4.2856712371918,4.0,0.0,,0.6,4.291889995315168,0.84,5.2143645293521,0.92,4.9694506020990765,0.94,4.381187450980198,50.0,50.0,12.0,50.0,1.753181125315519,shift2.0_ramp0,2.0,0,3
BOCPD-weighted CP,0.8966666666666666,0.0033333333333334103,3.728785487061286,0.0,0.0,,0.9,3.5642082571442244,0.88,4.822618372932379,0.92,4.383777099147769,0.92,3.847651738129409,49.998816190198525,49.99919694455427,8.051499566028502,39.29472504107805,2.097600495270128,shift2.0_ramp10,2.0,10,3
BOCPD-weighted ACI,0.9433333333333334,0.043333333333333335,4.24905142908856,0.0,0.0,,0.9,3.7562548891271432,0.96,5.4246806310622,0.96,4.89870119459702,0.96,4.365487442885276,49.998816190198525,49.99919694455427,8.051499566028502,39.29472504107805,2.023965145097486,shift2.0_ramp10,2.0,10,3
Hard-reset CP,0.88,0.020000000000000018,3.8365641426375023,0.0,0.0,,0.9,3.5642082571442244,0.96,5.403941253988101,0.96,5.004165152535574,0.92,4.0886967183140595,50.0,50.0,3.0,17.0,2.234515008968574,shift2.0_ramp10,2.0,10,3
Hard-reset ACI,0.9366666666666666,0.036666666666666625,4.334666744674696,0.0,0.0,,0.9,3.7562548891271432,0.96,5.970622035260996,0.96,5.394366693842109,0.95,4.528173973428885,50.0,50.0,3.0,17.0,2.023965145097486,shift2.0_ramp10,2.0,10,3
BOCPD-weighted CP,0.8866666666666667,0.013333333333333308,3.6790669250039394,0.0,0.0,,0.9,3.564208257144224,0.84,3.657900057037572,0.88,3.935994726770783,0.89,3.702904199956005,49.99858303183828,49.995483010977345,49.97369688725811,49.9692914886101,1.0150993630546135,shift2.0_ramp40,2.0,40,3
BOCPD-weighted ACI,0.9366666666666666,0.036666666666666625,4.162544787432971,0.0,0.0,,0.9,3.7562548891271432,0.84,3.997729417136483,0.9,4.264271108022069,0.94,4.116536957651264,49.99858303183828,49.995483010977345,49.97369688725811,49.9692914886101,1.1515686417402549,shift2.0_ramp40,2.0,40,3
Hard-reset CP,0.8666666666666667,0.033333333333333326,3.657898904225948,0.0,0.0,,0.9,3.564208257144224,0.84,3.5859755360958485,0.88,3.69235276950414,0.88,3.553301003079398,50.0,50.0,50.0,50.0,1.0733445469514968,shift2.0_ramp40,2.0,40,3
Hard-reset ACI,0.9333333333333333,0.033333333333333326,4.196478891545184,0.0,0.0,,0.9,3.7562548891271432,0.84,3.9860232426928377,0.9,4.258418020800247,0.94,4.113610414040352,50.0,50.0,50.0,50.0,1.115742293625632,shift2.0_ramp40,2.0,40,3
BOCPD-weighted CP,0.8966666666666666,0.0033333333333334103,3.9156315664607315,1.0,0.0,0.0,0.8,7.526340178766762,0.92,7.538624985557242,0.94,5.653720357962088,0.92,4.408189976327742,2.582233720965749,6.252672531637165,11.176066967098741,13.404491357317392,2.2782325612305385,shift4.0_ramp0,4.0,0,3
BOCPD-weighted ACI,0.94,0.039999999999999925,4.4232665441522405,1.0,0.0,0.0,0.8,7.910289951229821,0.92,7.8223235697877405,0.94,6.02752477633552,0.95,4.888132788076317,2.582233720965749,6.252672531637165,11.176066967098741,13.404491357317392,2.1982562011947717,shift4.0_ramp0,4.0,0,3
Hard-reset CP,0.8666666666666667,0.033333333333333326,3.8811889923056615,1.0,0.0,0.0,0.8,7.893156846002697,0.84,7.134497920319905,0.9,5.418453518860788,0.88,4.222571267318538,3.0,7.0,12.0,13.0,2.4269372854695908,shift4.0_ramp0,4.0,0,3
Hard-reset ACI,0.9333333333333333,0.033333333333333326,4.426702660119172,1.0,0.0,0.0,0.8,7.910289951229821,0.88,7.264514930728078,0.92,5.822614825072885,0.94,4.804281719762314,3.0,7.0,12.0,13.0,2.1982562011947717,shift4.0_ramp0,4.0,0,3
BOCPD-weighted CP,0.8866666666666667,0.013333333333333308,3.8386548403092644,9.0,0.0,,0.4,3.85774298164574,0.76,6.412452001650101,0.86,5.094983295868192,0.89,4.174283402377023,49.99899531769955,49.999181768360245,6.9050500505791845,14.918134400458076,2.8099831986974695,shift4.0_ramp10,4.0,10,3
BOCPD-weighted ACI,0.9333333333333333,0.033333333333333326,4.350779264613056,9.0,0.0,,0.6,4.086352103093535,0.84,7.021628130370915,0.9,5.547236058245471,0.93,4.670670949458766,49.99899531769955,49.999181768360245,6.9050500505791845,14.918134400458076,2.711339964544017,shift4.0_ramp10,4.0,10,3
Hard-reset CP,0.86,0.040000000000000036,3.8088747172229183,9.0,0.0,,0.4,3.862718418765513,0.72,6.0295696479993985,0.84,4.874009179439466,0.86,4.005628442070311,50.0,50.0,7.0,14.0,2.9933963338573757,shift4.0_ramp10,4.0,10,3
Hard-reset ACI,0.93,0.030000000000000027,4.351462539508185,9.0,0.0,,0.6,4.086352103093535,0.84,6.616875000906349,0.9,5.343940746675915,0.93,4.578561357929356,50.0,50.0,7.0,14.0,2.711339964544017,shift4.0_ramp10,4.0,10,3
BOCPD-weighted CP,0.88,0.020000000000000018,3.6741133717064076,0.0,0.0,,0.9,3.564208257144224,0.84,3.665933121335923,0.86,3.8529022567308573,0.89,3.70663662528956,49.99867338877062,49.99750058918006,49.54451325391693,48.75377888808949,1.0150993630546137,shift4.0_ramp40,4.0,40,3
BOCPD-weighted ACI,0.94,0.039999999999999925,4.235886907920521,0.0,0.0,,0.9,3.7562548891271432,0.88,3.845982735523139,0.9,4.514349651445235,0.95,4.325993879381157,49.99867338877062,49.99750058918006,49.54451325391693,48.75377888808949,1.0753704452950836,shift4.0_ramp40,4.0,40,3
Hard-reset CP,0.87,0.030000000000000027,3.7418659572460458,0.0,0.0,,0.9,3.564208257144224,0.88,3.9587563676864037,0.9,4.182206069110486,0.89,3.8058021621396905,50.0,50.0,50.0,50.0,1.8550743465241726,shift4.0_ramp40,4.0,40,3
Hard-reset ACI,0.9366666666666666,0.036666666666666625,4.2964174937408135,0.0,0.0,,0.9,3.7562548891271432,0.92,4.147750321160194,0.92,4.653966888673607,0.95,4.4134262206272385,50.0,50.0,50.0,50.0,1.6802777353742202,shift4.0_ramp40,4.0,40,3
BOCPD-weighted CP,0.8866666666666667,0.013333333333333308,3.5939558963506633,0.0,0.0,,0.9,3.564208257144224,0.84,3.657900057037572,0.9,3.688891726959,0.89,3.4456230216673505,49.99847702125833,49.993779264409596,49.994447425274736,49.978179180546306,1.0150993630546137,no_changepoint_control,0.0,0,3
BOCPD-weighted ACI,0.9366666666666666,0.036666666666666625,4.186963280596357,0.0,0.0,,0.9,3.753446596696706,0.88,4.240899925720663,0.92,4.4477163007397715,0.94,4.179222997408665,49.99847702125833,49.993779264409596,49.994447425274736,49.978179180546306,1.3240376934579141,no_changepoint_control,0.0,0,3
Hard-reset CP,0.87,0.030000000000000027,3.583000300483286,0.0,0.0,,0.9,3.564208257144224,0.84,3.5859755360958485,0.9,3.568954635494319,0.89,3.3280051918514117,50.0,50.0,50.0,50.0,1.0733445469514968,no_changepoint_control,0.0,0,3
Hard-reset ACI,0.9333333333333333,0.033333333333333326,4.222032512332412,0.0,0.0,,0.9,3.7562548891271432,0.88,4.242023242692838,0.92,4.469812858726508,0.94,4.190271276402033,50.0,50.0,50.0,50.0,1.3240376934579141,no_changepoint_control,0.0,0,3
BOCPD-weighted CP,0.9,0.0,3.44373475764586,0.0,0.0,,0.9,3.438722942722797,0.88,3.4749438350331143,0.9,3.567085681496761,0.91,3.4103981099984093,49.99806154290466,49.99870124335841,49.99929320683358,49.99531446738892,1.0640708542620447,shift1.0_ramp0,1.0,0,4
BOCPD-weighted ACI,0.9433333333333334,0.043333333333333335,3.9245325138842033,0.0,0.0,,0.9,3.8116572341558546,0.92,3.844579724287296,0.92,4.011682402974426,0.93,3.9888599472560027,49.99806154290466,49.99870124335841,49.99929320683358,49.99531446738892,1.1030424573271225,shift1.0_ramp0,1.0,0,4
Hard-reset CP,0.8866666666666667,0.013333333333333308,3.3839760073298644,0.0,0.0,,0.9,3.42393504607112,0.84,3.452438466928571,0.88,3.5069019921337214,0.88,3.3324211435117648,50.0,50.0,50.0,50.0,1.0300980171250054,shift1.0_ramp0,1.0,0,4
Hard-reset ACI,0.9433333333333334,0.043333333333333335,3.9214086577461127,0.0,0.0,,0.9,3.8116572341558546,0.92,3.844579724287296,0.92,4.016813259253828,0.93,3.9803517407956055,50.0,50.0,50.0,50.0,1.1030424573271225,shift1.0_ramp0,1.0,0,4
BOCPD-weighted CP,0.8966666666666666,0.0033333333333334103,3.42456330480421,0.0,0.0,,0.9,3.322289767319853,0.84,3.3833704962704014,0.88,3.4228400325125974,0.9,3.3549398640741197,49.976337114395456,49.99746098566898,49.998383738238594,49.99364462508937,0.9990379490427982,shift1.0_ramp10,1.0,10,4
BOCPD-weighted ACI,0.9466666666666667,0.046666666666666634,3.880265804640065,0.0,0.0,,1.0,3.689662823093177,0.96,3.6665520565255685,0.94,3.7294594821118436,0.94,3.8560598195235865,49.976337114395456,49.99746098566898,49.998383738238594,49.99364462508937,0.9548963738725257,shift1.0_ramp10,1.0,10,4
Hard-reset CP,0.8866666666666667,0.013333333333333308,3.3685841167481994,0.0,0.0,,0.9,3.322289767319853,0.84,3.3829361528150104,0.88,3.4082289123536156,0.88,3.2862454717667697,50.0,50.0,50.0,50.0,1.0204035445175463,shift1.0_ramp10,1.0,10,4
Hard-reset ACI,0.9466666666666667,0.046666666666666634,3.8723268812021856,0.0,0.0,,1.0,3.689662823093177,0.96,3.6665520565255685,0.94,3.7197817647636735,0.94,3.8331064111638242,50.0,50.0,50.0,50.0,0.9548963738725257,shift1.0_ramp10,1.0,10,4
BOCPD-weighted CP,0.8966666666666666,0.0033333333333334103,3.4194196686676603,0.0,0.0,,1.0,3.322289767319853,0.84,3.332780561809894,0.88,3.4000048293206793,0.9,3.339508955664471,49.97218024062462,49.99133827243247,49.994521744936634,49.96425706666594,1.0085294351149938,shift1.0_ramp40,1.0,40,4
BOCPD-weighted ACI,0.9466666666666667,0.046666666666666634,3.905584880593712,0.0,0.0,,1.0,3.689662823093177,0.92,3.6852996218704375,0.94,3.837743570407846,0.94,3.9320170473845275,49.97218024062462,49.99133827243247,49.994521744936634,49.96425706666594,0.9548963738725257,shift1.0_ramp40,1.0,40,4
Hard-reset CP,0.8866666666666667,0.013333333333333308,3.3652864302586845,0.0,0.0,,1.0,3.322289767319853,0.84,3.3266640937135743,0.88,3.340049469847805,0.88,3.2763524122982255,50.0,50.0,50.0,50.0,0.9850563388800561,shift1.0_ramp40,1.0,40,4
Hard-reset ACI,0.9466666666666667,0.046666666666666634,3.9093316117453636,0.0,0.0,,1.0,3.689662823093177,0.92,3.6852996218704375,0.94,3.837743570407846,0.94,3.944120602793358,50.0,50.0,50.0,50.0,0.9548963738725257,shift1.0_ramp40,1.0,40,4
BOCPD-weighted CP,0.8933333333333333,0.00666666666666671,3.5370767137718153,3.0,0.0,,0.6,4.445767199210872,0.8,4.193187555763112,0.88,4.105241955319634,0.89,3.690423978376275,49.99709738878636,14.594996110894112,44.10871035606644,49.86561043222654,1.729034886795722,shift2.0_ramp0,2.0,0,4
BOCPD-weighted ACI,0.94,0.039999999999999925,4.051393807519457,2.0,0.0,,0.7,5.112026885475686,0.84,4.8726015228945645,0.9,4.790965320423902,0.92,4.369443828161763,49.99709738878636,14.594996110894112,44.10871035606644,49.86561043222654,1.5516345900154975,shift2.0_ramp0,2.0,0,4
Hard-reset CP,0.8866666666666667,0.013333333333333308,3.4953834916853097,3.0,0.0,,0.6,4.788148968012565,0.8,4.314091775121227,0.88,4.122378369908205,0.88,3.6666435965781012,50.0,7.0,50.0,50.0,1.766012320924625,shift2.0_ramp0,2.0,0,4
Hard-reset ACI,0.94,0.039999999999999925,4.049265368542542,3.0,0.0,,0.6,5.055119203343156,0.84,4.876131716564358,0.9,4.780293971400345,0.92,4.363921873184894,50.0,7.0,50.0,50.0,1.5516345900154975,shift2.0_ramp0,2.0,0,4
BOCPD-weighted CP,0.8966666666666666,0.0033333333333334103,3.447678283538882,0.0,0.0,,0.9,3.322289767319853,0.84,3.4215786390727567,0.88,3.5310209274609248,0.9,3.4194610875864124,49.980774137110814,49.9988264196438,49.998049356459966,49.99523162492506,1.0535849023042791,shift2.0_ramp10,2.0,10,4
BOCPD-weighted ACI,0.9433333333333334,0.043333333333333335,3.9361654679896994,0.0,0.0,,0.9,3.689662823093177,0.92,3.7961889917875573,0.92,4.05907500752378,0.93,4.023758809572491,49.980774137110814,49.9988264196438,49.998049356459966,49.99523162492506,1.147989196110701,shift2.0_ramp10,2.0,10,4
Hard-reset CP,0.8866666666666667,0.013333333333333308,3.386238620254714,0.0,0.0,,0.9,3.322289767319853,0.84,3.41059732369593,0.88,3.4886884478257265,0.88,3.3392089822863125,50.0,50.0,50.0,50.0,1.0300980171250051,shift2.0_ramp10,2.0,10,4
Hard-reset ACI,0.9433333333333334,0.043333333333333335,3.9277011364682606,0.0,0.0,,0.9,3.689662823093177,0.92,3.7961889917875573,0.92,4.0532439807205884,0.93,3.999229176962049,50.0,50.0,50.0,50.0,1.147989196110701,shift2.0_ramp10,2.0,10,4
BOCPD-weighted CP,0.9033333333333333,0.0033333333333332993,3.4047841136368415,0.0,0.0,,1.0,3.322289767319853,0.88,3.3292811006949172,0.92,3.348173883033389,0.92,3.29706707030281,49.97365808669998,49.99446564720571,49.996130397876165,49.913517534622684,1.0085294351149938,shift2.0_ramp40,2.0,40,4
BOCPD-weighted ACI,0.9433333333333334,0.043333333333333335,3.9559995100442817,0.0,0.0,,1.0,3.689662823093177,0.88,3.7042084226855962,0.92,4.047197970815425,0.93,4.083260935736238,49.97365808669998,49.99446564720571,49.996130397876165,49.913517534622684,1.0490075499647613,shift2.0_ramp40,2.0,40,4
Hard-reset CP,0.8966666666666666,0.0033333333333334103,3.3460143789468435,0.0,0.0,,1.0,3.322289767319853,0.88,3.3222897673198535,0.9,3.2823671879622496,0.91,3.218536258362702,50.0,50.0,50.0,50.0,0.9786138299398748,shift2.0_ramp40,2.0,40,4
Hard-reset ACI,0.9466666666666667,0.046666666666666634,3.9658633188089616,0.0,0.0,,1.0,3.689662823093177,0.88,3.7042084226855962,0.92,4.047197970815425,0.94,4.113715723984152,50.0,50.0,50.0,50.0,1.0490075499647613,shift2.0_ramp40,2.0,40,4
BOCPD-weighted CP,0.8966666666666666,0.0033333333333334103,3.7448485126741686,1.0,0.0,0.0,0.8,8.578029048379264,0.84,6.809202427522828,0.88,5.369588815679599,0.9,4.313739375083335,2.484426143699688,6.106459220604893,11.31242985012825,17.839616041223138,2.7287953360037394,shift4.0_ramp0,4.0,0,4
BOCPD-weighted ACI,0.9366666666666666,0.036666666666666625,4.245656600047123,1.0,0.0,0.0,0.8,8.614766353956597,0.84,7.387887795663363,0.88,5.970729439046302,0.91,4.952232205744763,2.484426143699688,6.106459220604893,11.31242985012825,17.839616041223138,2.448818855392247,shift4.0_ramp0,4.0,0,4
Hard-reset CP,0.8833333333333333,0.01666666666666672,3.663279266903543,1.0,0.0,0.0,0.8,8.578029048379264,0.8,6.550247936412585,0.86,5.233029960074443,0.87,4.170330922232802,3.0,7.0,12.0,18.0,2.787153817118792,shift4.0_ramp0,4.0,0,4
Hard-reset ACI,0.94,0.039999999999999925,4.220544580678661,1.0,0.0,0.0,0.8,8.614766353956597,0.84,7.054630213161432,0.9,5.854244325740131,0.92,4.8777595095932496,3.0,7.0,12.0,18.0,2.448818855392247,shift4.0_ramp0,4.0,0,4
BOCPD-weighted CP,0.89,0.010000000000000009,3.6302606622555413,8.0,0.0,,0.5,3.6664157274680123,0.8,4.734104961578193,0.86,4.763256664952111,0.89,3.976752496075508,49.98702721020025,49.88339376510119,10.271636018099214,25.555763699949278,2.12467745304221,shift4.0_ramp10,4.0,10,4
BOCPD-weighted ACI,0.9333333333333333,0.033333333333333326,4.13837952111737,8.0,0.0,,0.5,4.071557844589426,0.8,5.519254095472246,0.88,5.318960039641151,0.9,4.630400968955501,49.98702721020025,49.88339376510119,10.271636018099214,25.555763699949278,1.9066839275151162,shift4.0_ramp10,4.0,10,4
Hard-reset CP,0.8733333333333333,0.026666666666666727,3.567372318459511,8.0,0.0,,0.4,3.555999181809905,0.76,4.688257545687541,0.82,4.537409305494375,0.84,3.8826100769007055,50.0,50.0,10.0,25.0,2.170116166375885,shift4.0_ramp10,4.0,10,4
Hard-reset ACI,0.93,0.030000000000000027,4.099160030400929,8.0,0.0,,0.5,4.057464045783388,0.8,5.513616575949831,0.86,5.093295128856262,0.89,4.513605858760054,50.0,50.0,10.0,25.0,1.9066839275151162,shift4.0_ramp10,4.0,10,4
BOCPD-weighted CP,0.8933333333333333,0.00666666666666671,3.5491235298288797,0.0,0.0,,0.9,3.322289767319853,0.8,3.4000947259544683,0.86,3.774083625127712,0.89,3.729257485849585,49.976337114395456,49.99746098566898,49.998383738238594,46.81403898637989,1.019888412195043,shift4.0_ramp40,4.0,40,4
BOCPD-weighted ACI,0.9433333333333334,0.043333333333333335,4.037956033133554,0.0,0.0,,1.0,3.689662823093177,0.88,3.7362084226855963,0.92,4.386160813798629,0.93,4.329130505004053,49.976337114395456,49.99746098566898,49.998383738238594,46.81403898637989,1.256050072744011,shift4.0_ramp40,4.0,40,4
Hard-reset CP,0.89,0.010000000000000009,3.4583246613330507,0.0,0.0,,0.9,3.322289767319853,0.8,3.3961531735921526,0.84,3.510428248842128,0.89,3.5554671055213265,50.0,50.0,50.0,50.0,1.0300980171250054,shift4.0_ramp40,4.0,40,4
Hard-reset ACI,0.9466666666666667,0.046666666666666634,4.043834853709844,0.0,0.0,,1.0,3.689662823093177,0.88,3.7362084226855963,0.92,4.35316234457184,0.94,4.347630328686798,50.0,50.0,50.0,50.0,1.256050072744011,shift4.0_ramp40,4.0,40,4
BOCPD-weighted CP,0.8966666666666666,0.0033333333333334103,3.4392617124409033,0.0,0.0,,0.9,3.3368105214271773,0.84,3.418767238631724,0.88,3.4960212735998564,0.9,3.396267486893137,49.970599492245306,49.9859981982702,49.99373675242008,49.99245581539027,1.017026785335551,no_changepoint_control,0.0,0,4
BOCPD-weighted ACI,0.9433333333333334,0.043333333333333335,3.8894491602691588,0.0,0.0,,1.0,3.689662823093177,0.92,3.6940227091887987,0.92,3.7646290952555233,0.93,3.883609886410869,49.970599492245306,49.9859981982702,49.99373675242008,49.99245581539027,0.9690007772517105,no_changepoint_control,0.0,0,4
Hard-reset CP,0.8866666666666667,0.013333333333333308,3.379362724398392,0.0,0.0,,0.9,3.3368105214271773,0.84,3.4175886570709935,0.88,3.4366240109730257,0.88,3.3185812947173488,50.0,50.0,50.0,50.0,1.0300980171250054,no_changepoint_control,0.0,0,4
Hard-reset ACI,0.9433333333333334,0.043333333333333335,3.8822409990558744,0.0,0.0,,1.0,3.689662823093177,0.92,3.6940227091887987,0.92,3.7557513779073535,0.93,3.862848764724892,50.0,50.0,50.0,50.0,0.9690007772517105,no_changepoint_control,0.0,0,4
BOCPD-weighted CP,0.9,0.0,3.321909058875572,6.0,0.0,,0.7,2.98841903685605,0.84,3.006228460847773,0.88,2.9633259231861233,0.88,3.2785042482004654,49.993090133374764,49.44500502240975,43.979331384121394,49.95284441259904,1.7163729935375414,shift1.0_ramp0,1.0,0,5
BOCPD-weighted ACI,0.9333333333333333,0.033333333333333326,3.836328023762653,6.0,0.0,,0.8,4.025968754413858,0.92,4.025186491911011,0.94,3.8521685819657665,0.93,3.9848446800430635,49.993090133374764,49.44500502240975,43.979331384121394,49.95284441259904,1.6603334742108553,shift1.0_ramp0,1.0,0,5
Hard-reset CP,0.8966666666666666,0.0033333333333334103,3.2541087161712143,6.0,0.0,,0.7,3.0432282813380938,0.84,2.9032586406240477,0.86,2.8748513016339685,0.87,3.1628327764431092,50.0,50.0,50.0,50.0,1.967837816201438,shift1.0_ramp0,1.0,0,5
Hard-reset ACI,0.9333333333333333,0.033333333333333326,3.8093935195688875,6.0,0.0,,0.8,3.873344157299628,0.92,3.739980471848034,0.94,3.709565571934279,0.93,3.9063930885618356,50.0,50.0,50.0,50.0,1.6603334742108553,shift1.0_ramp0,1.0,0,5
BOCPD-weighted CP,0.9,0.0,3.3380819531472974,9.0,0.0,,0.8,2.9211274831781315,0.84,3.017947755550956,0.88,3.0519596488331517,0.88,3.32702293101564,49.915466776073465,49.83515737337589,44.223489090430625,49.92380932723289,1.8092933712627337,shift1.0_ramp10,1.0,10,5
BOCPD-weighted ACI,0.93,0.030000000000000027,3.8449529161440843,6.0,0.0,,0.8,3.757897479997646,0.88,3.971306915461585,0.92,3.8599179362543485,0.92,4.010719357187354,49.915466776073465,49.83515737337589,44.223489090430625,49.92380932723289,1.5322474988248687,shift1.0_ramp10,1.0,10,5
Hard-reset CP,0.9,0.0,3.257153140878677,9.0,0.0,,0.8,2.8408074487877073,0.84,2.8296351771400143,0.88,2.8920267879695754,0.88,3.171966050565495,50.0,50.0,50.0,50.0,1.8160295017847272,shift1.0_ramp10,1.0,10,5
Hard-reset ACI,0.93,0.030000000000000027,3.821751820054277,6.0,0.0,,0.8,3.8286602328085984,0.88,3.730901792646114,0.92,3.739715374846613,0.92,3.943467990018003,50.0,50.0,50.0,50.0,1.5322474988248687,shift1.0_ramp10,1.0,10,5
BOCPD-weighted CP,0.9,0.0,3.319871110003587,6.0,0.0,,0.8,2.6729582799959024,0.88,2.7624955096232924,0.88,2.8264575663465457,0.88,3.2709953246796113,49.933707224281385,49.950739511329985,49.94120998929988,49.997631077880634,1.0,shift1.0_ramp40,1.0,40,5
BOCPD-weighted ACI,0.9333333333333333,0.033333333333333326,3.8339184741005843,6.0,0.0,,0.8,3.5177037805925564,0.88,3.6385192117596965,0.94,3.7722793130944536,0.93,3.980473317551285,49.933707224281385,49.950739511329985,49.94120998929988,49.997631077880634,1.1196618783869794,shift1.0_ramp40,1.0,40,5
Hard-reset CP,0.8966666666666666,0.0033333333333334103,3.2199292080602664,6.0,0.0,,0.8,2.5544832381231983,0.88,2.5689521442458556,0.86,2.6237364622762644,0.87,3.0602942521102636,50.0,50.0,50.0,50.0,0.9661680447754386,shift1.0_ramp40,1.0,40,5
Hard-reset ACI,0.9333333333333333,0.033333333333333326,3.8316789633487476,6.0,0.0,,0.8,3.5884665334035097,0.88,3.6668243128840787,0.94,3.786431863656644,0.93,3.9732494199014146,50.0,50.0,50.0,50.0,1.1196618783869794,shift1.0_ramp40,1.0,40,5
BOCPD-weighted CP,0.8933333333333333,0.00666666666666671,3.480458416993107,5.0,0.0,,0.5,4.829138090018686,0.8,4.968614579578592,0.84,3.9396967172781285,0.86,3.750074179599402,49.99440935813614,6.881123479898888,12.129507404724077,22.10679284691108,2.420821944597737,shift2.0_ramp0,2.0,0,5
BOCPD-weighted ACI,0.9266666666666666,0.026666666666666616,3.9258883774102884,5.0,0.0,,0.7,5.145167492764112,0.88,5.591224712390096,0.9,4.487493922509056,0.91,4.2563830274804015,49.99440935813614,6.881123479898888,12.129507404724077,22.10679284691108,2.042531999653571,shift2.0_ramp0,2.0,0,5
Hard-reset CP,0.89,0.010000000000000009,3.4134457341567956,5.0,0.0,,0.5,4.7088105073542135,0.76,4.871188186721305,0.82,3.85842010259299,0.85,3.6408438303998514,50.0,7.0,12.0,16.0,2.420821944597737,shift2.0_ramp0,2.0,0,5
Hard-reset ACI,0.9233333333333333,0.023333333333333317,3.9013041393813,5.0,0.0,,0.7,5.078422873131126,0.84,5.4542868904768875,0.88,4.37297254890129,0.9,4.182124947999075,50.0,7.0,12.0,16.0,2.042531999653571,shift2.0_ramp0,2.0,0,5
BOCPD-weighted CP,0.9066666666666666,0.006666666666666599,3.514995052664651,6.0,0.0,,0.8,3.218576267191222,0.92,4.706488278975535,0.92,4.0996815667687825,0.9,3.8653996543712044,49.93768909820372,44.99048853340659,8.337464966517961,26.520778549686113,2.232774899909322,shift2.0_ramp10,2.0,10,5
BOCPD-weighted ACI,0.93,0.030000000000000027,3.991862099511698,6.0,0.0,,0.8,4.612181238759826,0.92,5.6969424027754,0.92,4.726777742003827,0.92,4.454304193784628,49.93768909820372,44.99048853340659,8.337464966517961,26.520778549686113,1.883870142232167,shift2.0_ramp10,2.0,10,5
Hard-reset CP,0.9033333333333333,0.0033333333333332993,3.5043406732842914,6.0,0.0,,0.8,3.7054903857654495,0.92,5.273493674096629,0.9,4.289408224348097,0.89,3.913528647782341,50.0,1.0,7.0,21.0,2.232774899909322,shift2.0_ramp10,2.0,10,5
Hard-reset ACI,0.9333333333333333,0.033333333333333326,4.020018429928939,6.0,0.0,,0.8,4.451398703644772,0.92,5.647822485599634,0.92,4.835902499682151,0.93,4.538267819641992,50.0,1.0,7.0,21.0,1.883870142232167,shift2.0_ramp10,2.0,10,5
BOCPD-weighted CP,0.9,0.0,3.336138655053935,6.0,0.0,,0.8,2.6729582799959024,0.84,2.793804008133816,0.88,2.9348317825305457,0.88,3.3211930367355533,49.92818369767617,49.93772118393304,49.822603400324454,49.986650777361824,1.0,shift2.0_ramp40,2.0,40,5
BOCPD-weighted ACI,0.9366666666666666,0.036666666666666625,3.8946517096750464,6.0,0.0,,0.8,3.6258013938533593,0.88,3.745758257064018,0.94,4.012799474422302,0.94,4.159815737780239,49.92818369767617,49.93772118393304,49.822603400324454,49.986650777361824,1.3564361771212192,shift2.0_ramp40,2.0,40,5
Hard-reset CP,0.8933333333333333,0.00666666666666671,3.251052898975097,18.0,0.0,,0.8,2.5544832381231983,0.8,2.6454833210220183,0.84,2.7834786838642605,0.86,3.153665324854757,50.0,50.0,50.0,50.0,0.9728798150976077,shift2.0_ramp40,2.0,40,5
Hard-reset ACI,0.9366666666666666,0.036666666666666625,3.892598636898564,6.0,0.0,,0.8,3.6592292862144626,0.88,3.7591294140084592,0.94,4.019485052894522,0.94,4.156008440550866,50.0,50.0,50.0,50.0,1.2343214360197938,shift2.0_ramp40,2.0,40,5
BOCPD-weighted CP,0.8966666666666666,0.0033333333333334103,3.6185442748428343,3.0,0.0,0.0,0.6,8.048022462918368,0.8,6.475527071744045,0.86,4.7302550436753235,0.87,4.1656211795162505,2.7598085049302385,6.19009491227952,11.356610036573562,15.291218962729614,3.326790201390335,shift4.0_ramp0,4.0,0,5
BOCPD-weighted ACI,0.9233333333333333,0.023333333333333317,4.074413676777575,3.0,0.0,0.0,0.6,8.128743461682099,0.8,7.1208620177692845,0.88,5.311306262560358,0.9,4.701958925582261,2.7598085049302385,6.19009491227952,11.356610036573562,15.291218962729614,2.806929050539002,shift4.0_ramp0,4.0,0,5
Hard-reset CP,0.9,0.0,3.5688591292764884,3.0,0.0,0.0,0.6,8.048022462918368,0.84,6.341374629392039,0.88,4.735179594314629,0.88,4.10708401575893,3.0,7.0,12.0,16.0,3.326790201390335,shift4.0_ramp0,4.0,0,5
Hard-reset ACI,0.9266666666666666,0.026666666666666616,4.057528460403874,3.0,0.0,0.0,0.6,8.128743461682099,0.84,6.812736118469718,0.9,5.2161343199949055,0.91,4.6507979110667925,3.0,7.0,12.0,16.0,2.806929050539002,shift4.0_ramp0,4.0,0,5
BOCPD-weighted CP,0.9,0.0,3.681641797294733,6.0,0.0,,0.6,4.877551530097508,0.84,6.764097044466508,0.88,5.073375067012395,0.88,4.3643628354699775,49.96571854235502,3.95879907753376,7.853471920869098,17.408667760068564,3.066265696158512,shift4.0_ramp10,4.0,10,5
BOCPD-weighted ACI,0.9266666666666666,0.026666666666666616,4.136738308079557,6.0,0.0,,0.7,5.479004846064095,0.88,7.303462515532877,0.9,5.576101100894946,0.91,4.888932819488203,49.96571854235502,3.95879907753376,7.853471920869098,17.408667760068564,2.5871154290467633,shift4.0_ramp10,4.0,10,5
Hard-reset CP,0.9,0.0,3.6322297227544853,6.0,0.0,,0.6,4.86759328414473,0.84,6.681254953896034,0.88,5.069632187013295,0.88,4.297195796192918,50.0,2.0,8.0,13.0,3.066265696158512,shift4.0_ramp10,4.0,10,5
Hard-reset ACI,0.9266666666666666,0.026666666666666616,4.125480673018678,6.0,0.0,,0.7,5.479004846064095,0.88,7.198091286578331,0.9,5.513752645967231,0.91,4.8546545489112045,50.0,2.0,8.0,13.0,2.5871154290467633,shift4.0_ramp10,4.0,10,5
BOCPD-weighted CP,0.8966666666666666,0.0033333333333334103,3.418108319480319,18.0,0.0,,0.8,2.9211274831781315,0.8,3.2434273661151165,0.86,3.455525366536,0.87,3.5881978571940256,49.915466776073465,49.83515737337589,44.223489090430625,47.382451432004,1.8092933712627337,shift4.0_ramp40,4.0,40,5
BOCPD-weighted ACI,0.9333333333333333,0.033333333333333326,4.016379373638159,6.0,0.0,,0.8,3.757897479997646,0.84,4.356610814851869,0.92,4.727572320947485,0.93,4.527856016164014,49.915466776073465,49.83515737337589,44.223489090430625,47.382451432004,1.5322474988248687,shift4.0_ramp40,4.0,40,5
Hard-reset CP,0.8933333333333333,0.00666666666666671,3.3336527096235717,18.0,0.0,,0.8,2.8408074487877073,0.8,2.905085283193551,0.84,3.1806465304775577,0.86,3.4014647568001806,50.0,50.0,50.0,50.0,1.8160295017847272,shift4.0_ramp40,4.0,40,5
Hard-reset ACI,0.9333333333333333,0.033333333333333326,3.9746536121011316,6.0,0.0,,0.8,3.8286602328085984,0.84,3.9564072803948465,0.92,4.473526454012982,0.93,4.402173366158568,50.0,50.0,50.0,50.0,1.5322474988248687,shift4.0_ramp40,4.0,40,5
BOCPD-weighted CP,0.9033333333333333,0.0033333333333332993,3.3062437035330476,6.0,0.0,,0.8,2.6729582799959024,0.88,2.775264477581523,0.9,2.8457338080658627,0.89,3.2301131052679932,49.9387453142314,49.96389336481497,49.97316885387065,49.99866572893336,1.0,no_changepoint_control,0.0,0,5
BOCPD-weighted ACI,0.9333333333333333,0.033333333333333326,3.7995869281004917,6.0,0.0,,0.8,3.5177037805925564,0.92,3.597724321165206,0.94,3.638437496592864,0.93,3.87747867955101,49.9387453142314,49.96389336481497,49.97316885387065,49.99866572893336,1.0699602032393105,no_changepoint_control,0.0,0,5
Hard-reset CP,0.8966666666666666,0.0033333333333334103,3.2271615178639403,8.0,0.0,,0.7,2.5864056580187738,0.84,2.651950435974352,0.86,2.7131681117903224,0.87,3.081991181521287,50.0,50.0,50.0,50.0,0.9661680447754386,no_changepoint_control,0.0,0,5
Hard-reset ACI,0.9333333333333333,0.033333333333333326,3.7973474173486554,6.0,0.0,,0.8,3.5884665334035097,0.92,3.626029422289587,0.94,3.652590047155055,0.93,3.8702547819011386,50.0,50.0,50.0,50.0,1.0699602032393105,no_changepoint_control,0.0,0,5
BOCPD-weighted CP,0.8766666666666667,0.023333333333333317,3.3681608794405933,14.0,0.0,,0.7,3.1285452526670867,0.72,3.272962104536519,0.82,3.3695115528942132,0.87,3.353980571197844,49.99963108461224,49.890874280156936,49.967547362662124,49.886237909295325,1.0591087352041424,shift1.0_ramp0,1.0,0,6
BOCPD-weighted ACI,0.9366666666666666,0.036666666666666625,3.776350804125471,9.0,0.0,,0.8,3.3529247855758384,0.88,3.5142474267012953,0.9,3.608170918833449,0.91,3.8944888332696426,49.99963108461224,49.890874280156936,49.967547362662124,49.886237909295325,1.1644677660296616,shift1.0_ramp0,1.0,0,6
Hard-reset CP,0.86,0.040000000000000036,3.4455346981525388,14.0,0.0,,0.6,3.063684870029256,0.68,3.1982031290460013,0.78,3.2970544706574065,0.82,3.5076645408157994,50.0,50.0,50.0,50.0,1.0255476679617488,shift1.0_ramp0,1.0,0,6
Hard-reset ACI,0.9366666666666666,0.036666666666666625,3.899728023798738,9.0,0.0,,0.8,3.3529247855758384,0.88,3.5049391019560723,0.9,3.603516756460837,0.9,4.146721838272428,50.0,50.0,50.0,50.0,1.0976079565398233,shift1.0_ramp0,1.0,0,6
BOCPD-weighted CP,0.8833333333333333,0.01666666666666672,3.444005343752683,14.0,0.0,,0.7,3.0941793920688108,0.76,3.5353779443250164,0.86,3.6953788486135535,0.89,3.5814405764084865,49.999445791774036,49.956939410385054,49.995314163772726,49.20378895290731,1.2994595543524774,shift1.0_ramp10,1.0,10,6
BOCPD-weighted ACI,0.94,0.039999999999999925,3.8694638703711415,13.0,0.0,,0.8,3.5857269229037207,0.84,3.9691261262697206,0.9,4.110246121320331,0.92,4.173828032006653,49.999445791774036,49.956939410385054,49.995314163772726,49.20378895290731,1.3751631523691847,shift1.0_ramp10,1.0,10,6
Hard-reset CP,0.8666666666666667,0.033333333333333326,3.4883164954509955,14.0,0.0,,0.7,3.006018168341807,0.76,3.2383826769490054,0.82,3.461550372897508,0.84,3.63600993271117,50.0,50.0,50.0,50.0,1.313617991959899,shift1.0_ramp10,1.0,10,6
Hard-reset ACI,0.9366666666666666,0.036666666666666625,3.997806030275974,14.0,0.0,,0.8,3.5857269229037207,0.8,3.975674134656775,0.88,4.110028437892217,0.9,4.440955857704136,50.0,50.0,50.0,50.0,1.3751631523691847,shift1.0_ramp10,1.0,10,6
BOCPD-weighted CP,0.8866666666666667,0.013333333333333308,3.427273170064489,12.0,0.0,,0.7,3.128615611309899,0.8,3.5284461392620363,0.88,3.666844321273709,0.9,3.531317443069532,49.99936447743865,49.869569750534865,49.846923069720724,48.36171946585349,1.2481693142406385,shift1.0_ramp40,1.0,40,6
BOCPD-weighted ACI,0.9366666666666666,0.036666666666666625,3.85069310862911,9.0,0.0,,0.7,3.597116600639167,0.84,3.89650824874141,0.9,4.016866490780013,0.91,4.117515746780557,49.99936447743865,49.869569750534865,49.846923069720724,48.36171946585349,1.1999028991867633,shift1.0_ramp40,1.0,40,6
Hard-reset CP,0.8633333333333333,0.036666666666666736,3.4786411247824875,14.0,0.0,,0.6,3.031974441902015,0.68,3.30619975915024,0.8,3.4435719474337336,0.83,3.606983820705646,50.0,50.0,50.0,50.0,1.259960389614591,shift1.0_ramp40,1.0,40,6
Hard-reset ACI,0.9366666666666666,0.036666666666666625,3.9759779253427845,9.0,0.0,,0.7,3.597116600639167,0.84,3.9137661005284317,0.9,4.025495416673524,0.9,4.375471542904565,50.0,50.0,50.0,50.0,1.2787262843606404,shift1.0_ramp40,1.0,40,6
BOCPD-weighted CP,0.8933333333333333,0.00666666666666671,3.5412739163587474,2.0,0.0,,0.7,5.148352538509298,0.88,4.879997814126528,0.92,4.365506576110222,0.92,3.8763586255522533,48.58721720794001,8.152792644957023,19.900859261753023,34.843274228299244,2.110085963220031,shift2.0_ramp0,2.0,0,6
BOCPD-weighted ACI,0.94,0.039999999999999925,3.9894872899719447,2.0,0.0,,0.7,5.770733053461247,0.88,5.50188885567071,0.92,4.823199263453746,0.92,4.533898290809062,48.58721720794001,8.152792644957023,19.900859261753023,34.843274228299244,2.0095062397759116,shift2.0_ramp0,2.0,0,6
Hard-reset CP,0.8833333333333333,0.01666666666666672,3.6433712759986445,2.0,0.0,,0.7,5.462991644590703,0.88,5.076070530141098,0.92,4.491699317102287,0.89,4.101174274354117,50.0,7.0,13.0,28.0,2.110085963220031,shift2.0_ramp0,2.0,0,6
Hard-reset ACI,0.9433333333333334,0.043333333333333335,4.107559183364424,2.0,0.0,,0.7,5.640489967959345,0.88,5.6026950719802855,0.92,4.89917368770723,0.91,4.763743697090832,50.0,7.0,13.0,28.0,2.0095062397759116,shift2.0_ramp0,2.0,0,6
BOCPD-weighted CP,0.8933333333333333,0.00666666666666671,3.4966361206006074,0.0,0.0,,0.9,3.0647965968645736,0.88,4.087651237617732,0.92,4.0682499915207355,0.92,3.740636605857209,49.99952922345601,49.98170710454167,49.99761505604904,29.900488796745112,1.7456851751179292,shift2.0_ramp10,2.0,10,6
BOCPD-weighted ACI,0.9466666666666667,0.046666666666666634,3.93669847185922,0.0,0.0,,0.9,3.333332401880604,0.88,4.3466230486213,0.92,4.470188075154583,0.94,4.3755318364708895,49.99952922345601,49.98170710454167,49.99761505604904,29.900488796745112,1.6624750428321708,shift2.0_ramp10,2.0,10,6
Hard-reset CP,0.88,0.020000000000000018,3.5696027356842355,13.0,0.0,,0.8,3.000109995999847,0.84,4.069768610612645,0.9,4.0182855787483645,0.88,3.8798686534108926,50.0,50.0,50.0,24.0,1.7456851751179292,shift2.0_ramp10,2.0,10,6
Hard-reset ACI,0.95,0.04999999999999993,4.056953347101742,0.0,0.0,,0.9,3.333332401880604,0.88,4.325810018049952,0.94,4.506306974417318,0.94,4.618397808181438,50.0,50.0,50.0,24.0,1.6624750428321708,shift2.0_ramp10,2.0,10,6
BOCPD-weighted CP,0.88,0.020000000000000018,3.4688475821990687,14.0,0.0,,0.7,3.1039203417069094,0.76,3.583478872301522,0.84,3.7752278955721543,0.88,3.656040679473272,49.9993936860236,49.919203097422525,49.95763931976944,42.24369024364024,1.288424405208528,shift2.0_ramp40,2.0,40,6
BOCPD-weighted ACI,0.94,0.039999999999999925,3.8789411684641704,9.0,0.0,,0.7,3.5867560912300886,0.84,3.934095592535789,0.9,4.086938156780338,0.92,4.20225992628574,49.9993936860236,49.919203097422525,49.95763931976944,42.24369024364024,1.3119545364673277,shift2.0_ramp40,2.0,40,6
Hard-reset CP,0.8666666666666667,0.033333333333333326,3.527355162436214,14.0,0.0,,0.7,3.006018168341807,0.72,3.417483598079965,0.82,3.6448893436624923,0.84,3.7531259336668255,50.0,50.0,50.0,24.0,1.288424405208528,shift2.0_ramp40,2.0,40,6
Hard-reset ACI,0.9366666666666666,0.036666666666666625,4.000023367207112,14.0,0.0,,0.7,3.5867560912300886,0.8,3.9440071334637974,0.88,4.091893927244343,0.9,4.447607868497549,50.0,50.0,50.0,24.0,1.3119545364673277,shift2.0_ramp40,2.0,40,6
BOCPD-weighted CP,0.8966666666666666,0.0033333333333334103,3.758094648122888,1.0,0.0,0.0,0.8,9.044484651994756,0.92,7.410154562653421,0.94,5.642914221870428,0.93,4.531043384662116,2.6244814239956162,6.628745900851416,10.417285670803379,21.092098202694906,3.0755016859595856,shift4.0_ramp0,4.0,0,6
BOCPD-weighted ACI,0.9466666666666667,0.046666666666666634,4.169059801197794,1.0,0.0,0.0,0.8,9.184813154943166,0.92,7.773555767840971,0.94,5.917765453593843,0.94,5.072615824486611,2.6244814239956162,6.628745900851416,10.417285670803379,21.092098202694906,2.928904289257467,shift4.0_ramp0,4.0,0,6
Hard-reset CP,0.88,0.020000000000000018,3.719559369476657,1.0,0.0,0.0,0.8,9.15175754133358,0.84,6.566841139728741,0.9,5.2900375616971225,0.88,4.329738554788156,3.0,7.0,7.0,22.0,3.0755016859595856,shift4.0_ramp0,4.0,0,6
Hard-reset ACI,0.94,0.039999999999999925,4.196635615945791,1.0,0.0,0.0,0.8,9.184813154943166,0.84,6.69867813685905,0.9,5.535015670486562,0.9,5.0309729948349355,3.0,7.0,7.0,22.0,2.928904289257467,shift4.0_ramp0,4.0,0,6
BOCPD-weighted CP,0.8833333333333333,0.01666666666666672,3.602935742359222,13.0,0.0,,0.7,3.0445603984721337,0.76,5.3591515133137,0.86,4.839032922447043,0.89,4.064336356191795,49.99963799980587,48.9566887975446,11.469482959510733,23.723322379280187,2.2725429765003398,shift4.0_ramp10,4.0,10,6
BOCPD-weighted ACI,0.93,0.030000000000000027,4.032373859778043,13.0,0.0,,0.7,3.4015039821637694,0.76,5.715422255153754,0.86,5.1538568967492475,0.89,4.662558000227358,49.99963799980587,48.9566887975446,11.469482959510733,23.723322379280187,2.237098823758143,shift4.0_ramp10,4.0,10,6
Hard-reset CP,0.8766666666666667,0.023333333333333317,3.6770976659470502,13.0,0.0,,0.7,3.285165194356948,0.8,5.518847753494935,0.88,4.92224884239167,0.87,4.202998315589327,50.0,50.0,9.0,24.0,2.2725429765003398,shift4.0_ramp10,4.0,10,6
Hard-reset ACI,0.9333333333333333,0.033333333333333326,4.126071371107759,13.0,0.0,,0.7,3.6228936598992156,0.8,5.849806620489781,0.88,5.15981256599731,0.89,4.825751880199492,50.0,50.0,9.0,24.0,2.237098823758143,shift4.0_ramp10,4.0,10,6
BOCPD-weighted CP,0.88,0.020000000000000018,3.597501078187203,14.0,0.0,,0.7,3.0941793920688108,0.76,3.8931967306018844,0.84,4.203994720780546,0.88,4.04704307005401,49.999445791774036,49.956939410385054,49.995314163772726,23.96414807197696,1.6129405132412404,shift4.0_ramp40,4.0,40,6
BOCPD-weighted ACI,0.94,0.039999999999999925,3.978464205380449,14.0,0.0,,0.8,3.5857269229037207,0.8,4.317392755969043,0.88,4.639666805636582,0.92,4.514707851452949,49.999445791774036,49.956939410385054,49.995314163772726,23.96414807197696,1.5360578110284568,shift4.0_ramp40,4.0,40,6
Hard-reset CP,0.8733333333333333,0.026666666666666727,3.6075397327646077,14.0,0.0,,0.7,3.006018168341807,0.76,3.827497039370836,0.84,4.170391093007916,0.86,3.9990620829545014,50.0,50.0,50.0,24.0,1.516678091968877,shift4.0_ramp40,4.0,40,6
Hard-reset ACI,0.9466666666666667,0.046666666666666634,4.049359102547201,13.0,0.0,,0.8,3.5857269229037207,0.84,4.3504724532070576,0.92,4.669125709074254,0.93,4.606687164952979,50.0,50.0,50.0,24.0,1.5360578110284568,shift4.0_ramp40,4.0,40,6
BOCPD-weighted CP,0.8866666666666667,0.013333333333333308,3.418892497721672,9.0,0.0,,0.6,3.232050891150446,0.8,3.5348412224027577,0.88,3.6488839582105834,0.9,3.506102038315453,49.99933290456192,49.76516819239907,49.748166981214965,49.480807403255035,1.1507654306789412,no_changepoint_control,0.0,0,6
BOCPD-weighted ACI,0.94,0.039999999999999925,3.8210135753421945,5.0,0.0,,0.7,3.637648135505205,0.88,3.8952371168758635,0.92,3.8548018015919534,0.92,4.028477146919815,49.99933290456192,49.76516819239907,49.748166981214965,49.480807403255035,1.2767828389983213,no_changepoint_control,0.0,0,6
Hard-reset CP,0.87,0.030000000000000027,3.4925578081769117,12.0,0.0,,0.6,3.0504685708140933,0.76,3.3873151676676434,0.84,3.5393714559832894,0.85,3.64873387088892,50.0,50.0,50.0,50.0,1.3406883210031793,no_changepoint_control,0.0,0,6
Hard-reset ACI,0.94,0.039999999999999925,3.9429249916327027,5.0,0.0,,0.7,3.575285633845504,0.88,3.817632826647738,0.92,3.815999656477891,0.91,4.276312741774323,50.0,50.0,50.0,50.0,1.3304424246439779,no_changepoint_control,0.0,0,6
BOCPD-weighted CP,0.8866666666666667,0.013333333333333308,3.1975149985033475,0.0,0.0,,0.9,3.4338689870942565,0.92,3.2586139020414486,0.9,3.3230766299234182,0.91,3.131677093195813,49.99531698206653,31.08064556724046,47.35588399806888,49.65867726589471,1.3038054356899136,shift1.0_ramp0,1.0,0,7
BOCPD-weighted ACI,0.9266666666666666,0.026666666666666616,3.7474972965093216,0.0,0.0,,0.9,4.2636240246331525,0.92,3.985970324279034,0.96,3.90102097671146,0.97,3.704097483204235,49.99531698206653,31.08064556724046,47.35588399806888,49.65867726589471,1.785829188700172,shift1.0_ramp0,1.0,0,7
Hard-reset CP,0.8766666666666667,0.023333333333333317,3.177965416946741,0.0,0.0,,0.9,4.355455518646459,0.92,3.605882651179793,0.9,3.44378057449807,0.91,3.168881149221376,50.0,3.0,50.0,50.0,2.14185812004302,shift1.0_ramp0,1.0,0,7
Hard-reset ACI,0.9266666666666666,0.026666666666666616,3.760769761617492,0.0,0.0,,0.9,4.7325108437462164,0.92,4.154956003981215,0.96,3.98551381656255,0.97,3.74634390312978,50.0,3.0,50.0,50.0,1.785829188700172,shift1.0_ramp0,1.0,0,7
BOCPD-weighted CP,0.8866666666666667,0.013333333333333308,3.2220568918186663,0.0,0.0,,0.9,3.2276735871966444,0.88,3.2753413234488993,0.9,3.4028504785222413,0.91,3.2016506574110455,49.9955009611167,49.668165580191165,49.91109470944158,49.99595649995879,1.0931588917774715,shift1.0_ramp10,1.0,10,7
BOCPD-weighted ACI,0.9266666666666666,0.026666666666666616,3.7310153256711156,0.0,0.0,,0.9,3.78001459533344,0.92,3.8455276404658885,0.96,3.810799634804886,0.97,3.6589868122509484,49.9955009611167,49.668165580191165,49.91109470944158,49.99595649995879,1.1205926452154475,shift1.0_ramp10,1.0,10,7
Hard-reset CP,0.8733333333333333,0.026666666666666727,3.167204585610827,0.0,0.0,,0.9,3.074435941966983,0.88,3.182402926716681,0.88,3.303753562766415,0.9,3.1365986552136307,50.0,50.0,50.0,50.0,1.1066951549620672,shift1.0_ramp10,1.0,10,7
Hard-reset ACI,0.9266666666666666,0.026666666666666616,3.731580623656993,0.0,0.0,,0.9,3.777911365306776,0.92,3.8446863484552223,0.96,3.810378988799554,0.97,3.6587764892482824,50.0,50.0,50.0,50.0,1.1146777631627718,shift1.0_ramp10,1.0,10,7
BOCPD-weighted CP,0.89,0.010000000000000009,3.206386392028251,0.0,0.0,,0.9,3.2276735871966444,0.92,3.181477207953037,0.9,3.260301818902627,0.92,3.1384643492023234,49.995466553492356,49.94683075321937,49.991251263464136,49.99780468493569,1.073599365540356,shift1.0_ramp40,1.0,40,7
BOCPD-weighted ACI,0.92,0.020000000000000018,3.744925408823192,0.0,0.0,,0.9,3.777911365306776,0.92,3.7975864691722165,0.92,3.7908321568468044,0.95,3.6966068099293232,49.995466553492356,49.94683075321937,49.991251263464136,49.99780468493569,1.1146777631627718,shift1.0_ramp40,1.0,40,7
Hard-reset CP,0.88,0.020000000000000018,3.1596189578337186,0.0,0.0,,0.9,3.074435941966983,0.92,3.093474820508003,0.9,3.1787509482951037,0.92,3.0876850020168116,50.0,50.0,50.0,50.0,1.0616538915427802,shift1.0_ramp40,1.0,40,7
Hard-reset ACI,0.92,0.020000000000000018,3.752307033970172,0.0,0.0,,0.9,3.777911365306776,0.92,3.8161555171152615,0.92,3.8001166808183267,0.95,3.7012490719150843,50.0,50.0,50.0,50.0,1.1146777631627718,shift1.0_ramp40,1.0,40,7
BOCPD-weighted CP,0.8833333333333333,0.01666666666666672,3.3300040911351236,3.0,0.0,,0.7,5.3505027702895545,0.84,4.4754773690163745,0.88,4.054517566046535,0.9,3.5385442677717145,49.87417691185795,9.35058401534695,14.555488503894217,26.494597130282656,2.60133902441701,shift2.0_ramp0,2.0,0,7
BOCPD-weighted ACI,0.92,0.020000000000000018,3.852014990819942,3.0,0.0,,0.7,6.262889827294596,0.84,5.346198160336772,0.92,4.553618229119537,0.95,4.030354499473559,49.87417691185795,9.35058401534695,14.555488503894217,26.494597130282656,2.23579477326778,shift2.0_ramp0,2.0,0,7
Hard-reset CP,0.8733333333333333,0.026666666666666727,3.297078079475971,3.0,0.0,,0.7,5.2614110893958435,0.84,4.444003515414449,0.88,4.0352121952224955,0.9,3.526219136809065,50.0,9.0,14.0,23.0,2.6815303614557138,shift2.0_ramp0,2.0,0,7
Hard-reset ACI,0.92,0.020000000000000018,3.8551755714555913,3.0,0.0,,0.7,6.260786597267932,0.84,5.3412846087167205,0.92,4.551948675591152,0.95,4.029561332644081,50.0,9.0,14.0,23.0,2.23579477326778,shift2.0_ramp0,2.0,0,7
BOCPD-weighted CP,0.8866666666666667,0.013333333333333308,3.3013628321588944,8.0,0.0,,0.8,3.351608455790801,0.84,3.8758695886077974,0.92,3.818352108470687,0.92,3.463258959632297,49.995402952744,47.49367634530027,21.608749159222203,45.531458043195,1.5512505367167102,shift2.0_ramp10,2.0,10,7
BOCPD-weighted ACI,0.9266666666666666,0.026666666666666616,3.807475626409276,0.0,0.0,,0.9,3.7905307454667616,0.92,4.362365675246408,0.96,4.2666473771870645,0.97,3.900846658019416,49.995402952744,47.49367634530027,21.608749159222203,45.531458043195,1.6508395133298897,shift2.0_ramp10,2.0,10,7
Hard-reset CP,0.8766666666666667,0.023333333333333317,3.24251277475731,8.0,0.0,,0.8,3.1011432713201517,0.84,3.706111416362248,0.92,3.7003364816167124,0.92,3.3999860548086143,50.0,50.0,14.0,50.0,1.5990708528899158,shift2.0_ramp10,2.0,10,7
Hard-reset ACI,0.9266666666666666,0.026666666666666616,3.8067495828926714,0.0,0.0,,0.9,3.777911365306776,0.92,4.381973914596918,0.96,4.250545308210374,0.97,3.8963670123713507,50.0,50.0,14.0,50.0,1.6508395133298897,shift2.0_ramp10,2.0,10,7
BOCPD-weighted CP,0.8833333333333333,0.01666666666666672,3.2161002083752877,0.0,0.0,,0.9,3.2276735871966444,0.92,3.1708765432826733,0.86,3.241952239713214,0.9,3.1870523619505775,49.99548826129883,49.91383115983446,49.98830727710797,49.99758866283839,1.073599365540356,shift2.0_ramp40,2.0,40,7
BOCPD-weighted ACI,0.9233333333333333,0.023333333333333317,3.768844582092503,0.0,0.0,,0.9,3.777911365306776,0.96,3.8336185091359107,0.94,3.8789043206837484,0.96,3.775746336384782,49.99548826129883,49.91383115983446,49.98830727710797,49.99758866283839,1.1146777631627718,shift2.0_ramp40,2.0,40,7
Hard-reset CP,0.87,0.030000000000000027,3.1708488454214745,0.0,0.0,,0.9,3.074435941966983,0.92,3.088215621708273,0.84,3.169171638418211,0.89,3.1475314346455754,50.0,50.0,50.0,50.0,1.0616538915427802,shift2.0_ramp40,2.0,40,7
Hard-reset ACI,0.9233333333333333,0.023333333333333317,3.7731906335740337,0.0,0.0,,0.9,3.777911365306776,0.96,3.8336185091359107,0.94,3.8789043206837484,0.96,3.7836065189994073,50.0,50.0,50.0,50.0,1.1146777631627718,shift2.0_ramp40,2.0,40,7
BOCPD-weighted CP,0.89,0.010000000000000009,3.5066893149249245,1.0,0.0,,0.8,8.978662477684832,0.88,6.695851487435512,0.9,5.0858461817176845,0.92,4.052510464543625,4.6224311911934866,8.065268226671392,13.12230060815315,13.675677161155328,3.648405641420984,shift4.0_ramp0,4.0,0,7
BOCPD-weighted ACI,0.9233333333333333,0.023333333333333317,4.013015069321695,1.0,0.0,,0.8,9.35664067463251,0.88,7.3078438603340965,0.94,5.515976881846343,0.96,4.511561565793438,4.6224311911934866,8.065268226671392,13.12230060815315,13.675677161155328,3.135725942402995,shift4.0_ramp0,4.0,0,7
Hard-reset CP,0.87,0.030000000000000027,3.379931084866216,1.0,0.0,,0.8,8.617587771147013,0.84,5.810029179813154,0.86,4.586035515280092,0.89,3.7747781529797995,5.0,9.0,14.0,14.0,3.7608748442811017,shift4.0_ramp0,4.0,0,7
Hard-reset ACI,0.9166666666666666,0.016666666666666607,3.9547258714780793,1.0,0.0,,0.8,9.35664067463251,0.84,6.589735455055538,0.9,5.149333695595504,0.94,4.328212232711543,5.0,9.0,14.0,14.0,3.135725942402995,shift4.0_ramp0,4.0,0,7
BOCPD-weighted CP,0.89,0.010000000000000009,3.5227417235291227,7.0,0.0,,0.8,5.045771789351138,0.88,6.068789940971439,0.92,5.143827191992943,0.93,4.125144632392768,49.99465981264996,16.677047636399703,12.141968322099592,24.63156020312554,2.287219039315818,shift4.0_ramp10,4.0,10,7
BOCPD-weighted ACI,0.9266666666666666,0.026666666666666616,4.007889601511559,0.0,0.0,,0.9,5.5938105829659355,0.92,6.556714134959138,0.96,5.505947963001648,0.97,4.502088583326265,49.99465981264996,16.677047636399703,12.141968322099592,24.63156020312554,2.1207061444526585,shift4.0_ramp10,4.0,10,7
Hard-reset CP,0.88,0.020000000000000018,3.4684122896568277,0.0,0.0,,0.9,5.166440236542161,0.88,6.020238719419565,0.9,4.982511644704066,0.92,4.040221767351635,50.0,3.0,9.0,11.0,2.5434972753621303,shift4.0_ramp10,4.0,10,7
Hard-reset ACI,0.9166666666666666,0.016666666666666607,3.9701646923859273,0.0,0.0,,0.9,5.5938105829659355,0.88,6.423810096672005,0.9,5.243624391714587,0.94,4.374528695435086,50.0,3.0,9.0,11.0,2.1207061444526585,shift4.0_ramp10,4.0,10,7
BOCPD-weighted CP,0.8833333333333333,0.01666666666666672,3.3475001604433814,0.0,0.0,,0.9,3.2276735871966444,0.88,3.312218743221141,0.84,3.6359288216376866,0.91,3.611716491950795,49.9955009611167,49.668165580191165,49.91109470944158,49.987377093038546,1.1450248185787495,shift4.0_ramp40,4.0,40,7
BOCPD-weighted ACI,0.92,0.020000000000000018,3.837876484913311,0.0,0.0,,0.9,3.78001459533344,0.96,3.8462728296429627,0.9,4.186624523208635,0.95,4.009120421281728,49.9955009611167,49.668165580191165,49.91109470944158,49.987377093038546,1.1205926452154475,shift4.0_ramp40,4.0,40,7
Hard-reset CP,0.87,0.030000000000000027,3.295453315630132,0.0,0.0,,0.9,3.074435941966983,0.88,3.2002590964860542,0.82,3.5713714957881253,0.9,3.577736742573826,50.0,50.0,50.0,50.0,1.1268576416538083,shift4.0_ramp40,4.0,40,7
Hard-reset ACI,0.92,0.020000000000000018,3.846636116887195,0.0,0.0,,0.9,3.777911365306776,0.96,3.845431537632298,0.9,4.1959744012166835,0.95,4.026937378507005,50.0,50.0,50.0,50.0,1.1146777631627718,shift4.0_ramp40,4.0,40,7
BOCPD-weighted CP,0.89,0.010000000000000009,3.2083397455961653,0.0,0.0,,0.9,3.2276735871966444,0.92,3.176135742082403,0.92,3.3419782466207066,0.92,3.1443244099060648,49.99543443495978,49.96318111288003,49.98966858762549,49.997918806655306,1.073599365540356,no_changepoint_control,0.0,0,7
BOCPD-weighted ACI,0.9266666666666666,0.026666666666666616,3.731231877937283,0.0,0.0,,0.9,3.777911365306776,0.92,3.791685260548484,0.96,3.8038784448461844,0.97,3.6555262172715963,49.99543443495978,49.96318111288003,49.98966858762549,49.997918806655306,1.1146777631627718,no_changepoint_control,0.0,0,7
Hard-reset CP,0.8766666666666667,0.023333333333333317,3.1439836876792575,0.0,0.0,,0.9,3.074435941966983,0.92,3.093474820508003,0.9,3.187576659162175,0.91,3.0407791915534284,50.0,50.0,50.0,50.0,1.0616538915427802,no_changepoint_control,0.0,0,7
Hard-reset ACI,0.9266666666666666,0.026666666666666616,3.737066082422344,0.0,0.0,,0.9,3.777911365306776,0.92,3.791685260548484,0.96,3.8038784448461844,0.97,3.655526217271597,50.0,50.0,50.0,50.0,1.1146777631627718,no_changepoint_control,0.0,0,7
BOCPD-weighted CP,0.8933333333333333,0.00666666666666671,3.6107619185812836,1.0,0.0,,0.8,3.720796148167005,0.88,3.671840009093575,0.9,3.2876220150034823,0.9,3.467536959080353,49.99473347088488,49.996998234091556,49.996998376400114,49.996995002438304,1.2201534484843521,shift1.0_ramp0,1.0,0,8
BOCPD-weighted ACI,0.9266666666666666,0.026666666666666616,4.183086340948821,1.0,0.0,,0.8,4.533207835350671,0.92,4.517699073435084,0.94,4.236517833495194,0.93,4.283992118583824,49.99473347088488,49.996998234091556,49.996998376400114,49.996995002438304,1.113250752208283,shift1.0_ramp0,1.0,0,8
Hard-reset CP,0.89,0.010000000000000009,3.528190000598519,1.0,0.0,,0.8,3.581608906319648,0.88,3.5719878215118768,0.9,3.2376959212126333,0.89,3.3673424821265225,50.0,50.0,50.0,50.0,1.0668226080313452,shift1.0_ramp0,1.0,0,8
Hard-reset ACI,0.93,0.030000000000000027,4.20734927966895,1.0,0.0,,0.8,4.533207835350671,0.92,4.517699073435084,0.94,4.236517833495194,0.93,4.315224221515002,50.0,50.0,50.0,50.0,1.113250752208283,shift1.0_ramp0,1.0,0,8
BOCPD-weighted CP,0.8966666666666666,0.0033333333333334103,3.5799358853373935,0.0,0.0,,0.9,3.361162015507458,0.92,3.282134611000797,0.92,3.0421632989659613,0.91,3.375058859348682,49.98857480495753,49.931249784165104,49.989441171120184,49.997494327160965,1.0407234157002638,shift1.0_ramp10,1.0,10,8
BOCPD-weighted ACI,0.93,0.030000000000000027,4.166408068103154,0.0,0.0,,0.9,4.261404326966106,0.96,4.353186120252643,0.96,4.077001554727978,0.94,4.232202193183233,49.98857480495753,49.931249784165104,49.989441171120184,49.997494327160965,1.0,shift1.0_ramp10,1.0,10,8
Hard-reset CP,0.8933333333333333,0.00666666666666671,3.4958381905623037,0.0,0.0,,0.9,3.3123691790610104,0.92,3.2234073819044253,0.92,3.0120369919097443,0.9,3.2702870520178764,50.0,50.0,50.0,50.0,0.9635366335942497,shift1.0_ramp10,1.0,10,8
Hard-reset ACI,0.9333333333333333,0.033333333333333326,4.192127959233627,0.0,0.0,,0.9,4.261404326966106,0.96,4.326962750742204,0.96,4.0892534829172185,0.94,4.269560260209031,50.0,50.0,50.0,50.0,1.0,shift1.0_ramp10,1.0,10,8
BOCPD-weighted CP,0.8933333333333333,0.00666666666666671,3.56336457809865,0.0,0.0,,0.9,3.361162015507458,0.92,3.2652398420925124,0.92,2.995550506426409,0.9,3.3230368664621754,49.989886856665315,49.85479572648348,49.99123731484759,49.997168484613084,1.0407234157002638,shift1.0_ramp40,1.0,40,8
BOCPD-weighted ACI,0.93,0.030000000000000027,4.153179503364842,0.0,0.0,,0.9,4.19584590319001,0.96,4.222069272700448,0.96,4.038044977938525,0.94,4.192516498968296,49.989886856665315,49.85479572648348,49.99123731484759,49.997168484613084,1.0,shift1.0_ramp40,1.0,40,8
Hard-reset CP,0.8933333333333333,0.00666666666666671,3.4858191277061708,0.0,0.0,,0.9,3.3123691790610104,0.92,3.2309969438996813,0.92,2.971826342068159,0.9,3.2402298634494775,50.0,50.0,50.0,50.0,0.9635366335942497,shift1.0_ramp40,1.0,40,8
Hard-reset ACI,0.9333333333333333,0.033333333333333326,4.182176211842398,0.0,0.0,,0.9,4.19584590319001,0.96,4.222069272700448,0.96,4.058488710433974,0.94,4.239705018035344,50.0,50.0,50.0,50.0,1.0,shift1.0_ramp40,1.0,40,8
BOCPD-weighted CP,0.9,0.0,3.694896241220005,1.0,0.0,,0.8,4.139796557091617,0.92,4.017970814709093,0.94,3.7635985011032687,0.92,3.7266858372106344,49.98173663328186,49.960286062258575,49.535410614503654,49.97691541486142,1.2201534484843521,shift2.0_ramp0,2.0,0,8
BOCPD-weighted ACI,0.9266666666666666,0.026666666666666616,4.217823853842347,1.0,0.0,,0.8,5.2751530612559225,0.92,4.986861330643506,0.94,4.467631594101345,0.93,4.393469977855183,49.98173663328186,49.960286062258575,49.535410614503654,49.97691541486142,1.4596778176222605,shift2.0_ramp0,2.0,0,8
Hard-reset CP,0.8933333333333333,0.00666666666666671,3.6205087880986015,5.0,0.0,,0.7,3.765680951497796,0.88,3.7877695969191727,0.92,3.7189123665191692,0.9,3.644298844626769,50.0,50.0,50.0,50.0,1.0668226080313452,shift2.0_ramp0,2.0,0,8
Hard-reset ACI,0.93,0.030000000000000027,4.244538503802323,1.0,0.0,,0.8,4.966273174732113,0.92,4.903699845466881,0.94,4.460352524672814,0.93,4.432701076160844,50.0,50.0,50.0,50.0,1.1434211395529703,shift2.0_ramp0,2.0,0,8
BOCPD-weighted CP,0.8966666666666666,0.0033333333333334103,3.673667705025424,0.0,0.0,,0.9,3.361162015507458,0.88,3.6196417242497114,0.92,3.478561418997576,0.91,3.657173062404464,49.98660411147246,49.98175041287026,49.95866901898112,49.99058128759764,1.0950239729639004,shift2.0_ramp10,2.0,10,8
BOCPD-weighted ACI,0.9266666666666666,0.026666666666666616,4.201678841752728,0.0,0.0,,0.9,4.261404326966106,0.92,4.391648187892678,0.94,4.243942298868712,0.93,4.343279834722733,49.98660411147246,49.98175041287026,49.95866901898112,49.99058128759764,1.0114386866397567,shift2.0_ramp10,2.0,10,8
Hard-reset CP,0.89,0.010000000000000009,3.5858007852326934,0.0,0.0,,0.9,3.3123691790610104,0.84,3.4771965025577614,0.9,3.399402881508481,0.89,3.5401748360290437,50.0,50.0,50.0,50.0,1.0668226080313452,shift2.0_ramp10,2.0,10,8
Hard-reset ACI,0.93,0.030000000000000027,4.22519020770314,0.0,0.0,,0.9,4.261404326966106,0.92,4.391648187892678,0.94,4.243942298868712,0.93,4.374656187863293,50.0,50.0,50.0,50.0,1.0114386866397567,shift2.0_ramp10,2.0,10,8
BOCPD-weighted CP,0.8866666666666667,0.013333333333333308,3.5833324486089047,0.0,0.0,,0.9,3.361162015507458,0.84,3.305597282129709,0.88,3.139462345556646,0.88,3.385248549163214,49.989465273364466,49.884965787097,49.9919596641788,49.9988305093624,1.0407234157002638,shift2.0_ramp40,2.0,40,8
BOCPD-weighted ACI,0.9266666666666666,0.026666666666666616,4.16354363170343,0.0,0.0,,0.9,4.261404326966106,0.92,4.273331340340483,0.94,4.101265976963857,0.93,4.2236088839840615,49.989465273364466,49.884965787097,49.9919596641788,49.9988305093624,1.0234019843237496,shift2.0_ramp40,2.0,40,8
Hard-reset CP,0.8866666666666667,0.013333333333333308,3.509793206345202,0.0,0.0,,0.9,3.3123691790610104,0.84,3.2566286203226262,0.88,3.1118273587100527,0.88,3.312152099366571,50.0,50.0,50.0,50.0,0.9752161619171645,shift2.0_ramp40,2.0,40,8
Hard-reset ACI,0.93,0.030000000000000027,4.1892365695029445,0.0,0.0,,0.9,4.261404326966106,0.92,4.273331340340483,0.94,4.107796267636773,0.93,4.260886091016981,50.0,50.0,50.0,50.0,1.0234019843237496,shift2.0_ramp40,2.0,40,8
BOCPD-weighted CP,0.8966666666666666,0.0033333333333334103,3.9250362481024696,0.0,0.0,0.0,0.9,9.800059035959936,0.92,7.396965544170566,0.92,5.1348596643625255,0.91,4.41287974298287,2.8564735438084004,6.342341501442056,11.540872940979257,16.41066294498144,2.875810342175614,shift4.0_ramp0,4.0,0,8
BOCPD-weighted ACI,0.9233333333333333,0.023333333333333317,4.401773444631522,0.0,0.0,0.0,0.9,9.902431868771663,0.92,7.818798429793521,0.94,5.627894322535892,0.92,4.939497807027608,2.8564735438084004,6.342341501442056,11.540872940979257,16.41066294498144,2.3569251439217607,shift4.0_ramp0,4.0,0,8
Hard-reset CP,0.8966666666666666,0.0033333333333334103,3.906173843899334,0.0,0.0,0.0,0.9,9.800059035959936,0.92,7.0665642430230715,0.92,4.952961884602646,0.91,4.501294012028967,3.0,7.0,12.0,17.0,2.9479297219222986,shift4.0_ramp0,4.0,0,8
Hard-reset ACI,0.9266666666666666,0.026666666666666616,4.47176208484617,0.0,0.0,0.0,0.9,9.902431868771663,0.92,7.437748962386483,0.94,5.445933201776833,0.92,5.114371819292384,3.0,7.0,12.0,17.0,2.3569251439217607,shift4.0_ramp0,4.0,0,8
BOCPD-weighted CP,0.8933333333333333,0.00666666666666671,3.846277106019714,6.0,0.0,,0.7,4.730399666216643,0.88,6.074768639118595,0.9,4.670636934625889,0.9,4.18080985428624,49.981949365545375,49.99839629262186,8.398322100720133,22.359734952329767,2.5157884977528626,shift4.0_ramp10,4.0,10,8
BOCPD-weighted ACI,0.9233333333333333,0.023333333333333317,4.337691687795306,6.0,0.0,,0.8,5.356337629062921,0.92,6.838874826445343,0.94,5.181915094523683,0.92,4.749007643382548,49.981949365545375,49.99839629262186,8.398322100720133,22.359734952329767,2.0618623836845438,shift4.0_ramp10,4.0,10,8
Hard-reset CP,0.8933333333333333,0.00666666666666671,3.82466258545423,6.0,0.0,,0.7,4.659499159651908,0.88,6.046408436492701,0.9,4.47862710079458,0.9,4.256760236693656,50.0,50.0,8.0,23.0,2.5788792737233384,shift4.0_ramp10,4.0,10,8
Hard-reset ACI,0.9266666666666666,0.026666666666666616,4.407658372427336,6.0,0.0,,0.8,5.356337629062921,0.92,6.838874826445343,0.94,5.047910881621094,0.92,4.92206068203588,50.0,50.0,8.0,23.0,2.0618623836845438,shift4.0_ramp10,4.0,10,8
BOCPD-weighted CP,0.8833333333333333,0.01666666666666672,3.681466735980701,0.0,0.0,,0.9,3.361162015507458,0.76,3.540017742007263,0.88,3.6421354951065577,0.87,3.684090620336516,49.98857480495753,49.931249784165104,49.989441171120184,49.99418192531626,1.1703139516791092,shift4.0_ramp40,4.0,40,8
BOCPD-weighted ACI,0.93,0.030000000000000027,4.233518938816656,0.0,0.0,,0.9,4.261404326966106,0.92,4.474357528551341,0.96,4.447509117079428,0.94,4.440555232778108,49.98857480495753,49.931249784165104,49.989441171120184,49.99418192531626,1.113250752208283,shift4.0_ramp40,4.0,40,8
Hard-reset CP,0.8833333333333333,0.01666666666666672,3.5899743269601436,0.0,0.0,,0.9,3.3123691790610104,0.76,3.434651759391252,0.88,3.533406530118742,0.87,3.552695461211398,50.0,50.0,50.0,50.0,1.0718522469079765,shift4.0_ramp40,4.0,40,8
Hard-reset ACI,0.9333333333333333,0.033333333333333326,4.258952192408736,0.0,0.0,,0.9,4.261404326966106,0.92,4.474357528551341,0.96,4.447509117079428,0.94,4.475942141980081,50.0,50.0,50.0,50.0,1.113250752208283,shift4.0_ramp40,4.0,40,8
BOCPD-weighted CP,0.8933333333333333,0.00666666666666671,3.55504327000116,0.0,0.0,,0.9,3.3367655972842343,0.92,3.2322318700073067,0.92,2.959452563931279,0.9,3.298070202141574,49.990292829559664,49.82561262827847,49.990769263584966,49.99256040238037,0.9399642723329668,no_changepoint_control,0.0,0,8
BOCPD-weighted ACI,0.93,0.030000000000000027,4.126440358723087,0.0,0.0,,0.9,4.19584590319001,0.96,4.222069272700448,0.96,3.908192550816202,0.94,4.112299065043035,49.990292829559664,49.82561262827847,49.990769263584966,49.99256040238037,1.0,no_changepoint_control,0.0,0,8
Hard-reset CP,0.8933333333333333,0.00666666666666671,3.4786405979393633,0.0,0.0,,0.9,3.3123691790610104,0.92,3.2224733027180172,0.92,2.940678777817073,0.9,3.2186942741490565,50.0,50.0,50.0,50.0,0.9635366335942497,no_changepoint_control,0.0,0,8
Hard-reset ACI,0.9333333333333333,0.033333333333333326,4.162051063745159,0.0,0.0,,0.9,4.130287479413913,0.96,4.222069272700449,0.96,3.9261829050126353,0.94,4.18228416486649,50.0,50.0,50.0,50.0,1.0,no_changepoint_control,0.0,0,8
BOCPD-weighted CP,0.8733333333333333,0.026666666666666727,3.2987852860542053,0.0,0.0,,0.9,3.3798027606551266,0.8,3.5452514932251784,0.88,3.638494446626601,0.89,3.6039984991005953,49.99891208868689,49.99881473055291,49.991426841677686,49.88157187538858,1.418075695038238,shift1.0_ramp0,1.0,0,9
BOCPD-weighted ACI,0.9233333333333333,0.023333333333333317,4.010792603547737,0.0,0.0,,0.9,3.867139705178244,0.88,4.031803556494889,0.92,4.1270297998252286,0.93,4.165077645795859,49.99891208868689,49.99881473055291,49.991426841677686,49.88157187538858,1.1250200945845374,shift1.0_ramp0,1.0,0,9
Hard-reset CP,0.86,0.040000000000000036,3.1999116744987477,0.0,0.0,,0.9,3.074629633600934,0.8,3.41367425948886,0.88,3.5695337336699224,0.88,3.4393522665536365,50.0,50.0,50.0,50.0,1.4147930030127838,shift1.0_ramp0,1.0,0,9
Hard-reset ACI,0.92,0.020000000000000018,4.012928272777823,0.0,0.0,,0.9,3.867139705178244,0.88,4.029361489231713,0.92,4.12580876619364,0.92,4.142521577950411,50.0,50.0,50.0,50.0,1.0518255519670943,shift1.0_ramp0,1.0,0,9
BOCPD-weighted CP,0.8766666666666667,0.023333333333333317,3.291409109119413,0.0,0.0,,0.9,3.322593229891692,0.84,3.508375794869717,0.9,3.5942890500916667,0.9,3.577444430876353,49.99874352404689,49.999239465934174,49.99710802308546,49.942352083331926,1.4120840279461409,shift1.0_ramp10,1.0,10,9
BOCPD-weighted ACI,0.9266666666666666,0.026666666666666616,4.005505521385378,0.0,0.0,,1.0,3.737913132404303,0.92,3.9908391898041127,0.94,4.09306232544819,0.94,4.149216399308783,49.99874352404689,49.999239465934174,49.99710802308546,49.942352083331926,1.1093164914422913,shift1.0_ramp10,1.0,10,9
Hard-reset CP,0.8633333333333333,0.036666666666666736,3.182366596155899,0.0,0.0,,0.9,3.074629633600934,0.84,3.3473459703930364,0.9,3.5067316802920847,0.89,3.386717031525089,50.0,50.0,50.0,50.0,1.3999843542520551,shift1.0_ramp10,1.0,10,9
Hard-reset ACI,0.9233333333333333,0.023333333333333317,4.008080466310765,0.0,0.0,,1.0,3.737913132404303,0.92,3.9908391898041127,0.94,4.096179998052496,0.93,4.127978158549237,50.0,50.0,50.0,50.0,1.0518255519670943,shift1.0_ramp10,1.0,10,9
BOCPD-weighted CP,0.88,0.020000000000000018,3.2805694967561414,0.0,0.0,,1.0,3.1208876612880134,0.84,3.376752548770053,0.9,3.4859248392760005,0.91,3.544925593786539,49.99881423347201,49.999305308887614,49.992517190456546,49.94962999799586,1.3973037340473449,shift1.0_ramp40,1.0,40,9
BOCPD-weighted ACI,0.9266666666666666,0.026666666666666616,3.955997893531281,0.0,0.0,,1.0,3.737913132404303,0.92,3.800830567726271,0.94,3.849572284338505,0.94,4.000693515746494,49.99881423347201,49.999305308887614,49.992517190456546,49.94962999799586,1.02213281786428,shift1.0_ramp40,1.0,40,9
Hard-reset CP,0.8666666666666667,0.033333333333333326,3.1833865169585547,0.0,0.0,,1.0,3.0129522633514965,0.84,3.250116343776828,0.9,3.4157719279132266,0.9,3.3897767939330574,50.0,50.0,50.0,50.0,1.3741147328396532,shift1.0_ramp40,1.0,40,9
Hard-reset ACI,0.9233333333333333,0.023333333333333317,3.955946739831576,0.0,0.0,,1.0,3.737913132404303,0.92,3.800830567726271,0.94,3.849572284338505,0.93,3.97157697911167,50.0,50.0,50.0,50.0,0.9691602203947822,shift1.0_ramp40,1.0,40,9
BOCPD-weighted CP,0.87,0.030000000000000027,3.342614142567789,16.0,0.0,,0.7,3.5482814983664936,0.76,3.859693860819635,0.86,3.952974043147169,0.88,3.755532532513864,49.99227427686307,49.273937985470035,49.977826395353475,47.57764726701798,1.629240228389955,shift2.0_ramp0,2.0,0,9
BOCPD-weighted ACI,0.9233333333333333,0.023333333333333317,4.0485680172740794,4.0,0.0,,0.8,4.045147473430128,0.88,4.382580287358314,0.92,4.379464788706775,0.93,4.287974881614518,49.99227427686307,49.273937985470035,49.977826395353475,47.57764726701798,1.387515409546211,shift2.0_ramp0,2.0,0,9
Hard-reset CP,0.8566666666666667,0.043333333333333335,3.2494403486373478,16.0,0.0,,0.7,3.395464371710107,0.76,3.702895852049999,0.86,3.8518171468986195,0.87,3.5879382889694376,50.0,50.0,50.0,50.0,1.5610854723122327,shift2.0_ramp0,2.0,0,9
Hard-reset ACI,0.9166666666666666,0.016666666666666607,4.041946331174727,4.0,0.0,,0.8,4.045147473430128,0.84,4.214413571223505,0.9,4.29869919867469,0.91,4.229575753141122,50.0,50.0,50.0,50.0,1.0667153072086213,shift2.0_ramp0,2.0,0,9
BOCPD-weighted CP,0.8766666666666667,0.023333333333333317,3.319765875517296,0.0,0.0,,0.9,3.3643834180927668,0.84,3.6692598746806224,0.9,3.766583760626786,0.9,3.6757913423295956,49.998703608620765,49.998134234141595,49.99934658646756,49.27150204175676,1.513539899777168,shift2.0_ramp10,2.0,10,9
BOCPD-weighted ACI,0.9266666666666666,0.026666666666666616,4.020523353514842,0.0,0.0,,0.9,3.9678459118586757,0.92,4.192573551363481,0.94,4.218637138109911,0.94,4.191625206721502,49.998703608620765,49.998134234141595,49.99934658646756,49.27150204175676,1.1474450971989432,shift2.0_ramp10,2.0,10,9
Hard-reset CP,0.86,0.040000000000000036,3.2146403032523585,0.0,0.0,,0.9,3.0746296336009347,0.8,3.4366762729543074,0.88,3.6268872829815537,0.88,3.4835381528144693,50.0,50.0,50.0,50.0,1.4588686390528052,shift2.0_ramp10,2.0,10,9
Hard-reset ACI,0.9233333333333333,0.023333333333333317,4.023420605198865,0.0,0.0,,0.9,3.9678459118586757,0.92,4.186644172031524,0.94,4.21707607433048,0.93,4.173998575213537,50.0,50.0,50.0,50.0,1.0879781216846718,shift2.0_ramp10,2.0,10,9
BOCPD-weighted CP,0.88,0.020000000000000018,3.2948333500410247,0.0,0.0,,1.0,3.165295851584312,0.92,3.405698810139021,0.9,3.540432039015603,0.91,3.5921426910610545,49.998793187803116,49.999300904668054,49.989338175306365,49.945727794411056,1.3973037340473449,shift2.0_ramp40,2.0,40,9
BOCPD-weighted ACI,0.9266666666666666,0.026666666666666616,3.9638593284879367,0.0,0.0,,1.0,3.737913132404303,0.92,3.798044366255375,0.94,3.8344913541974472,0.94,4.024277820616458,49.998793187803116,49.999300904668054,49.989338175306365,49.945727794411056,0.9966111825747217,shift2.0_ramp40,2.0,40,9
Hard-reset CP,0.8566666666666667,0.043333333333333335,3.203585785417414,0.0,0.0,,0.9,3.07216318374656,0.76,3.256942129515782,0.82,3.4533814278933006,0.87,3.4503745993096357,50.0,50.0,50.0,50.0,1.3526752695538908,shift2.0_ramp40,2.0,40,9
Hard-reset ACI,0.9233333333333333,0.023333333333333317,3.9626931154072196,0.0,0.0,,1.0,3.737913132404303,0.92,3.798044366255375,0.94,3.8344913541974472,0.93,3.9918161058386,50.0,50.0,50.0,50.0,0.9449612579412082,shift2.0_ramp40,2.0,40,9
BOCPD-weighted CP,0.8733333333333333,0.026666666666666727,3.5884419537206544,4.0,0.0,,0.6,6.659066271751783,0.84,6.997018133000169,0.88,5.427610871624106,0.89,4.456931993090543,6.1997293678016465,9.135179764905113,14.714599457579542,29.630904993389223,3.0452233878110286,shift4.0_ramp0,4.0,0,9
BOCPD-weighted ACI,0.92,0.020000000000000018,4.241892354872828,4.0,0.0,,0.6,7.156642756800345,0.84,7.352186194282937,0.9,5.7192492146187215,0.92,4.874594063465398,6.1997293678016465,9.135179764905113,14.714599457579542,29.630904993389223,2.0734305876812624,shift4.0_ramp0,4.0,0,9
Hard-reset CP,0.86,0.040000000000000036,3.4642191274006193,4.0,0.0,,0.6,6.439258460030983,0.84,6.893779773347477,0.88,5.190437203147078,0.88,4.23227462525925,7.0,11.0,16.0,31.0,2.7722793789851874,shift4.0_ramp0,4.0,0,9
Hard-reset ACI,0.92,0.020000000000000018,4.203772429627795,4.0,0.0,,0.6,6.920937935773816,0.84,7.198979575946116,0.9,5.470305273877341,0.92,4.721061658295535,7.0,11.0,16.0,31.0,1.9659739030092243,shift4.0_ramp0,4.0,0,9
BOCPD-weighted CP,0.8733333333333333,0.026666666666666727,3.42999707579285,10.0,0.0,,0.7,3.402019176337494,0.84,5.135684416528319,0.88,4.482856608069498,0.89,3.981597359307129,49.998873178862226,49.844096112471966,12.488991390320866,24.869163215494783,3.1007291739152905,shift4.0_ramp10,4.0,10,9
BOCPD-weighted ACI,0.9233333333333333,0.023333333333333317,4.127612965491159,10.0,0.0,,0.8,4.090640293799707,0.88,5.997194404341366,0.92,5.066494867578507,0.93,4.53175589532039,49.998873178862226,49.844096112471966,12.488991390320866,24.869163215494783,2.1112233470441795,shift4.0_ramp10,4.0,10,9
Hard-reset CP,0.8533333333333334,0.046666666666666634,3.351030081062225,10.0,0.0,,0.5,3.2674876983819656,0.76,5.24563050224084,0.84,4.435914578232101,0.86,3.892707486244068,50.0,50.0,7.0,22.0,3.106677685373752,shift4.0_ramp10,4.0,10,9
Hard-reset ACI,0.9233333333333333,0.023333333333333317,4.1150013356820665,10.0,0.0,,0.8,3.9678459118586757,0.88,6.028620470092202,0.92,4.963923908187369,0.93,4.449391741839249,50.0,50.0,7.0,22.0,2.0018080317577986,shift4.0_ramp10,4.0,10,9
BOCPD-weighted CP,0.87,0.030000000000000027,3.3700412787854153,0.0,0.0,,0.9,3.322593229891692,0.76,3.547336467776255,0.84,3.811028112921772,0.88,3.840139081843073,49.99874352404689,49.999239465934174,49.99710802308546,49.7478684594055,1.4631701175688496,shift4.0_ramp40,4.0,40,9
BOCPD-weighted ACI,0.9166666666666666,0.016666666666666607,4.040782152182395,0.0,0.0,,1.0,3.737913132404303,0.84,3.9580446911324945,0.88,4.127018174053393,0.91,4.264617286339462,49.99874352404689,49.999239465934174,49.99710802308546,49.7478684594055,1.1093164914422913,shift4.0_ramp40,4.0,40,9
Hard-reset CP,0.8533333333333334,0.046666666666666634,3.2744886122085335,0.0,0.0,,0.9,3.074629633600934,0.76,3.3922550595615526,0.82,3.6577592169195605,0.86,3.6630830796829947,50.0,50.0,50.0,50.0,1.4476487129752416,shift4.0_ramp40,4.0,40,9
Hard-reset ACI,0.9133333333333333,0.013333333333333308,4.045949881069592,0.0,0.0,,1.0,3.737913132404303,0.84,3.9580446911324945,0.88,4.127018174053393,0.9,4.243032500875192,50.0,50.0,50.0,50.0,1.0518255519670943,shift4.0_ramp40,4.0,40,9
BOCPD-weighted CP,0.8733333333333333,0.026666666666666727,3.2679856733967303,0.0,0.0,,1.0,3.1208876612880134,0.84,3.336580982763515,0.9,3.516391644038566,0.89,3.507174123708305,49.998833022337735,49.99930370521364,49.997167579990226,49.90147366530662,1.4120840279461409,no_changepoint_control,0.0,0,9
BOCPD-weighted ACI,0.9233333333333333,0.023333333333333317,4.004588574142185,0.0,0.0,,1.0,3.737913132404303,0.88,3.9239103170542813,0.92,4.067584046708151,0.93,4.146465557579207,49.998833022337735,49.99930370521364,49.997167579990226,49.90147366530662,1.1250200945845374,no_changepoint_control,0.0,0,9
Hard-reset CP,0.86,0.040000000000000036,3.164134576883122,0.0,0.0,,1.0,3.0129522633514965,0.84,3.2378481556857013,0.9,3.4599827729384174,0.88,3.332020973706759,50.0,50.0,50.0,50.0,1.3999843542520551,no_changepoint_control,0.0,0,9
Hard-reset ACI,0.92,0.020000000000000018,4.006629071082008,0.0,0.0,,1.0,3.737913132404303,0.88,3.9214682497911046,0.92,4.072013556018748,0.92,4.123623972862966,50.0,50.0,50.0,50.0,1.0518255519670943,no_changepoint_control,0.0,0,9
BOCPD-weighted CP,0.8633333333333333,0.036666666666666736,3.2281843153097545,0.0,0.0,,0.9,3.039454713859629,0.8,3.1329066455737826,0.84,3.230700833200641,0.85,3.6228178440689955,49.99703693926405,49.998273183469884,49.99892606054655,49.978324985694016,1.1594594151817867,shift1.0_ramp0,1.0,0,10
BOCPD-weighted ACI,0.91,0.010000000000000009,3.5630580535746,0.0,0.0,,1.0,3.5229630056565306,0.92,3.5721926100714336,0.96,3.6554770625553683,0.93,4.121713389561753,49.99703693926405,49.998273183469884,49.99892606054655,49.978324985694016,1.280842967950311,shift1.0_ramp0,1.0,0,10
Hard-reset CP,0.8633333333333333,0.036666666666666736,3.196952035302821,19.0,0.0,,0.8,2.96454103977543,0.76,3.051128155837223,0.82,3.158242459070161,0.84,3.5368009927646664,50.0,50.0,50.0,50.0,1.1023148510106717,shift1.0_ramp0,1.0,0,10
Hard-reset ACI,0.9166666666666666,0.016666666666666607,3.581592606932465,0.0,0.0,,1.0,3.5229630056565306,0.92,3.5721926100714336,0.96,3.6554770625553683,0.93,4.157957371192791,50.0,50.0,50.0,50.0,1.280842967950311,shift1.0_ramp0,1.0,0,10
BOCPD-weighted CP,0.8633333333333333,0.036666666666666736,3.2128360371332367,0.0,0.0,,0.9,2.862061874186826,0.76,2.950531475557178,0.84,3.1660223037202013,0.85,3.5814678688128057,49.99910301513398,49.99886881662501,49.999328734745795,49.861897520004554,1.1948847806118565,shift1.0_ramp10,1.0,10,10
BOCPD-weighted ACI,0.9066666666666666,0.006666666666666599,3.551006608151262,0.0,0.0,,1.0,3.365462133458597,0.88,3.4873102085445784,0.94,3.6319815870392813,0.92,4.094836064865226,49.99910301513398,49.99886881662501,49.999328734745795,49.861897520004554,1.280842967950311,shift1.0_ramp10,1.0,10,10
Hard-reset CP,0.86,0.040000000000000036,3.186408700644874,0.0,0.0,,0.9,2.8394116560433185,0.76,2.857909820279908,0.8,2.9859433780698077,0.83,3.5051709887908244,50.0,50.0,50.0,50.0,1.012746821148124,shift1.0_ramp10,1.0,10,10
Hard-reset ACI,0.9133333333333333,0.013333333333333308,3.588206492623576,0.0,0.0,,1.0,3.365462133458597,0.88,3.4873102085445784,0.94,3.6319815870392813,0.92,4.182928583124817,50.0,50.0,50.0,50.0,1.280842967950311,shift1.0_ramp10,1.0,10,10
BOCPD-weighted CP,0.8666666666666667,0.033333333333333326,3.243739883709765,0.0,0.0,,0.9,2.9684500665726006,0.84,3.0677979921561622,0.86,3.2385634805053645,0.86,3.6641198218872284,49.99910119631128,49.99874239050069,49.99928438084032,49.97732079233359,1.1948847806118565,shift1.0_ramp40,1.0,40,10
BOCPD-weighted ACI,0.9066666666666666,0.006666666666666599,3.526750137203015,0.0,0.0,,1.0,3.440660506160539,0.88,3.5116027737367483,0.94,3.582588442288963,0.92,4.013289640446998,49.99910119631128,49.99874239050069,49.99928438084032,49.97732079233359,1.1796252952789352,shift1.0_ramp40,1.0,40,10
Hard-reset CP,0.8666666666666667,0.033333333333333326,3.198362710033108,0.0,0.0,,0.9,2.8694053454116917,0.8,2.9442278168795366,0.84,3.0978908605235085,0.85,3.5410330169555255,50.0,50.0,50.0,50.0,1.1029125162430333,shift1.0_ramp40,1.0,40,10
Hard-reset ACI,0.9133333333333333,0.013333333333333308,3.54488267455619,0.0,0.0,,1.0,3.440660506160539,0.88,3.5116027737367483,0.94,3.582588442288963,0.92,4.045985744236019,50.0,50.0,50.0,50.0,1.1796252952789352,shift1.0_ramp40,1.0,40,10
BOCPD-weighted CP,0.88,0.020000000000000018,3.3288855926645096,6.0,0.0,,0.7,3.7807727237613733,0.84,4.132528899304891,0.92,3.957474653006613,0.89,3.9426599196748726,45.6129275093316,18.702325265676503,37.65778467076606,37.48163633269669,1.6464020016422647,shift2.0_ramp0,2.0,0,10
BOCPD-weighted ACI,0.9066666666666666,0.006666666666666599,3.710559970183568,6.0,0.0,,0.8,4.6469659327806285,0.88,4.796309671040309,0.94,4.568581756800145,0.92,4.599161497624303,45.6129275093316,18.702325265676503,37.65778467076606,37.48163633269669,1.7187385257440673,shift2.0_ramp0,2.0,0,10
Hard-reset CP,0.8766666666666667,0.023333333333333317,3.3127824528260583,6.0,0.0,,0.6,3.993652124954676,0.8,4.237086225125908,0.9,4.020197836415651,0.88,3.892649684281789,50.0,9.0,50.0,30.0,1.8053867711193958,shift2.0_ramp0,2.0,0,10
Hard-reset ACI,0.9133333333333333,0.013333333333333308,3.718571422236176,6.0,0.0,,0.8,4.566916931642988,0.88,4.748432833754759,0.94,4.5558205338406195,0.92,4.592780886144539,50.0,9.0,50.0,30.0,1.7187385257440673,shift2.0_ramp0,2.0,0,10
BOCPD-weighted CP,0.88,0.020000000000000018,3.287159570064759,8.0,0.0,11.0,0.8,2.936738168451354,0.84,3.7277079577583727,0.92,3.6932120733234943,0.89,3.816839564830599,49.999083551914666,49.998930508107975,49.99709919557879,29.458427436786973,2.13795266351352,shift2.0_ramp10,2.0,10,10
BOCPD-weighted ACI,0.9066666666666666,0.006666666666666599,3.6440727624157976,0.0,0.0,11.0,0.9,3.540388378834545,0.88,4.541254184495225,0.94,4.241092305483289,0.92,4.3996998743209925,49.999083551914666,49.998930508107975,49.99709919557879,29.458427436786973,2.0585091622027187,shift2.0_ramp10,2.0,10,10
Hard-reset CP,0.8833333333333333,0.01666666666666672,3.3177724170383236,8.0,0.0,11.0,0.8,2.8694053454116912,0.88,4.3227384791846255,0.94,4.025394985744407,0.9,3.907619576918585,50.0,50.0,50.0,15.0,2.1622865572644177,shift2.0_ramp10,2.0,10,10
Hard-reset ACI,0.9166666666666666,0.016666666666666607,3.7000077890447596,0.0,0.0,11.0,0.9,3.540388378834545,0.92,5.018520647697777,0.96,4.515872529981886,0.93,4.53708998657029,50.0,50.0,50.0,15.0,2.0585091622027187,shift2.0_ramp10,2.0,10,10
BOCPD-weighted CP,0.87,0.030000000000000027,3.2468733607468474,0.0,0.0,,0.9,2.9684500665726006,0.8,3.090809376198351,0.86,3.2917644235521184,0.87,3.678609631879726,49.999103313941966,49.998762896413915,49.999350942668094,49.92513271597642,1.1948847806118565,shift2.0_ramp40,2.0,40,10
BOCPD-weighted ACI,0.9066666666666666,0.006666666666666599,3.5633019873353238,0.0,0.0,,1.0,3.3846605061605386,0.92,3.553846125419524,0.94,3.688857044253654,0.92,4.120320839025054,49.999103313941966,49.998762896413915,49.999350942668094,49.92513271597642,1.280842967950311,shift2.0_ramp40,2.0,40,10
Hard-reset CP,0.8666666666666667,0.033333333333333326,3.234000617204588,0.0,0.0,,0.9,2.8694053454116917,0.76,2.960428718514515,0.82,3.1085118123774804,0.85,3.6479467384699666,50.0,50.0,50.0,50.0,1.1035096448418917,shift2.0_ramp40,2.0,40,10
Hard-reset ACI,0.9133333333333333,0.013333333333333308,3.602514035344337,0.0,0.0,,1.0,3.3846605061605386,0.92,3.553846125419524,0.94,3.688857044253654,0.92,4.22372685946823,50.0,50.0,50.0,50.0,1.280842967950311,shift2.0_ramp40,2.0,40,10
BOCPD-weighted CP,0.8766666666666667,0.023333333333333317,3.573528904459728,1.0,0.0,0.0,0.8,8.0610120560415,0.92,7.419871979847141,0.9,5.436994916870919,0.88,4.676519633431337,4.0158453038315045,7.723934440706602,13.111739028936128,20.02223761612086,3.0362892150538534,shift4.0_ramp0,4.0,0,10
BOCPD-weighted ACI,0.9,0.0,3.8849698315675822,1.0,0.0,0.0,0.8,8.314636799828843,0.92,7.88166219074063,0.92,5.753752729978154,0.9,5.122315874315091,4.0158453038315045,7.723934440706602,13.111739028936128,20.02223761612086,2.9234647122701056,shift4.0_ramp0,4.0,0,10
Hard-reset CP,0.8733333333333333,0.026666666666666727,3.5093696474602294,1.0,0.0,0.0,0.8,8.057654204464363,0.88,7.162395483811384,0.88,5.203868390893353,0.87,4.474390456025021,3.0,7.0,14.0,14.0,3.070847856326431,shift4.0_ramp0,4.0,0,10
Hard-reset ACI,0.9033333333333333,0.0033333333333332993,3.847559478170229,1.0,0.0,0.0,0.8,8.314636799828843,0.88,7.547216129932601,0.9,5.4445592330082535,0.89,4.950322687504158,3.0,7.0,14.0,14.0,2.9234647122701056,shift4.0_ramp0,4.0,0,10
BOCPD-weighted CP,0.8766666666666667,0.023333333333333317,3.461192790968596,8.0,0.0,,0.8,3.511721144261686,0.88,5.3051279408993715,0.9,4.750578280386556,0.88,4.340710980642816,49.99895389684566,49.87994541317042,8.130640878843044,22.499276776886198,2.9869947158365977,shift4.0_ramp10,4.0,10,10
BOCPD-weighted ACI,0.9033333333333333,0.0033333333333332993,3.822135109816623,8.0,0.0,,0.8,4.04033566648297,0.88,6.131518943369407,0.92,5.26533385903602,0.91,4.933161533322725,49.99895389684566,49.87994541317042,8.130640878843044,22.499276776886198,2.8760019316311016,shift4.0_ramp10,4.0,10,10
Hard-reset CP,0.88,0.020000000000000018,3.43456280857725,8.0,0.0,,0.8,3.4607954455026784,0.88,5.28475766139577,0.92,4.712790402312664,0.89,4.251975142415904,50.0,50.0,7.0,22.0,3.0209922936549054,shift4.0_ramp10,4.0,10,10
Hard-reset ACI,0.91,0.010000000000000009,3.8070290129965,8.0,0.0,,0.8,4.04033566648297,0.88,6.131518943369407,0.92,5.2282769069680475,0.91,4.838092086633426,50.0,50.0,7.0,22.0,2.8760019316311016,shift4.0_ramp10,4.0,10,10
BOCPD-weighted CP,0.8733333333333333,0.026666666666666727,3.3375954860095005,0.0,0.0,,0.9,2.862061874186826,0.76,3.295889647483977,0.84,3.6355153226098604,0.87,3.9764356955770293,49.99910301513398,49.99886881662501,49.999328734745795,36.12203495948198,1.6261467296290484,shift4.0_ramp40,4.0,40,10
BOCPD-weighted ACI,0.9066666666666666,0.006666666666666599,3.6530512292454294,0.0,0.0,,1.0,3.365462133458597,0.88,3.7993949956533015,0.92,4.164384111916179,0.92,4.440146898751033,49.99910301513398,49.99886881662501,49.999328734745795,36.12203495948198,1.714301680338136,shift4.0_ramp40,4.0,40,10
Hard-reset CP,0.8666666666666667,0.033333333333333326,3.2971460931131142,0.0,0.0,,0.9,2.8394116560433185,0.76,3.19442702064258,0.82,3.4563013648671155,0.85,3.847745808182779,50.0,50.0,50.0,50.0,1.6446553160994017,shift4.0_ramp40,4.0,40,10
Hard-reset ACI,0.9133333333333333,0.013333333333333308,3.6598480869705017,0.0,0.0,,1.0,3.365462133458597,0.84,3.7840225208564573,0.9,4.110459252298103,0.92,4.421990623756067,50.0,50.0,50.0,50.0,1.714301680338136,shift4.0_ramp40,4.0,40,10
BOCPD-weighted CP,0.8633333333333333,0.036666666666666736,3.2296271285264644,0.0,0.0,,0.9,2.9684500665726006,0.8,3.08198240253425,0.84,3.1903440744643,0.85,3.6217815563373277,49.99909757688186,49.99862196460872,49.99937639392799,49.98960148630087,1.1374213281883956,no_changepoint_control,0.0,0,10
BOCPD-weighted ACI,0.91,0.010000000000000009,3.5508909849064283,0.0,0.0,,1.0,3.4966605061605387,0.92,3.546537605020013,0.96,3.6151147032932416,0.93,4.0899209720042755,49.99909757688186,49.99862196460872,49.99937639392799,49.98960148630087,1.2410163927743354,no_changepoint_control,0.0,0,10
Hard-reset CP,0.8666666666666667,0.033333333333333326,3.1949725853713065,0.0,0.0,,0.9,2.8694053454116917,0.8,2.9843691814236415,0.84,3.1248629718633705,0.85,3.530862642970122,50.0,50.0,50.0,50.0,1.102314851010672,no_changepoint_control,0.0,0,10
Hard-reset ACI,0.9166666666666666,0.016666666666666607,3.567142671829563,0.0,0.0,,1.0,3.4966605061605387,0.92,3.546537605020013,0.96,3.6151147032932416,0.93,4.114607565884087,50.0,50.0,50.0,50.0,1.2410163927743354,no_changepoint_control,0.0,0,10
BOCPD-weighted CP,0.88,0.020000000000000018,3.2173015962404787,0.0,0.0,,0.9,3.4065461994460917,0.84,3.6214752536581316,0.88,3.6011438153221196,0.89,3.5560353449713875,49.99116395735106,49.99699349133724,49.994695687319215,49.98385864138622,1.238603229072112,shift1.0_ramp0,1.0,0,11
BOCPD-weighted ACI,0.93,0.030000000000000027,3.7387928431775337,0.0,0.0,,1.0,3.87399999225183,0.92,3.9397633128942426,0.92,4.098140521522513,0.93,4.121255454203724,49.99116395735106,49.99699349133724,49.994695687319215,49.98385864138622,1.3917558642888292,shift1.0_ramp0,1.0,0,11
Hard-reset CP,0.8633333333333333,0.036666666666666736,3.1552393025962244,0.0,0.0,,0.9,3.227226654769506,0.84,3.4835795720811444,0.88,3.511211459006175,0.88,3.491017051076669,50.0,50.0,50.0,50.0,1.1872724862783557,shift1.0_ramp0,1.0,0,11
Hard-reset ACI,0.93,0.030000000000000027,3.7364051091670203,0.0,0.0,,1.0,3.87399999225183,0.92,3.9104349951074546,0.92,4.083476362629119,0.93,4.114092252172186,50.0,50.0,50.0,50.0,1.1745084938182577,shift1.0_ramp0,1.0,0,11
BOCPD-weighted CP,0.88,0.020000000000000018,3.2451949304685455,0.0,0.0,,0.9,3.3643031427171275,0.84,3.7680635795808395,0.88,3.750344392519077,0.89,3.6404266133543324,49.992710981515124,49.968431363394565,49.97426074821594,49.24921466733685,1.73624964934947,shift1.0_ramp10,1.0,10,11
BOCPD-weighted ACI,0.93,0.030000000000000027,3.7784567157299245,0.0,0.0,,1.0,3.8230264058395895,0.88,4.310168761174254,0.92,4.3717694175265285,0.93,4.254436694925727,49.992710981515124,49.968431363394565,49.97426074821594,49.24921466733685,1.615579435141974,shift1.0_ramp10,1.0,10,11
Hard-reset CP,0.8666666666666667,0.033333333333333326,3.180002873418047,0.0,0.0,,0.9,3.227226654769506,0.84,3.6587073494029045,0.88,3.6377910371348365,0.89,3.5653077635421364,50.0,50.0,50.0,50.0,1.738570331863641,shift1.0_ramp10,1.0,10,11
Hard-reset ACI,0.93,0.030000000000000027,3.767595367786258,0.0,0.0,,1.0,3.840017601310336,0.88,4.122748144083409,0.92,4.264376009134361,0.93,4.207663028029897,50.0,50.0,50.0,50.0,1.615579435141974,shift1.0_ramp10,1.0,10,11
BOCPD-weighted CP,0.88,0.020000000000000018,3.193675666876908,0.0,0.0,,1.0,3.278983265623711,0.88,3.529250340585459,0.9,3.4759869428702825,0.89,3.4851575568806767,49.991892771284945,49.99153388237888,49.99657160593033,49.970031510088035,1.238603229072112,shift1.0_ramp40,1.0,40,11
BOCPD-weighted ACI,0.93,0.030000000000000027,3.72000316688408,0.0,0.0,,1.0,3.8570087967810833,0.92,3.9606951524927325,0.92,4.027129022063889,0.93,4.064886425323363,49.991892771284945,49.99153388237888,49.99657160593033,49.970031510088035,1.3858299227588737,shift1.0_ramp40,1.0,40,11
Hard-reset CP,0.8666666666666667,0.033333333333333326,3.1272338440729577,0.0,0.0,,1.0,3.1996186805302633,0.88,3.3789891940730383,0.9,3.3813136498314016,0.89,3.4070006755068687,50.0,50.0,50.0,50.0,1.1858615446404341,shift1.0_ramp40,1.0,40,11
Hard-reset ACI,0.9333333333333333,0.033333333333333326,3.7154801792048473,0.0,0.0,,1.0,3.8570087967810833,0.92,3.9036385169191563,0.92,3.999275079347184,0.94,4.051317462285668,50.0,50.0,50.0,50.0,1.1745084938182577,shift1.0_ramp40,1.0,40,11
BOCPD-weighted CP,0.8733333333333333,0.026666666666666727,3.3257392277607445,13.0,0.0,,0.7,3.7590030680780755,0.76,4.0671883559707,0.86,4.208711883543202,0.87,3.882938867080946,49.89671419184459,49.77556275558034,47.23246389953267,49.25828944981738,1.3988357234713376,shift2.0_ramp0,2.0,0,11
BOCPD-weighted ACI,0.92,0.020000000000000018,3.7858963975310673,13.0,0.0,,0.8,3.925733329410096,0.8,4.343498310100594,0.88,4.459876364114652,0.9,4.262566117264325,49.89671419184459,49.77556275558034,47.23246389953267,49.25828944981738,1.4733568384230444,shift2.0_ramp0,2.0,0,11
Hard-reset CP,0.8633333333333333,0.036666666666666736,3.2598726989918996,13.0,0.0,,0.7,3.6070224919368252,0.76,3.8339345628732486,0.86,4.049007871996333,0.88,3.8049172402636935,50.0,50.0,50.0,50.0,1.3954856367166877,shift2.0_ramp0,2.0,0,11
Hard-reset ACI,0.9233333333333333,0.023333333333333317,3.7826843440542985,13.0,0.0,,0.8,3.925733329410096,0.8,4.250375445725513,0.88,4.409265692974056,0.91,4.278550002729619,50.0,50.0,50.0,50.0,1.3733188603832263,shift2.0_ramp0,2.0,0,11
BOCPD-weighted CP,0.88,0.020000000000000018,3.325850282606412,0.0,0.0,,0.9,3.407254488757488,0.84,4.775412238173901,0.88,4.320407278563422,0.89,3.8751869294162247,49.993517146966944,49.9783553026997,43.74061461291521,22.834052023429308,2.098601308897557,shift2.0_ramp10,2.0,10,11
BOCPD-weighted ACI,0.9266666666666666,0.026666666666666616,3.85253020539906,0.0,0.0,,0.9,3.8512649979246953,0.88,5.265199193608351,0.9,4.887817409127921,0.92,4.462467540868304,49.993517146966944,49.9783553026997,43.74061461291521,22.834052023429308,1.9448437404179995,shift2.0_ramp10,2.0,10,11
Hard-reset CP,0.86,0.040000000000000036,3.2183785759788517,0.0,0.0,,0.9,3.227226654769506,0.8,4.745762736121765,0.86,4.014907610257298,0.87,3.6804348712245507,50.0,50.0,50.0,8.0,2.1014063129841523,shift2.0_ramp10,2.0,10,11
Hard-reset ACI,0.9233333333333333,0.023333333333333317,3.7619276431989617,0.0,0.0,,0.9,3.8512649979246953,0.88,5.190084282522165,0.9,4.389873021118429,0.91,4.190659854268009,50.0,50.0,50.0,8.0,1.9448437404179995,shift2.0_ramp10,2.0,10,11
BOCPD-weighted CP,0.88,0.020000000000000018,3.2280670812900354,0.0,0.0,,1.0,3.278983265623711,0.88,3.6128648421082414,0.9,3.6479417423562865,0.89,3.589043065818803,49.99218879232192,49.987610256566086,49.99229443776409,49.50236607185568,1.6168867497336294,shift2.0_ramp40,2.0,40,11
BOCPD-weighted ACI,0.9366666666666666,0.036666666666666625,3.6996566014356387,0.0,0.0,,1.0,3.840017601310336,0.92,4.100371412378748,0.96,3.993187289958274,0.95,4.003846728978042,49.99218879232192,49.987610256566086,49.99229443776409,49.50236607185568,1.7103944996212606,shift2.0_ramp40,2.0,40,11
Hard-reset CP,0.8666666666666667,0.033333333333333326,3.1724424038999866,0.0,0.0,,1.0,3.1996186805302633,0.88,3.5332379407494225,0.9,3.5798276349116223,0.89,3.5426263549879553,50.0,50.0,50.0,50.0,1.8480835886717508,shift2.0_ramp40,2.0,40,11
Hard-reset ACI,0.9366666666666666,0.036666666666666625,3.6902009342151176,0.0,0.0,,1.0,3.8570087967810833,0.92,3.9759829372066826,0.96,3.933057708132128,0.95,3.9754797273164764,50.0,50.0,50.0,50.0,1.7103944996212606,shift2.0_ramp40,2.0,40,11
BOCPD-weighted CP,0.8833333333333333,0.01666666666666672,3.4741402247087314,1.0,0.0,0.0,0.8,7.213308516994279,0.92,7.127384332694649,0.92,5.258124963611348,0.9,4.323027710551963,3.632147275301862,6.590009739566387,11.662474002001668,15.394633481759097,2.587251907475635,shift4.0_ramp0,4.0,0,11
BOCPD-weighted ACI,0.93,0.030000000000000027,3.985678687300627,1.0,0.0,0.0,0.8,7.510895013284534,0.92,7.523387194021909,0.92,5.66010072264075,0.93,4.861912986573004,3.632147275301862,6.590009739566387,11.662474002001668,15.394633481759097,2.3976925277826298,shift4.0_ramp0,4.0,0,11
Hard-reset CP,0.87,0.030000000000000027,3.399111917052288,1.0,0.0,0.0,0.8,7.443572193366519,0.92,7.0832874203210645,0.92,5.061710383024167,0.9,4.22263489444486,3.0,7.0,12.0,13.0,2.590710045113666,shift4.0_ramp0,4.0,0,11
Hard-reset ACI,0.93,0.030000000000000027,3.98256836173949,1.0,0.0,0.0,0.8,7.510895013284534,0.92,7.452624581750262,0.92,5.6368594516785,0.93,4.852582009889593,3.0,7.0,12.0,13.0,2.3976925277826293,shift4.0_ramp0,4.0,0,11
BOCPD-weighted CP,0.8766666666666667,0.023333333333333317,3.379487950560456,11.0,0.0,,0.8,4.14212258950839,0.84,6.6487771715714175,0.88,4.6957807029201994,0.88,4.035368206322129,49.99440320804677,49.998360698283605,5.160684098690428,7.740534767235741,2.823304627993731,shift4.0_ramp10,4.0,10,11
BOCPD-weighted ACI,0.9266666666666666,0.026666666666666616,3.881945869500803,0.0,0.0,,0.9,4.49552111696779,0.88,6.914846804277296,0.9,5.075333656554031,0.92,4.550714533173533,49.99440320804677,49.998360698283605,5.160684098690428,7.740534767235741,2.616450447146278,shift4.0_ramp10,4.0,10,11
Hard-reset CP,0.86,0.040000000000000036,3.279290237431847,11.0,0.0,,0.8,3.9657227225452862,0.84,6.171663154775189,0.86,4.3803775789752715,0.87,3.863169855583538,50.0,50.0,6.0,8.0,2.8270782752251753,shift4.0_ramp10,4.0,10,11
Hard-reset ACI,0.9233333333333333,0.023333333333333317,3.8278860702527404,0.0,0.0,,0.9,4.49552111696779,0.88,6.421316212713874,0.9,4.785623583441107,0.91,4.388535135429348,50.0,50.0,6.0,8.0,2.616450447146278,shift4.0_ramp10,4.0,10,11
BOCPD-weighted CP,0.88,0.020000000000000018,3.302440678631388,0.0,0.0,,0.9,3.3643031427171275,0.8,4.120987521805498,0.86,4.173701046036831,0.89,3.8183930855889683,49.992710981515124,49.968431363394565,49.97426074821594,31.377898838516117,1.8598755096658761,shift4.0_ramp40,4.0,40,11
BOCPD-weighted ACI,0.93,0.030000000000000027,3.830629331054697,0.0,0.0,,1.0,3.8230264058395895,0.88,4.691638866531131,0.92,4.728845610807622,0.93,4.396764917835216,49.992710981515124,49.968431363394565,49.97426074821594,31.377898838516117,1.9474321608194765,shift4.0_ramp40,4.0,40,11
Hard-reset CP,0.8633333333333333,0.036666666666666736,3.2367250401741514,0.0,0.0,,0.9,3.227226654769506,0.8,4.085069897173667,0.84,3.989200928698432,0.88,3.7354742638104512,50.0,50.0,50.0,20.0,1.8623614313047567,shift4.0_ramp40,4.0,40,11
Hard-reset ACI,0.92,0.020000000000000018,3.813032894633775,0.0,0.0,,1.0,3.840017601310336,0.84,4.587749139884015,0.86,4.544832778889633,0.9,4.343975608572449,50.0,50.0,50.0,20.0,1.9474321608194767,shift4.0_ramp40,4.0,40,11
BOCPD-weighted CP,0.8866666666666667,0.013333333333333308,3.1772025766270353,0.0,0.0,,1.0,3.278983265623711,0.92,3.5135045585360314,0.92,3.418981512421111,0.91,3.432746870044794,49.99157106169832,49.99369264361592,49.99791366889456,49.99399925989001,1.238603229072112,no_changepoint_control,0.0,0,11
BOCPD-weighted ACI,0.93,0.030000000000000027,3.719855383794799,0.0,0.0,,1.0,3.8570087967810833,0.92,3.9036385169191563,0.92,3.9891257988024926,0.93,4.064443076055523,49.99157106169832,49.99369264361592,49.99791366889456,49.99399925989001,1.1745084938182577,no_changepoint_control,0.0,0,11
Hard-reset CP,0.87,0.030000000000000027,3.1076321152084514,0.0,0.0,,1.0,3.1996186805302633,0.92,3.3398553614577553,0.92,3.31272174319115,0.9,3.34819548891335,50.0,50.0,50.0,50.0,1.1858615446404341,no_changepoint_control,0.0,0,11
Hard-reset ACI,0.93,0.030000000000000027,3.719855383794799,0.0,0.0,,1.0,3.8570087967810833,0.92,3.9036385169191563,0.92,3.9891257988024926,0.93,4.064443076055523,50.0,50.0,50.0,50.0,1.1745084938182577,no_changepoint_control,0.0,0,11
BOCPD-weighted CP,0.89,0.010000000000000009,3.4578424702414114,0.0,0.0,,0.9,3.391044113353876,0.88,3.3728169071601046,0.88,3.4519129965883133,0.89,3.367406238248782,49.99847056360808,49.9984124240413,49.999260884892266,49.99901852024512,1.0,shift1.0_ramp0,1.0,0,12
BOCPD-weighted ACI,0.9333333333333333,0.033333333333333326,3.9775356429124105,0.0,0.0,,1.0,4.002071672192585,0.96,3.983346356771092,0.94,3.9411863389017014,0.94,3.9805235574671354,49.99847056360808,49.9984124240413,49.999260884892266,49.99901852024512,1.0,shift1.0_ramp0,1.0,0,12
Hard-reset CP,0.8866666666666667,0.013333333333333308,3.3776630255581703,0.0,0.0,,0.9,3.391044113353876,0.88,3.3196307465265718,0.86,3.3703649301487975,0.88,3.2840378343738847,50.0,50.0,50.0,50.0,0.9884894951700884,shift1.0_ramp0,1.0,0,12
Hard-reset ACI,0.9333333333333333,0.033333333333333326,3.9775192734918203,0.0,0.0,,1.0,4.002071672192585,0.96,3.983346356771092,0.94,3.9411863389017014,0.94,3.9719322001293187,50.0,50.0,50.0,50.0,1.0,shift1.0_ramp0,1.0,0,12
BOCPD-weighted CP,0.89,0.010000000000000009,3.513053254051869,1.0,0.0,,0.8,3.7465124176654525,0.88,3.773618805110886,0.88,3.750822806218042,0.89,3.540758943512637,49.99847821870851,49.99646680169144,49.99929574881392,49.99405260249427,1.024301603815399,shift1.0_ramp10,1.0,10,12
BOCPD-weighted ACI,0.9333333333333333,0.033333333333333326,3.9899285527120636,0.0,0.0,,1.0,4.002071672192585,0.96,4.042992060958758,0.94,4.02629608410219,0.94,4.017702286866097,49.99847821870851,49.99646680169144,49.99929574881392,49.99405260249427,1.0,shift1.0_ramp10,1.0,10,12
Hard-reset CP,0.8866666666666667,0.013333333333333308,3.4392727588154646,1.0,0.0,,0.8,3.6983807824391564,0.84,3.6613980110164546,0.86,3.671921743710251,0.88,3.468867034145767,50.0,50.0,50.0,50.0,1.0429129591695627,shift1.0_ramp10,1.0,10,12
Hard-reset ACI,0.9333333333333333,0.033333333333333326,3.991704231025235,0.0,0.0,,1.0,4.002071672192585,0.96,4.042992060958758,0.94,4.02629608410219,0.94,4.014487072729563,50.0,50.0,50.0,50.0,1.0,shift1.0_ramp10,1.0,10,12
BOCPD-weighted CP,0.89,0.010000000000000009,3.4645874392097182,0.0,0.0,,0.9,3.744452621440179,0.92,3.595061366777986,0.88,3.5244368360002194,0.89,3.3876411451537014,49.99858882950896,49.99041685716796,49.99608378901281,49.998898145338714,1.024301603815399,shift1.0_ramp40,1.0,40,12
BOCPD-weighted ACI,0.9366666666666666,0.036666666666666625,3.987480398727965,0.0,0.0,,1.0,4.002071672192585,0.96,4.042992060958758,0.96,4.019915838309944,0.95,4.010357824913799,49.99858882950896,49.99041685716796,49.99608378901281,49.998898145338714,1.0,shift1.0_ramp40,1.0,40,12
Hard-reset CP,0.8866666666666667,0.013333333333333308,3.3810435703886488,0.0,0.0,,0.9,3.6963209862138826,0.88,3.5079642935484374,0.86,3.415888843033573,0.88,3.2941794688653205,50.0,50.0,50.0,50.0,1.0429129591695627,shift1.0_ramp40,1.0,40,12
Hard-reset ACI,0.9366666666666666,0.036666666666666625,3.986850663392676,0.0,0.0,,1.0,4.002071672192585,0.96,4.042992060958758,0.96,4.019915838309944,0.95,3.9999263698318868,50.0,50.0,50.0,50.0,1.0,shift1.0_ramp40,1.0,40,12
BOCPD-weighted CP,0.89,0.010000000000000009,3.5133210475464343,8.0,0.0,,0.8,3.744451371836172,0.84,3.8265499354727286,0.88,3.8248177807799077,0.89,3.544864184500166,49.9982103089249,49.99539539013308,49.751658008258595,49.90619128525611,1.1441113768460416,shift2.0_ramp0,2.0,0,12
BOCPD-weighted ACI,0.93,0.030000000000000027,4.055860677525764,8.0,0.0,,0.8,4.199234937193258,0.88,4.366932511724199,0.92,4.4833875595100405,0.93,4.216012224094751,49.9982103089249,49.99539539013308,49.751658008258595,49.90619128525611,1.0931059437090782,shift2.0_ramp0,2.0,0,12
Hard-reset CP,0.8866666666666667,0.013333333333333308,3.4225489840624883,8.0,0.0,,0.8,3.6436458851975244,0.84,3.673700855989344,0.86,3.6229208262751875,0.88,3.418695709886838,50.0,50.0,50.0,50.0,1.2737934718518862,shift2.0_ramp0,2.0,0,12
Hard-reset ACI,0.93,0.030000000000000027,4.057889943143113,8.0,0.0,,0.8,4.199234937193258,0.88,4.350317643351375,0.92,4.475080125323628,0.93,4.213044209083197,50.0,50.0,50.0,50.0,1.2743807559530107,shift2.0_ramp0,2.0,0,12
BOCPD-weighted CP,0.89,0.010000000000000009,3.640528312091937,11.0,0.0,,0.8,3.7954914551864514,0.84,4.564428773418191,0.88,4.4709207810738585,0.89,3.93174564765981,49.99827826514509,49.99867002880639,49.869205038741896,39.422328117835654,1.8000787924493604,shift2.0_ramp10,2.0,10,12
BOCPD-weighted ACI,0.93,0.030000000000000027,4.134828752179828,0.0,0.0,,0.9,4.072997349579671,0.88,5.20171293575983,0.92,4.942600757048053,0.93,4.452916448056942,49.99827826514509,49.99867002880639,49.869205038741896,39.422328117835654,1.6110269897449732,shift2.0_ramp10,2.0,10,12
Hard-reset CP,0.89,0.010000000000000009,3.5713281083081765,11.0,0.0,,0.8,3.7284087430314137,0.84,4.683044730847518,0.88,4.380999608009155,0.89,3.865033082623903,50.0,50.0,50.0,50.0,1.8773255001717353,shift2.0_ramp10,2.0,10,12
Hard-reset ACI,0.93,0.030000000000000027,4.146491797100179,0.0,0.0,,0.9,4.072997349579671,0.88,5.250455759251713,0.92,4.938957301453399,0.93,4.478849770954394,50.0,50.0,50.0,50.0,1.6110269897449732,shift2.0_ramp10,2.0,10,12
BOCPD-weighted CP,0.8933333333333333,0.00666666666666671,3.46817129094701,0.0,0.0,,0.9,3.744452621440179,0.92,3.665557413521593,0.9,3.641463114854164,0.9,3.4055733535473434,49.99855510721202,49.99334665817784,49.998542008813544,49.99830336163749,1.024301603815399,shift2.0_ramp40,2.0,40,12
BOCPD-weighted ACI,0.9333333333333333,0.033333333333333326,3.999436515435735,0.0,0.0,,1.0,4.002071672192585,0.96,4.042992060958758,0.94,4.114554845404523,0.94,4.046226175037108,49.99855510721202,49.99334665817784,49.998542008813544,49.99830336163749,1.0,shift2.0_ramp40,2.0,40,12
Hard-reset CP,0.89,0.010000000000000009,3.37845675722035,0.0,0.0,,0.9,3.6963209862138826,0.88,3.5630165214724254,0.88,3.4769203874206585,0.89,3.2864190293604225,50.0,50.0,50.0,50.0,1.0429129591695627,shift2.0_ramp40,2.0,40,12
Hard-reset ACI,0.9333333333333333,0.033333333333333326,4.00220841794577,0.0,0.0,,1.0,4.002071672192585,0.96,4.042992060958758,0.94,4.114554845404523,0.94,4.04599963349117,50.0,50.0,50.0,50.0,1.0,shift2.0_ramp40,2.0,40,12
BOCPD-weighted CP,0.8866666666666667,0.013333333333333308,3.6864924806607577,2.0,0.0,,0.7,6.5723575729739805,0.84,6.1654062709195605,0.86,4.825117471616133,0.88,4.058615939029957,36.33178801473492,6.204146165389221,11.11649177184003,13.276357669618456,1.9802343951109063,shift4.0_ramp0,4.0,0,12
BOCPD-weighted ACI,0.9233333333333333,0.023333333333333317,4.201488949306499,2.0,0.0,,0.7,6.866369981568771,0.84,6.581080449845786,0.88,5.3458419491497455,0.91,4.652383476649399,36.33178801473492,6.204146165389221,11.11649177184003,13.276357669618456,1.7722618976050892,shift4.0_ramp0,4.0,0,12
Hard-reset CP,0.8833333333333333,0.01666666666666672,3.5932013337942394,2.0,0.0,,0.7,6.770911526844951,0.84,5.887157416963123,0.84,4.664027338688541,0.87,3.930652759082091,3.0,7.0,12.0,14.0,2.0652121128544643,shift4.0_ramp0,4.0,0,12
Hard-reset ACI,0.9233333333333333,0.023333333333333317,4.157204218554684,2.0,0.0,,0.7,6.866369981568771,0.84,6.1532707940053335,0.88,5.086325358350751,0.91,4.51098703531791,3.0,7.0,12.0,14.0,1.7722618976050892,shift4.0_ramp0,4.0,0,12
BOCPD-weighted CP,0.8933333333333333,0.00666666666666671,3.7892782382035435,11.0,0.0,,0.7,4.444031834538589,0.8,6.395003227643795,0.88,5.393915701783589,0.9,4.364133372154039,49.99758785731093,49.99827041286276,7.546031018623323,14.243527376125503,2.4497945128857217,shift4.0_ramp10,4.0,10,12
BOCPD-weighted ACI,0.9266666666666666,0.026666666666666616,4.261761186162636,11.0,0.0,,0.8,4.658920455699051,0.84,6.949971187203139,0.9,5.818623809931335,0.92,4.833200187217814,49.99758785731093,49.99827041286276,7.546031018623323,14.243527376125503,2.192506848112908,shift4.0_ramp10,4.0,10,12
Hard-reset CP,0.8766666666666667,0.023333333333333317,3.6115602320156177,11.0,0.0,,0.7,4.386424660847922,0.72,5.813468622955241,0.8,4.748728373192968,0.85,3.9857294537462256,50.0,50.0,7.0,8.0,2.5549224447910053,shift4.0_ramp10,4.0,10,12
Hard-reset ACI,0.9166666666666666,0.016666666666666607,4.197966328677651,11.0,0.0,,0.8,4.658920455699051,0.76,6.378408683580306,0.84,5.306523710335155,0.89,4.633273365686815,50.0,50.0,7.0,8.0,2.192506848112908,shift4.0_ramp10,4.0,10,12
BOCPD-weighted CP,0.89,0.010000000000000009,3.533458414179172,1.0,0.0,,0.8,3.7465124176654525,0.84,3.8460298487459306,0.88,3.9241320909375275,0.89,3.6110756545722325,49.99847821870851,49.99646680169144,49.99929574881392,49.93728932871379,1.024301603815399,shift4.0_ramp40,4.0,40,12
BOCPD-weighted ACI,0.93,0.030000000000000027,4.073053722405677,0.0,0.0,,1.0,4.002071672192585,0.92,4.13017401597455,0.92,4.536598371569201,0.93,4.267591358734491,49.99847821870851,49.99646680169144,49.99929574881392,49.93728932871379,1.0413248488665314,shift4.0_ramp40,4.0,40,12
Hard-reset CP,0.8866666666666667,0.013333333333333308,3.4629018368124775,1.0,0.0,,0.8,3.6983807824391564,0.84,3.7694762632962058,0.88,3.820828139588164,0.88,3.5397542681368064,50.0,50.0,50.0,50.0,1.0429129591695627,shift4.0_ramp40,4.0,40,12
Hard-reset ACI,0.93,0.030000000000000027,4.062840848200466,0.0,0.0,,1.0,4.002071672192585,0.92,4.11806390002682,0.92,4.445622032544308,0.93,4.2278969242552575,50.0,50.0,50.0,50.0,1.0239520153810753,shift4.0_ramp40,4.0,40,12
BOCPD-weighted CP,0.8933333333333333,0.00666666666666671,3.476950160368295,0.0,0.0,,0.9,3.744452621440179,0.88,3.5479309433102744,0.88,3.54864635377431,0.9,3.4252973380300147,49.99861972235389,49.98654578725835,49.985795707911265,49.99887906347499,1.024301603815399,no_changepoint_control,0.0,0,12
BOCPD-weighted ACI,0.9333333333333333,0.033333333333333326,3.9922564694685807,0.0,0.0,,1.0,4.002071672192585,0.96,4.042992060958758,0.94,4.02629608410219,0.94,4.024686037135647,49.99861972235389,49.98654578725835,49.985795707911265,49.99887906347499,1.0,no_changepoint_control,0.0,0,12
Hard-reset CP,0.8866666666666667,0.013333333333333308,3.392442743816899,0.0,0.0,,0.9,3.6963209862138826,0.88,3.4874916053592617,0.86,3.454295359565142,0.88,3.3283769891500707,50.0,50.0,50.0,50.0,1.0429129591695627,no_changepoint_control,0.0,0,12
Hard-reset ACI,0.9333333333333333,0.033333333333333326,3.991704231025235,0.0,0.0,,1.0,4.002071672192585,0.96,4.042992060958758,0.94,4.02629608410219,0.94,4.014487072729563,50.0,50.0,50.0,50.0,1.0,no_changepoint_control,0.0,0,12
BOCPD-weighted CP,0.8966666666666666,0.0033333333333334103,3.7909048226328212,1.0,0.02,,0.8,3.399741917430937,0.88,3.3081290036402566,0.88,3.582206421607785,0.87,3.918782227623672,49.91931607064912,49.973665697568066,49.9575247152168,49.9917485253844,1.2949015986532142,shift1.0_ramp0,1.0,0,13
BOCPD-weighted ACI,0.9133333333333333,0.013333333333333308,4.496339606045992,1.0,0.02,,0.8,4.445613981998656,0.88,4.496660146623585,0.9,4.789368564863451,0.89,4.908110650340939,49.91931607064912,49.973665697568066,49.9575247152168,49.9917485253844,1.3736118422841617,shift1.0_ramp0,1.0,0,13
Hard-reset CP,0.8833333333333333,0.01666666666666672,3.7491844297129804,2.0,0.02,,0.7,3.064384726280219,0.84,3.105435623990146,0.86,3.389459704686738,0.86,3.786274526877636,50.0,50.0,50.0,50.0,1.1280586450741887,shift1.0_ramp0,1.0,0,13
Hard-reset ACI,0.91,0.010000000000000009,4.546205239805418,1.0,0.02,,0.8,4.445613981998656,0.88,4.53505764167563,0.9,4.808567312389473,0.89,4.918529080736432,50.0,50.0,50.0,50.0,1.3736118422841617,shift1.0_ramp0,1.0,0,13
BOCPD-weighted CP,0.89,0.010000000000000009,3.7840825209476914,7.0,0.02,,0.8,3.1579433025130887,0.8,3.206997041788593,0.84,3.4607660735839243,0.85,3.8898709159878924,49.984987535920894,49.99018598139012,49.985820155939216,49.98732548484227,1.0926415651210124,shift1.0_ramp10,1.0,10,13
BOCPD-weighted ACI,0.9166666666666666,0.016666666666666607,4.422384319990072,0.0,0.02,,0.9,3.9611304305141593,0.92,4.006980976186131,0.92,4.298546254549129,0.9,4.686244792173182,49.984987535920894,49.99018598139012,49.985820155939216,49.98732548484227,1.117592563691131,shift1.0_ramp10,1.0,10,13
Hard-reset CP,0.88,0.020000000000000018,3.740502140152969,7.0,0.02,,0.7,3.0551065754868327,0.76,3.1608220129489397,0.82,3.223873724191072,0.84,3.7470390509895246,50.0,50.0,50.0,50.0,1.1280586450741887,shift1.0_ramp10,1.0,10,13
Hard-reset ACI,0.9166666666666666,0.016666666666666607,4.464868397381127,0.0,0.02,,0.9,3.9611304305141593,0.92,4.006980976186131,0.92,4.298546254549129,0.9,4.6924083033455295,50.0,50.0,50.0,50.0,1.117592563691131,shift1.0_ramp10,1.0,10,13
BOCPD-weighted CP,0.8933333333333333,0.00666666666666671,3.789748061254462,3.0,0.02,,0.7,3.2295368138376666,0.8,3.2565533500781685,0.84,3.4764938199964117,0.86,3.906867536908202,49.9847186522761,49.99079033722465,49.99409637336953,49.95986377649869,1.1255973119063398,shift1.0_ramp40,1.0,40,13
BOCPD-weighted ACI,0.9166666666666666,0.016666666666666607,4.419356811348583,0.0,0.02,,0.9,3.96113043051416,0.92,4.006980976186131,0.9,4.1745961608589255,0.9,4.677162266248714,49.9847186522761,49.99079033722465,49.99409637336953,49.95986377649869,1.117592563691131,shift1.0_ramp40,1.0,40,13
Hard-reset CP,0.88,0.020000000000000018,3.750390001260423,3.0,0.02,,0.7,3.1161377784283344,0.8,3.1889719604062434,0.84,3.2586777904271997,0.85,3.789891241519964,50.0,50.0,50.0,50.0,1.1280586450741887,shift1.0_ramp40,1.0,40,13
Hard-reset ACI,0.9133333333333333,0.013333333333333308,4.452794610523485,0.0,0.02,,0.9,3.96113043051416,0.92,4.006980976186131,0.9,4.118560569170289,0.9,4.638297192890633,50.0,50.0,50.0,50.0,1.117592563691131,shift1.0_ramp40,1.0,40,13
BOCPD-weighted CP,0.9,0.0,3.9941048926263707,1.0,0.02,0.0,0.8,5.839195301738092,0.88,5.198140676472593,0.9,4.819248722163261,0.88,4.538928171138908,8.27673299278281,32.82325541656423,19.9180476082872,43.87460130889959,2.3969067800902377,shift2.0_ramp0,2.0,0,13
BOCPD-weighted ACI,0.9166666666666666,0.016666666666666607,4.630149605221415,1.0,0.02,0.0,0.8,6.59381081806291,0.88,6.086775595214298,0.92,5.649712921767083,0.9,5.313987126997988,8.27673299278281,32.82325541656423,19.9180476082872,43.87460130889959,1.9070201351866354,shift2.0_ramp0,2.0,0,13
Hard-reset CP,0.8966666666666666,0.0033333333333334103,4.111359088852599,0.0,0.02,0.0,0.9,6.728923240857692,0.92,6.28464171793297,0.94,5.701053752112614,0.9,4.91236432592072,3.0,6.0,12.0,26.0,2.4866167277161217,shift2.0_ramp0,2.0,0,13
Hard-reset ACI,0.9233333333333333,0.023333333333333317,4.692898262681199,0.0,0.02,0.0,0.9,6.82157640777933,0.96,6.742262571522847,0.96,5.986199308074261,0.92,5.383499050486938,3.0,6.0,12.0,26.0,1.9070201351866354,shift2.0_ramp0,2.0,0,13
BOCPD-weighted CP,0.8933333333333333,0.00666666666666671,3.858395847330991,11.0,0.02,,0.8,3.1579433025130887,0.8,3.5669487613284683,0.86,3.872953508339724,0.86,4.12463810922687,49.98524068474118,49.98689279552857,48.35846973118841,48.64174497079447,1.3130179930377526,shift2.0_ramp10,2.0,10,13
BOCPD-weighted ACI,0.92,0.020000000000000018,4.4819930453973935,0.0,0.02,,0.9,3.9611304305141593,0.88,4.332391203577377,0.92,4.657561581485525,0.91,4.869039337155181,49.98524068474118,49.98689279552857,48.35846973118841,48.64174497079447,1.4588208861250485,shift2.0_ramp10,2.0,10,13
Hard-reset CP,0.8733333333333333,0.026666666666666727,3.8193875988125545,19.0,0.02,,0.8,3.297333784080332,0.72,3.472857554158533,0.8,3.7252390558820876,0.83,3.9968840341763574,50.0,50.0,50.0,50.0,2.107067947049044,shift2.0_ramp10,2.0,10,13
Hard-reset ACI,0.9133333333333333,0.013333333333333308,4.52506633690252,0.0,0.02,,0.9,4.14798408997078,0.88,4.342308563590237,0.9,4.61539102769448,0.9,4.855112372027741,50.0,50.0,50.0,50.0,1.6159390212578122,shift2.0_ramp10,2.0,10,13
BOCPD-weighted CP,0.8933333333333333,0.00666666666666671,3.7913091599658673,3.0,0.02,,0.7,3.200536813837666,0.8,3.2269066533840216,0.84,3.4180360467380217,0.86,3.911550833042421,49.98481613707045,49.99082097750248,49.99339391149185,49.875850855099166,1.0931930319020755,shift2.0_ramp40,2.0,40,13
BOCPD-weighted ACI,0.92,0.020000000000000018,4.454583784886464,0.0,0.02,,0.9,3.96113043051416,0.92,4.034822595875055,0.92,4.348396129026623,0.91,4.782843186862356,49.98481613707045,49.99082097750248,49.99339391149185,49.875850855099166,1.2158828015809569,shift2.0_ramp40,2.0,40,13
Hard-reset CP,0.88,0.020000000000000018,3.7757994692125627,3.0,0.02,,0.7,3.1161377784283344,0.8,3.303614054544781,0.84,3.4663742043573667,0.85,3.866119645376384,50.0,50.0,50.0,50.0,2.1247655324889676,shift2.0_ramp40,2.0,40,13
Hard-reset ACI,0.9166666666666666,0.016666666666666607,4.496690244196055,0.0,0.02,,0.9,3.96113043051416,0.92,4.096858187563693,0.92,4.320533492782852,0.91,4.769984093908346,50.0,50.0,50.0,50.0,1.6295115398538398,shift2.0_ramp40,2.0,40,13
BOCPD-weighted CP,0.9033333333333333,0.0033333333333332993,4.241719144705135,0.0,0.02,0.0,0.9,10.100772227234334,0.92,8.15710314561493,0.92,6.236080777497154,0.89,5.296217663119413,2.369620588481582,6.469352569576218,11.491458830236866,18.45148141749109,3.737773538887383,shift4.0_ramp0,4.0,0,13
BOCPD-weighted ACI,0.92,0.020000000000000018,4.800962971677713,0.0,0.02,0.0,0.9,10.42157640777933,0.92,8.5954652038252,0.92,6.667408268905487,0.91,5.829416092087773,2.369620588481582,6.469352569576218,11.491458830236866,18.45148141749109,2.9738367209915832,shift4.0_ramp0,4.0,0,13
Hard-reset CP,0.8933333333333333,0.00666666666666671,4.239788702511088,0.0,0.02,0.0,0.9,10.328923240857694,0.92,8.180568631940083,0.92,6.271226549324113,0.89,5.284464559688113,3.0,7.0,12.0,19.0,3.877668619996202,shift4.0_ramp0,4.0,0,13
Hard-reset ACI,0.9233333333333333,0.023333333333333317,4.843319683142383,0.0,0.02,0.0,0.9,10.42157640777933,0.92,8.60552760849032,0.94,6.635231434688121,0.92,5.819430061187878,3.0,7.0,12.0,19.0,2.9738367209915832,shift4.0_ramp0,4.0,0,13
BOCPD-weighted CP,0.91,0.010000000000000009,4.164183879934262,1.0,0.02,6.0,0.8,4.602492070887349,0.92,6.318351374796646,0.96,5.735488721871109,0.91,5.054111066886333,49.98540687614862,49.991114778392145,5.657337796475624,20.204522827328134,2.701484402300419,shift4.0_ramp10,4.0,10,13
BOCPD-weighted ACI,0.9266666666666666,0.026666666666666616,4.691087714173602,0.0,0.02,6.0,0.9,5.121691408884022,0.96,6.764146114636453,0.98,6.093581337521596,0.93,5.500619471776855,49.98540687614862,49.991114778392145,5.657337796475624,20.204522827328134,2.149347314160286,shift4.0_ramp10,4.0,10,13
Hard-reset CP,0.8933333333333333,0.00666666666666671,4.122290816683834,1.0,0.02,6.0,0.8,4.479053627733349,0.88,6.289820304945347,0.92,5.493040659983922,0.89,4.905593687790194,50.0,50.0,6.0,21.0,2.802593893189084,shift4.0_ramp10,4.0,10,13
Hard-reset ACI,0.92,0.020000000000000018,4.769929359217333,0.0,0.02,6.0,0.9,5.121691408884022,0.92,6.6907341785831616,0.94,6.1264237889637805,0.92,5.589701438972173,50.0,50.0,6.0,21.0,2.1493473141602863,shift4.0_ramp10,4.0,10,13
BOCPD-weighted CP,0.8966666666666666,0.0033333333333334103,3.8783080346565613,19.0,0.02,,0.8,3.1579433025130887,0.76,3.370641078511536,0.84,3.820921279238602,0.87,4.207721895440588,49.984987535920894,49.99018598139012,49.985820155939216,47.676938241294366,1.5192199731694611,shift4.0_ramp40,4.0,40,13
BOCPD-weighted ACI,0.9166666666666666,0.016666666666666607,4.560258757983823,0.0,0.02,,0.9,3.9611304305141593,0.88,4.229100430877727,0.9,4.932794872555451,0.91,5.138484697608767,49.984987535920894,49.99018598139012,49.985820155939216,47.676938241294366,1.842874857014829,shift4.0_ramp40,4.0,40,13
Hard-reset CP,0.88,0.020000000000000018,3.861275956349407,19.0,0.02,,0.7,3.0551065754868327,0.72,3.462253963282225,0.82,4.0179003781533575,0.85,4.162114928411145,50.0,50.0,50.0,50.0,2.4029759109449835,shift4.0_ramp40,4.0,40,13
Hard-reset ACI,0.92,0.020000000000000018,4.607257576228696,0.0,0.02,,0.9,3.9611304305141593,0.88,4.303136022566364,0.9,5.0042562314772585,0.91,5.17948403956352,50.0,50.0,50.0,50.0,1.8428748570148292,shift4.0_ramp40,4.0,40,13
BOCPD-weighted CP,0.8933333333333333,0.00666666666666671,3.7940177134773374,3.0,0.02,,0.7,3.2585368138376665,0.84,3.2394108892495086,0.86,3.470448875721899,0.86,3.9234130179862077,49.984613024319735,49.99051447887439,49.99418368992333,49.99035930074689,1.1580015919106041,no_changepoint_control,0.0,0,13
BOCPD-weighted ACI,0.92,0.020000000000000018,4.3948324517901725,0.0,0.02,,0.9,3.921691408884022,0.92,3.949137077795261,0.92,4.0880301406696855,0.91,4.603589187573482,49.984613024319735,49.99051447887439,49.99418368992333,49.99035930074689,1.0825307283553383,no_changepoint_control,0.0,0,13
Hard-reset CP,0.8866666666666667,0.013333333333333308,3.763259429914106,3.0,0.02,,0.7,3.1161377784283344,0.84,3.1665471627220314,0.86,3.263719073794799,0.87,3.8116107143202282,50.0,50.0,50.0,50.0,1.1280586450741887,no_changepoint_control,0.0,0,13
Hard-reset ACI,0.9166666666666666,0.016666666666666607,4.438969420426849,0.0,0.02,,0.9,3.921691408884022,0.92,3.949137077795261,0.92,4.067865802959156,0.91,4.596821622600725,50.0,50.0,50.0,50.0,1.0825307283553383,no_changepoint_control,0.0,0,13
BOCPD-weighted CP,0.8966666666666666,0.0033333333333334103,3.441709589695249,5.0,0.0,,0.7,3.3589689932199933,0.84,3.395184728817305,0.9,3.383044672538464,0.89,3.376937871525615,49.9991405652836,49.98717868345492,49.97852448650754,49.99888328882358,1.1677459716758378,shift1.0_ramp0,1.0,0,14
BOCPD-weighted ACI,0.9366666666666666,0.036666666666666625,3.9312128891722233,5.0,0.0,,0.7,3.765483636486109,0.88,4.025782332801263,0.92,3.954102869789486,0.94,3.8479391185157614,49.9991405652836,49.98717868345492,49.97852448650754,49.99888328882358,1.2361348508283103,shift1.0_ramp0,1.0,0,14
Hard-reset CP,0.89,0.010000000000000009,3.40783228880844,5.0,0.0,,0.7,3.2133454266746346,0.84,3.2649536162884636,0.9,3.302443163044758,0.89,3.277814604885324,50.0,50.0,50.0,50.0,1.2320195501441482,shift1.0_ramp0,1.0,0,14
Hard-reset ACI,0.9366666666666666,0.036666666666666625,3.9545726396253813,5.0,0.0,,0.7,3.765483636486109,0.88,4.025782332801263,0.92,3.954102869789486,0.94,3.8479391185157614,50.0,50.0,50.0,50.0,1.2765326136849333,shift1.0_ramp0,1.0,0,14
BOCPD-weighted CP,0.8966666666666666,0.0033333333333334103,3.40936564556118,5.0,0.0,,0.8,3.0717733749235583,0.88,3.115541268547363,0.9,3.1751266069500956,0.89,3.281613711572975,49.99911114981853,49.999343302407844,49.998630396131304,49.99950813050242,1.105460645861203,shift1.0_ramp10,1.0,10,14
BOCPD-weighted ACI,0.94,0.039999999999999925,3.8961679934207587,5.0,0.0,,0.8,3.576521843874036,0.92,3.7156979572460274,0.94,3.748161533774645,0.95,3.742804431261368,49.99911114981853,49.999343302407844,49.998630396131304,49.99950813050242,1.1210870337422338,shift1.0_ramp10,1.0,10,14
Hard-reset CP,0.89,0.010000000000000009,3.373724124936779,5.0,0.0,,0.8,2.984469493671407,0.88,3.031157328626851,0.9,3.0982887116410085,0.89,3.1754901132703406,50.0,50.0,50.0,50.0,1.1796647836173164,shift1.0_ramp10,1.0,10,14
Hard-reset ACI,0.94,0.039999999999999925,3.919527743873917,5.0,0.0,,0.8,3.576521843874036,0.92,3.7156979572460274,0.94,3.748161533774645,0.95,3.742804431261368,50.0,50.0,50.0,50.0,1.157724952413005,shift1.0_ramp10,1.0,10,14
BOCPD-weighted CP,0.9033333333333333,0.0033333333333332993,3.3910055480138523,0.0,0.0,,0.9,3.042768268386401,0.92,3.1313649183560375,0.92,3.1259062125793435,0.9,3.2199332100825235,49.9992076917072,49.9993991254443,49.999525070613515,49.99874585365007,1.0516806570173904,shift1.0_ramp40,1.0,40,14
BOCPD-weighted ACI,0.94,0.039999999999999925,3.816640815204808,0.0,0.0,,1.0,3.4064235915244425,0.96,3.3421848822283864,0.96,3.3475616813542586,0.95,3.5042228966135154,49.9992076917072,49.9993991254443,49.999525070613515,49.99874585365007,1.0113300707090898,shift1.0_ramp40,1.0,40,14
Hard-reset CP,0.8833333333333333,0.01666666666666672,3.3622559440065403,7.0,0.0,,0.7,2.980438379546655,0.84,3.078592805909013,0.88,3.0919851000535696,0.87,3.141085570479623,50.0,50.0,50.0,50.0,1.1652091480497384,shift1.0_ramp40,1.0,40,14
Hard-reset ACI,0.94,0.039999999999999925,3.8400005656579665,0.0,0.0,,1.0,3.4064235915244425,0.96,3.3421848822283864,0.96,3.3475616813542586,0.95,3.5042228966135154,50.0,50.0,50.0,50.0,1.0443810540535858,shift1.0_ramp40,1.0,40,14
BOCPD-weighted CP,0.8833333333333333,0.01666666666666672,3.4735255268288743,4.0,0.0,,0.5,4.769383380009155,0.76,4.429516345875438,0.82,3.583262348769913,0.85,3.4829184056198694,49.633680988998435,7.982941114890382,13.988112192624813,21.745310710653058,1.9376048811389648,shift2.0_ramp0,2.0,0,14
BOCPD-weighted ACI,0.9233333333333333,0.023333333333333317,3.947908954432725,4.0,0.0,,0.6,5.059049504228024,0.8,4.76421799729901,0.86,4.092937657238672,0.9,3.898027314297266,49.633680988998435,7.982941114890382,13.988112192624813,21.745310710653058,1.772616771827245,shift2.0_ramp0,2.0,0,14
Hard-reset CP,0.8766666666666667,0.023333333333333317,3.412861882563062,3.0,0.0,,0.6,5.053954991176646,0.76,4.103003961758136,0.82,3.3441016873918987,0.85,3.29290338614919,50.0,8.0,13.0,19.0,2.1594320005469068,shift2.0_ramp0,2.0,0,14
Hard-reset ACI,0.9266666666666666,0.026666666666666616,3.9274426616667566,3.0,0.0,,0.7,5.200431148857629,0.84,4.420674448125592,0.88,3.8299813979239175,0.91,3.7665491846398877,50.0,8.0,13.0,19.0,1.8305471440159793,shift2.0_ramp0,2.0,0,14
BOCPD-weighted CP,0.8933333333333333,0.00666666666666671,3.462238234865672,11.0,0.0,,0.8,3.0717733749235583,0.8,3.339737839257008,0.88,3.465882351895428,0.88,3.446591136576044,49.999219760461514,49.9973631894759,49.82792051790011,49.9856833375499,1.1934871113597578,shift2.0_ramp10,2.0,10,14
BOCPD-weighted ACI,0.94,0.039999999999999925,3.965597897545769,5.0,0.0,,0.8,3.733857581737142,0.92,4.034639465980587,0.94,4.109122527459869,0.95,3.955620105605675,49.999219760461514,49.9973631894759,49.82792051790011,49.9856833375499,1.333030442516876,shift2.0_ramp10,2.0,10,14
Hard-reset CP,0.8866666666666667,0.013333333333333308,3.433729683295216,11.0,0.0,,0.8,2.984469493671407,0.8,3.228986811503727,0.88,3.376856500604,0.88,3.35550678834565,50.0,50.0,50.0,50.0,1.2719602194118442,shift2.0_ramp10,2.0,10,14
Hard-reset ACI,0.94,0.039999999999999925,3.9912417752928575,5.0,0.0,,0.8,3.704525450668695,0.92,4.022906613553207,0.94,4.113775367284899,0.95,3.95794652551819,50.0,50.0,50.0,50.0,1.2874292705706367,shift2.0_ramp10,2.0,10,14
BOCPD-weighted CP,0.8866666666666667,0.013333333333333308,3.3660118931805143,5.0,0.0,,0.8,3.0717733749235583,0.84,3.1245488422639323,0.86,3.103882355141295,0.86,3.151552454430976,49.99917800289297,49.99943508815973,49.999394832139615,49.99074948871436,1.105460645861203,shift2.0_ramp40,2.0,40,14
BOCPD-weighted ACI,0.9333333333333333,0.033333333333333326,3.826997747500762,5.0,0.0,,0.8,3.447135795252495,0.88,3.4499768483647717,0.94,3.4583793381491854,0.93,3.5352936935013757,49.99917800289297,49.99943508815973,49.999394832139615,49.99074948871436,1.0300787589640747,shift2.0_ramp40,2.0,40,14
Hard-reset CP,0.8733333333333333,0.026666666666666727,3.3420158156093187,5.0,0.0,,0.8,2.984469493671407,0.84,3.047435319802816,0.86,3.055481036269011,0.84,3.08036518528796,50.0,50.0,50.0,50.0,1.1796647836173164,shift2.0_ramp40,2.0,40,14
Hard-reset ACI,0.9333333333333333,0.033333333333333326,3.8503574979539197,5.0,0.0,,0.8,3.447135795252495,0.88,3.4499768483647717,0.94,3.4583793381491854,0.93,3.5352936935013757,50.0,50.0,50.0,50.0,1.0637424627261614,shift2.0_ramp40,2.0,40,14
BOCPD-weighted CP,0.9,0.0,3.7018329985586624,0.0,0.0,0.0,0.9,8.994866001772449,0.92,6.73476694567924,0.92,4.952464650104718,0.9,4.168028874735495,2.9173593005835463,6.597750194091607,11.825714363954921,17.765172554043843,3.104695863746752,shift4.0_ramp0,4.0,0,14
BOCPD-weighted ACI,0.9366666666666666,0.036666666666666625,4.165755374091483,0.0,0.0,0.0,0.9,9.027641752079132,0.92,7.118728333672427,0.94,5.397977750002636,0.94,4.55609253524282,2.9173593005835463,6.597750194091607,11.825714363954921,17.765172554043843,2.84032932259395,shift4.0_ramp0,4.0,0,14
Hard-reset CP,0.8933333333333333,0.00666666666666671,3.6527229311698806,0.0,0.0,0.0,0.9,8.994866001772449,0.92,6.337755351892745,0.92,4.749458403128515,0.9,4.012486531969646,3.0,7.0,12.0,19.0,3.460137650045235,shift4.0_ramp0,4.0,0,14
Hard-reset ACI,0.9366666666666666,0.036666666666666625,4.155390671243936,0.0,0.0,0.0,0.9,9.027641752079132,0.92,6.683923609655353,0.94,5.186579106259845,0.94,4.450393213371425,3.0,7.0,12.0,19.0,2.9331532975283805,shift4.0_ramp0,4.0,0,14
BOCPD-weighted CP,0.8933333333333333,0.00666666666666671,3.6923369350657214,7.0,0.0,,0.6,4.311505799397052,0.8,5.843328508301595,0.88,4.913336457197097,0.88,4.147101930161706,49.99938778459956,43.30244733573496,8.864984499301846,24.68369317434769,2.258580346024654,shift4.0_ramp10,4.0,10,14
BOCPD-weighted ACI,0.9366666666666666,0.036666666666666625,4.1510749061946175,7.0,0.0,,0.7,4.852490782339473,0.84,6.147802882760643,0.9,5.25714162844492,0.94,4.512051131552223,49.99938778459956,43.30244733573496,8.864984499301846,24.68369317434769,2.066261001329273,shift4.0_ramp10,4.0,10,14
Hard-reset CP,0.8866666666666667,0.013333333333333308,3.667030412851121,7.0,0.0,,0.7,4.74124455774257,0.84,5.93275739050508,0.88,4.8171433617502535,0.88,4.055408977013365,50.0,5.0,9.0,25.0,2.5171544118659495,shift4.0_ramp10,4.0,10,14
Hard-reset ACI,0.93,0.030000000000000027,4.163971836798327,7.0,0.0,,0.7,5.02582291340792,0.84,6.216333769452685,0.88,5.185344274754083,0.92,4.476136710034599,50.0,5.0,9.0,25.0,2.1337878750159547,shift4.0_ramp10,4.0,10,14
BOCPD-weighted CP,0.9,0.0,3.445002793174214,5.0,0.0,,0.8,3.0717733749235583,0.8,3.269593315774773,0.9,3.4356857218285852,0.9,3.400713468946471,49.99911114981853,49.999343302407844,49.998630396131304,49.89946170261452,1.2254333498838492,shift4.0_ramp40,4.0,40,14
BOCPD-weighted ACI,0.9366666666666666,0.036666666666666625,3.906299746913146,5.0,0.0,,0.8,3.576521843874036,0.84,3.7249940219098328,0.92,3.807738941307497,0.94,3.7777256537078068,49.99911114981853,49.999343302407844,49.998630396131304,49.89946170261452,1.1772616817242427,shift4.0_ramp40,4.0,40,14
Hard-reset CP,0.89,0.010000000000000009,3.4258104607979787,5.0,0.0,,0.8,2.984469493671407,0.76,3.1543969908972396,0.88,3.3237325091125864,0.89,3.33174912085394,50.0,50.0,50.0,50.0,1.2891510345393962,shift4.0_ramp40,4.0,40,14
Hard-reset ACI,0.9366666666666666,0.036666666666666625,3.931168151356063,5.0,0.0,,0.8,3.576521843874036,0.84,3.7249940219098328,0.92,3.807738941307497,0.94,3.7777256537078068,50.0,50.0,50.0,50.0,1.2157354276967125,shift4.0_ramp40,4.0,40,14
BOCPD-weighted CP,0.8966666666666666,0.0033333333333334103,3.394521403756232,5.0,0.0,,0.8,2.956601715549599,0.88,3.0361769488670576,0.88,3.0886258714298793,0.88,3.2354566869394703,49.99923519595613,49.99930602736324,49.999520113893965,49.99965128390511,1.0584840098070978,no_changepoint_control,0.0,0,14
BOCPD-weighted ACI,0.9366666666666666,0.036666666666666625,3.8403407616367926,0.0,0.0,,0.9,3.4064235915244425,0.92,3.4251786666213495,0.94,3.442755106801826,0.94,3.575322735909466,49.99923519595613,49.99930602736324,49.999520113893965,49.99965128390511,1.0204217593329015,no_changepoint_control,0.0,0,14
Hard-reset CP,0.8866666666666667,0.013333333333333308,3.3667388978451784,5.0,0.0,,0.8,2.9387682683864007,0.88,3.017896458753055,0.88,3.044272522208607,0.88,3.154534431995539,50.0,50.0,50.0,50.0,1.1144852191317496,no_changepoint_control,0.0,0,14
Hard-reset ACI,0.9366666666666666,0.036666666666666625,3.8637005120899492,0.0,0.0,,0.9,3.4064235915244425,0.92,3.4251786666213495,0.94,3.442755106801826,0.94,3.575322735909466,50.0,50.0,50.0,50.0,1.0537698655040413,no_changepoint_control,0.0,0,14
BOCPD-weighted CP,0.89,0.010000000000000009,3.5400765796762257,9.0,0.0,,0.8,3.761500521170375,0.84,3.8475613000196374,0.92,3.787833498690108,0.9,3.4543371048565517,49.9959481642614,49.968114210354244,49.97606299554267,49.99593690231173,1.1141999429493559,shift1.0_ramp0,1.0,0,15
BOCPD-weighted ACI,0.9333333333333333,0.033333333333333326,3.997491336609173,9.0,0.0,,0.8,3.9278827233664564,0.88,4.057491594097675,0.94,4.096537830403843,0.93,3.842504018835962,49.9959481642614,49.968114210354244,49.97606299554267,49.99593690231173,1.1008355983954055,shift1.0_ramp0,1.0,0,15
Hard-reset CP,0.88,0.020000000000000018,3.489745996428996,9.0,0.0,,0.8,3.710702089210817,0.84,3.772221112376848,0.92,3.750163404868713,0.9,3.4197183813681784,50.0,50.0,50.0,50.0,1.1713883742853697,shift1.0_ramp0,1.0,0,15
Hard-reset ACI,0.9333333333333333,0.033333333333333326,3.999934554528283,9.0,0.0,,0.8,3.9278827233664564,0.88,4.057491594097675,0.94,4.096774996591998,0.93,3.8451752946084694,50.0,50.0,50.0,50.0,1.1008355983954055,shift1.0_ramp0,1.0,0,15
BOCPD-weighted CP,0.8966666666666666,0.0033333333333334103,3.531324115315399,0.0,0.0,,0.9,3.7161699786170588,0.88,3.758967823250389,0.94,3.712986739496888,0.92,3.4280797117740724,49.99301383101315,49.996678223736076,49.99666610879587,49.9932343814508,1.0868399996491624,shift1.0_ramp10,1.0,10,15
BOCPD-weighted ACI,0.9366666666666666,0.036666666666666625,3.96604413158039,0.0,0.0,,0.9,3.8318194620956034,0.92,3.9202581815860604,0.96,3.9213735563111025,0.94,3.746216496432733,49.99301383101315,49.996678223736076,49.99666610879587,49.9932343814508,1.0585590325973522,shift1.0_ramp10,1.0,10,15
Hard-reset CP,0.8866666666666667,0.013333333333333308,3.4826073310067174,0.0,0.0,,0.9,3.645782914203811,0.88,3.7093961566755937,0.94,3.6862759136831986,0.92,3.3983023851013434,50.0,50.0,50.0,50.0,1.1496876714162514,shift1.0_ramp10,1.0,10,15
Hard-reset ACI,0.9366666666666666,0.036666666666666625,3.9669482884697036,0.0,0.0,,0.9,3.8318194620956034,0.92,3.9202581815860604,0.96,3.9213735563111025,0.94,3.746216496432733,50.0,50.0,50.0,50.0,1.0585590325973522,shift1.0_ramp10,1.0,10,15
BOCPD-weighted CP,0.8933333333333333,0.00666666666666671,3.508130444752789,0.0,0.0,,0.9,3.7077973524505112,0.92,3.750875333210671,0.94,3.6322593466654074,0.91,3.358158272165418,49.99191223575921,49.99776371054133,49.99794709390871,49.98734103846937,1.0777853864324085,shift1.0_ramp40,1.0,40,15
BOCPD-weighted ACI,0.9333333333333333,0.033333333333333326,3.971439667502674,0.0,0.0,,0.9,3.8318194620956034,0.92,3.9870903122165733,0.94,3.9756918571524245,0.93,3.7624031041995876,49.99191223575921,49.99776371054133,49.99794709390871,49.98734103846937,1.0955255929263275,shift1.0_ramp40,1.0,40,15
Hard-reset CP,0.8833333333333333,0.01666666666666672,3.4629451922836294,0.0,0.0,,0.9,3.645782914203811,0.92,3.7059360454533548,0.94,3.6092963804699933,0.91,3.3393159689320795,50.0,50.0,50.0,50.0,1.1338998996877732,shift1.0_ramp40,1.0,40,15
Hard-reset ACI,0.9333333333333333,0.033333333333333326,3.972343824391989,0.0,0.0,,0.9,3.8318194620956034,0.92,3.9870903122165733,0.94,3.9756918571524245,0.93,3.7624031041995876,50.0,50.0,50.0,50.0,1.0955255929263275,shift1.0_ramp40,1.0,40,15
BOCPD-weighted CP,0.8966666666666666,0.0033333333333334103,3.6220929916094278,3.0,0.0,,0.7,4.5112560063874225,0.88,4.564420231557453,0.94,4.258668557891427,0.92,3.700386340656158,49.93027054267403,19.48282879260105,32.0741500329831,48.861387421421384,1.366270475325319,shift2.0_ramp0,2.0,0,15
BOCPD-weighted ACI,0.9366666666666666,0.036666666666666625,4.094585980121284,2.0,0.0,,0.8,5.434258616667018,0.92,5.077977963893398,0.96,4.746320558696421,0.94,4.133787949372298,49.93027054267403,19.48282879260105,32.0741500329831,48.861387421421384,1.7562628948875911,shift2.0_ramp0,2.0,0,15
Hard-reset CP,0.8833333333333333,0.01666666666666672,3.6017182482638526,5.0,0.0,,0.7,5.448577974606536,0.84,4.765690243260721,0.92,4.385312152284374,0.91,3.7556351368727507,50.0,7.0,12.0,50.0,1.9914263203383975,shift2.0_ramp0,2.0,0,15
Hard-reset ACI,0.93,0.030000000000000027,4.135183089808775,5.0,0.0,,0.7,5.540970469711863,0.84,5.335951660807856,0.92,4.941110415303948,0.92,4.250920900449948,50.0,7.0,12.0,50.0,1.7562628948875911,shift2.0_ramp0,2.0,0,15
BOCPD-weighted CP,0.8933333333333333,0.00666666666666671,3.568532570348963,13.0,0.0,,0.8,3.777233190094575,0.8,3.8942831567198124,0.9,3.88362066859296,0.91,3.5397050768747658,49.994095221082326,49.99139180281312,49.95844638905725,49.83822985240489,1.1764587162749505,shift2.0_ramp10,2.0,10,15
BOCPD-weighted ACI,0.9333333333333333,0.033333333333333326,4.005752462546124,0.0,0.0,,0.9,3.890785215897089,0.88,4.115475205318353,0.94,4.103556059849192,0.93,3.8672873966468195,49.994095221082326,49.99139180281312,49.95844638905725,49.83822985240489,1.2509922323744107,shift2.0_ramp10,2.0,10,15
Hard-reset CP,0.8833333333333333,0.01666666666666672,3.5192449738900815,13.0,0.0,,0.8,3.720920254453408,0.8,3.826349160924593,0.9,3.8491265032765294,0.91,3.5082153137514354,50.0,50.0,50.0,50.0,1.1805963449495347,shift2.0_ramp10,2.0,10,15
Hard-reset ACI,0.93,0.030000000000000027,4.0089399195148125,0.0,0.0,,0.9,3.890785215897089,0.84,4.027184297591899,0.92,4.08068832901377,0.92,3.872191389568062,50.0,50.0,50.0,50.0,1.106750070623674,shift2.0_ramp10,2.0,10,15
BOCPD-weighted CP,0.89,0.010000000000000009,3.5210306972651346,0.0,0.0,,0.9,3.7077973524505112,0.92,3.750875333210671,0.94,3.6630050478862772,0.9,3.3971994576232794,49.99231180779318,49.99763027574532,49.998096946866006,49.96053790179244,1.0777853864324087,shift2.0_ramp40,2.0,40,15
BOCPD-weighted ACI,0.9333333333333333,0.033333333333333326,4.002086931097761,0.0,0.0,,0.9,3.8318194620956034,0.92,3.9835396645765884,0.94,4.055056370015343,0.93,3.8543448949848447,49.99231180779318,49.99763027574532,49.998096946866006,49.96053790179244,1.0976872140049407,shift2.0_ramp40,2.0,40,15
Hard-reset CP,0.88,0.020000000000000018,3.471710946271363,0.0,0.0,,0.9,3.645782914203811,0.92,3.7059360454533548,0.94,3.6342633199972227,0.9,3.3656132308952813,50.0,50.0,50.0,50.0,1.1338998996877732,shift2.0_ramp40,2.0,40,15
Hard-reset ACI,0.9333333333333333,0.033333333333333326,4.004234197841116,0.0,0.0,,0.9,3.8318194620956034,0.92,3.9909983237008415,0.94,4.062515029139597,0.93,3.858074224546972,50.0,50.0,50.0,50.0,1.0976872140049407,shift2.0_ramp40,2.0,40,15
BOCPD-weighted CP,0.8833333333333333,0.01666666666666672,3.7845172767671844,2.0,0.0,0.0,0.7,8.682427877347399,0.84,7.53254747764037,0.88,5.322579253160545,0.88,4.180773127891575,4.231320101534676,6.264830814587896,11.812705556373867,15.018734318227446,2.8452534967515,shift4.0_ramp0,4.0,0,15
BOCPD-weighted ACI,0.9266666666666666,0.026666666666666616,4.255970146168173,2.0,0.0,0.0,0.7,9.017411911346397,0.84,8.005514947403814,0.9,5.716932476431014,0.91,4.609816672365282,4.231320101534676,6.264830814587896,11.812705556373867,15.018734318227446,2.676663842861128,shift4.0_ramp0,4.0,0,15
Hard-reset CP,0.8733333333333333,0.026666666666666727,3.731823563475632,2.0,0.0,0.0,0.7,9.000389007124252,0.84,7.525154454988742,0.88,5.271012233981122,0.88,4.145951082508086,3.0,7.0,12.0,12.0,3.0350688629181217,shift4.0_ramp0,4.0,0,15
Hard-reset ACI,0.9266666666666666,0.026666666666666616,4.233957998980859,2.0,0.0,0.0,0.7,9.017411911346397,0.84,7.773366434629699,0.9,5.592625814434327,0.91,4.547245627966202,3.0,7.0,12.0,12.0,2.676663842861128,shift4.0_ramp0,4.0,0,15
BOCPD-weighted CP,0.8633333333333333,0.036666666666666736,3.5775068033675566,11.0,0.0,,0.6,3.8527351365200895,0.72,5.278840983288852,0.78,4.08791835252831,0.82,3.5592322882683862,49.995344525193644,48.38569113329329,16.88449364891511,12.567423947494731,2.120009827427416,shift4.0_ramp10,4.0,10,15
BOCPD-weighted ACI,0.9166666666666666,0.016666666666666607,4.083906939898401,11.0,0.0,,0.6,4.138506646780873,0.72,5.858871388214453,0.84,4.683717812010906,0.88,4.093627053555965,49.995344525193644,48.38569113329329,16.88449364891511,12.567423947494731,2.198236728671545,shift4.0_ramp10,4.0,10,15
Hard-reset CP,0.8466666666666667,0.053333333333333344,3.468761342903095,11.0,0.0,,0.6,3.7453032014332037,0.72,4.788481185385269,0.76,3.7236923525061885,0.8,3.3567644207904777,50.0,50.0,10.0,11.0,2.492580406130643,shift4.0_ramp10,4.0,10,15
Hard-reset ACI,0.9166666666666666,0.016666666666666607,4.016959304956093,11.0,0.0,,0.6,4.050340585238375,0.72,5.147436448575315,0.84,4.289798223484258,0.88,3.8962495458919033,50.0,50.0,10.0,11.0,2.198236728671545,shift4.0_ramp10,4.0,10,15
BOCPD-weighted CP,0.89,0.010000000000000009,3.5594996638922356,0.0,0.0,,0.9,3.7161699786170588,0.92,3.757684494899528,0.9,3.8028967573540324,0.9,3.5126063575045805,49.99301383101315,49.996678223736076,49.99666610879587,49.99420445873031,1.0777853864324085,shift4.0_ramp40,4.0,40,15
BOCPD-weighted ACI,0.9266666666666666,0.026666666666666616,4.068053606064483,0.0,0.0,,0.9,3.8318194620956034,0.92,3.9202581815860604,0.9,4.046131046583144,0.91,4.054190827201898,49.99301383101315,49.996678223736076,49.99666610879587,49.99420445873031,1.0585590325973522,shift4.0_ramp40,4.0,40,15
Hard-reset CP,0.88,0.020000000000000018,3.504507281182778,0.0,0.0,,0.9,3.645782914203811,0.92,3.7059360454533548,0.9,3.7308985648976045,0.9,3.4640022356295264,50.0,50.0,50.0,50.0,1.1338998996877732,shift4.0_ramp40,4.0,40,15
Hard-reset ACI,0.9266666666666666,0.026666666666666616,4.070236531024189,0.0,0.0,,0.9,3.8318194620956034,0.92,3.9202581815860604,0.9,4.046131046583144,0.91,4.056081224096192,50.0,50.0,50.0,50.0,1.0585590325973522,shift4.0_ramp40,4.0,40,15
BOCPD-weighted CP,0.8933333333333333,0.00666666666666671,3.512244907063233,0.0,0.0,,0.9,3.699424726283963,0.92,3.7322615109093986,0.94,3.663081327855999,0.91,3.3705016590967505,49.991476537162086,49.997700767588896,49.997095599581,49.99638074760939,1.0777853864324085,no_changepoint_control,0.0,0,15
BOCPD-weighted ACI,0.94,0.039999999999999925,3.955979964166604,0.0,0.0,,0.9,3.8318194620956034,0.96,3.901494414209802,0.98,3.879840083616661,0.95,3.7160239941913766,49.991476537162086,49.997700767588896,49.997095599581,49.99638074760939,1.0481803130777225,no_changepoint_control,0.0,0,15
Hard-reset CP,0.88,0.020000000000000018,3.461607590534965,0.0,0.0,,0.9,3.645782914203811,0.88,3.701640985267007,0.92,3.638412098056475,0.9,3.335303163686086,50.0,50.0,50.0,50.0,1.1278170812186965,no_changepoint_control,0.0,0,15
Hard-reset ACI,0.94,0.039999999999999925,3.9568841210559187,0.0,0.0,,0.9,3.8318194620956034,0.96,3.901494414209802,0.98,3.879840083616661,0.95,3.7160239941913766,50.0,50.0,50.0,50.0,1.0481803130777225,no_changepoint_control,0.0,0,15
BOCPD-weighted CP,0.89,0.010000000000000009,3.4296045048968904,0.0,0.0,,0.9,4.433935148608618,0.96,4.175038405127063,0.92,3.949726454845972,0.91,3.8625045326938685,49.934062924671636,49.97092050716353,49.940211301428434,49.995974344641496,1.3089204540279091,shift1.0_ramp0,1.0,0,16
BOCPD-weighted ACI,0.9333333333333333,0.033333333333333326,4.093439730924634,0.0,0.0,,0.9,4.706038831340694,0.96,4.79351639283345,0.96,4.790573958136024,0.95,4.586543965663459,49.934062924671636,49.97092050716353,49.940211301428434,49.995974344641496,1.1086627049716462,shift1.0_ramp0,1.0,0,16
Hard-reset CP,0.88,0.020000000000000018,3.336721475695447,0.0,0.0,,0.9,4.238485739277802,0.96,3.884032564399166,0.9,3.7582996551154895,0.9,3.7377925436003268,50.0,50.0,50.0,50.0,1.2602585564164588,shift1.0_ramp0,1.0,0,16
Hard-reset ACI,0.9333333333333333,0.033333333333333326,4.0927066759785475,0.0,0.0,,0.9,4.706038831340694,0.96,4.79351639283345,0.96,4.790573958136024,0.95,4.586543965663459,50.0,50.0,50.0,50.0,1.1086627049716462,shift1.0_ramp0,1.0,0,16
BOCPD-weighted CP,0.89,0.010000000000000009,3.4374434712241873,0.0,0.0,,0.9,4.433935148608618,0.96,4.246780513391254,0.92,3.9938048340257093,0.91,3.8862654555117047,49.90422427759829,49.98074580440244,49.937484596574336,49.997664469800426,1.3089204540279091,shift1.0_ramp10,1.0,10,16
BOCPD-weighted ACI,0.9333333333333333,0.033333333333333326,4.1021782532067625,0.0,0.0,,0.9,4.706038831340694,0.96,4.833890651983952,0.96,4.843005091828797,0.95,4.612759532509846,49.90422427759829,49.98074580440244,49.937484596574336,49.997664469800426,1.1086627049716462,shift1.0_ramp10,1.0,10,16
Hard-reset CP,0.88,0.020000000000000018,3.337358525797112,0.0,0.0,,0.9,4.238485739277802,0.96,3.884032564399166,0.9,3.7621219557254837,0.9,3.739703693905324,50.0,50.0,50.0,50.0,1.2602585564164588,shift1.0_ramp10,1.0,10,16
Hard-reset ACI,0.9333333333333333,0.033333333333333326,4.101445198260676,0.0,0.0,,0.9,4.706038831340694,0.96,4.833890651983952,0.96,4.843005091828797,0.95,4.612759532509846,50.0,50.0,50.0,50.0,1.1086627049716462,shift1.0_ramp10,1.0,10,16
BOCPD-weighted CP,0.8833333333333333,0.01666666666666672,3.4461651799544444,0.0,0.0,,0.9,4.411641581622833,0.96,4.130249924200654,0.88,3.8918907767047712,0.89,3.91218655786653,49.90339004105932,49.985202565498724,49.98817573757627,49.996687841559826,1.3089204540279091,shift1.0_ramp40,1.0,40,16
BOCPD-weighted ACI,0.9333333333333333,0.033333333333333326,4.069524215345286,0.0,0.0,,0.9,4.673290721242125,0.96,4.675982038822675,0.94,4.647490340785742,0.95,4.514797418925417,49.90339004105932,49.985202565498724,49.98817573757627,49.996687841559826,1.0361777254859086,shift1.0_ramp40,1.0,40,16
Hard-reset CP,0.8766666666666667,0.023333333333333317,3.3314961734610855,0.0,0.0,,0.9,4.238485739277802,0.96,3.884032564399166,0.88,3.6610198621435712,0.89,3.722116636897243,50.0,50.0,50.0,50.0,1.2602585564164588,shift1.0_ramp40,1.0,40,16
Hard-reset ACI,0.9333333333333333,0.033333333333333326,4.0687911603992,0.0,0.0,,0.9,4.673290721242125,0.96,4.675982038822675,0.94,4.647490340785742,0.95,4.514797418925417,50.0,50.0,50.0,50.0,1.0361777254859086,shift1.0_ramp40,1.0,40,16
BOCPD-weighted CP,0.89,0.010000000000000009,3.5072384420953546,5.0,0.0,,0.8,4.477513692519687,0.92,4.46969942542037,0.92,4.403990034506013,0.91,4.09848149973299,49.92442351448119,47.32055300245277,39.1702691885038,49.91112227539318,1.353675144407617,shift2.0_ramp0,2.0,0,16
BOCPD-weighted ACI,0.93,0.030000000000000027,4.110118430474501,0.0,0.0,,0.9,4.776163177183866,0.96,4.961814822857064,0.94,4.872714484570617,0.94,4.636580064313062,49.92442351448119,47.32055300245277,39.1702691885038,49.91112227539318,1.2638766014253324,shift2.0_ramp0,2.0,0,16
Hard-reset CP,0.88,0.020000000000000018,3.440853379881784,5.0,0.0,,0.7,4.4911953755198,0.88,4.416452203865585,0.9,4.3563933253069305,0.9,4.05018825615934,50.0,50.0,50.0,50.0,1.6543139349728966,shift2.0_ramp0,2.0,0,16
Hard-reset ACI,0.9333333333333333,0.033333333333333326,4.100082330742493,0.0,0.0,,0.9,4.829290721242125,0.96,4.842817148794022,0.96,4.834827886719698,0.95,4.608670929955297,50.0,50.0,50.0,50.0,1.3814696145671435,shift2.0_ramp0,2.0,0,16
BOCPD-weighted CP,0.8933333333333333,0.00666666666666671,3.510489376185669,0.0,0.0,,0.9,4.449382837845762,0.96,4.460165267190052,0.94,4.380805455942125,0.92,4.105423150792551,49.9036388053562,49.95101654639435,43.82055900142148,49.09763282482817,1.353675144407617,shift2.0_ramp10,2.0,10,16
BOCPD-weighted ACI,0.9333333333333333,0.033333333333333326,4.1321115489496965,0.0,0.0,,0.9,4.776163177183866,0.96,5.127846121740145,0.94,4.989758948116737,0.95,4.7025594197386456,49.9036388053562,49.95101654639435,43.82055900142148,49.09763282482817,1.2638766014253322,shift2.0_ramp10,2.0,10,16
Hard-reset CP,0.88,0.020000000000000018,3.4396969275278053,0.0,0.0,,0.9,4.238485739277802,0.88,4.34495198517454,0.9,4.296660261202418,0.9,4.046718899097405,50.0,50.0,50.0,50.0,1.3536751444076174,shift2.0_ramp10,2.0,10,16
Hard-reset ACI,0.9366666666666666,0.036666666666666625,4.118962914861976,0.0,0.0,,0.9,4.706038831340694,0.96,4.987597430053799,0.96,4.926307281687224,0.96,4.665312682313747,50.0,50.0,50.0,50.0,1.2638766014253322,shift2.0_ramp10,2.0,10,16
BOCPD-weighted CP,0.8866666666666667,0.013333333333333308,3.4748349361404767,0.0,0.0,,0.9,4.411641581622833,0.96,4.201992032464845,0.9,4.006107246446343,0.9,3.9981958264246282,49.90378862805259,49.98456162159947,49.98459764460409,49.99819975759064,1.3089204540279091,shift2.0_ramp40,2.0,40,16
BOCPD-weighted ACI,0.9366666666666666,0.036666666666666625,4.1183677085607355,0.0,0.0,,0.9,4.703957387908792,0.96,4.811274214500082,0.94,4.8144697619577785,0.96,4.661327898571763,49.90378862805259,49.98456162159947,49.98459764460409,49.99819975759064,1.1040556182112795,shift2.0_ramp40,2.0,40,16
Hard-reset CP,0.88,0.020000000000000018,3.3592814242303963,0.0,0.0,,0.9,4.238485739277802,0.96,3.884032564399166,0.9,3.723413129801792,0.9,3.8054723892051756,50.0,50.0,50.0,50.0,1.2602585564164588,shift2.0_ramp40,2.0,40,16
Hard-reset ACI,0.9366666666666666,0.036666666666666625,4.117634653614648,0.0,0.0,,0.9,4.703957387908792,0.96,4.811274214500082,0.94,4.8144697619577785,0.96,4.661327898571763,50.0,50.0,50.0,50.0,1.1040556182112795,shift2.0_ramp40,2.0,40,16
BOCPD-weighted CP,0.8666666666666667,0.033333333333333326,3.6021006201753325,5.0,0.0,,0.5,6.373632599033262,0.8,6.3922221193716044,0.78,4.985368660134757,0.84,4.379992878529196,16.075812853024495,12.9880827544509,17.51911594520308,14.12065084603575,2.191141985958704,shift4.0_ramp0,4.0,0,16
BOCPD-weighted ACI,0.91,0.010000000000000009,4.189512883936045,4.0,0.0,,0.6,6.812162485507903,0.84,6.801686967784858,0.84,5.455913860345166,0.88,4.874763424697694,16.075812853024495,12.9880827544509,17.51911594520308,14.12065084603575,1.7946393963737493,shift4.0_ramp0,4.0,0,16
Hard-reset CP,0.8566666666666667,0.043333333333333335,3.4998377440048944,4.0,0.0,,0.6,6.524083820899053,0.76,5.910706216967137,0.76,4.731645882397114,0.83,4.22714134852867,12.0,10.0,15.0,12.0,2.1911419859587045,shift4.0_ramp0,4.0,0,16
Hard-reset ACI,0.9,0.0,4.101502754407873,4.0,0.0,,0.6,6.792724641251894,0.76,6.130885025452249,0.78,4.968114754581886,0.85,4.61293220095144,12.0,10.0,15.0,12.0,1.7946393963737493,shift4.0_ramp0,4.0,0,16
BOCPD-weighted CP,0.88,0.020000000000000018,3.613286470724348,11.0,0.0,,0.7,4.61689974457408,0.8,5.664024618536574,0.86,5.043171204904567,0.88,4.413550430176241,49.896123953098794,47.26343766449005,17.82827896960222,16.490377114326307,1.8990740452750736,shift4.0_ramp10,4.0,10,16
BOCPD-weighted ACI,0.93,0.030000000000000027,4.26256311427755,0.0,0.0,,0.9,5.133290721242124,0.96,6.836719535492074,0.94,5.885937375345538,0.94,5.093914115722207,49.896123953098794,47.26343766449005,17.82827896960222,16.490377114326307,2.054346116366473,shift4.0_ramp10,4.0,10,16
Hard-reset CP,0.86,0.040000000000000036,3.4621697614183486,9.0,0.0,,0.6,4.480191046424762,0.8,5.381812450874765,0.78,4.471724263640757,0.84,4.1141374007690334,50.0,50.0,9.0,9.0,2.6889756513648755,shift4.0_ramp10,4.0,10,16
Hard-reset ACI,0.92,0.020000000000000018,4.147791242151946,0.0,0.0,,0.9,5.133290721242124,0.92,6.302432629051356,0.88,5.1706755311319315,0.91,4.751797664183656,50.0,50.0,9.0,9.0,2.054346116366473,shift4.0_ramp10,4.0,10,16
BOCPD-weighted CP,0.89,0.010000000000000009,3.558543766993031,0.0,0.0,,0.9,4.433935148608618,0.96,4.3535316366006676,0.9,4.37975432273239,0.91,4.246764444276575,49.90422427759829,49.98074580440244,49.937484596574336,49.986587146002414,1.3089204540279091,shift4.0_ramp40,4.0,40,16
BOCPD-weighted ACI,0.93,0.030000000000000027,4.1771406085106655,0.0,0.0,,0.9,4.706038831340694,0.96,4.8877229975179555,0.9,5.052408043800103,0.94,4.84299293794885,49.90422427759829,49.98074580440244,49.937484596574336,49.986587146002414,1.1086627049716462,shift4.0_ramp40,4.0,40,16
Hard-reset CP,0.88,0.020000000000000018,3.4498011524957155,0.0,0.0,,0.9,4.238485739277802,0.96,4.076582146597896,0.9,4.101773225154047,0.9,4.077031574001135,50.0,50.0,50.0,50.0,1.2602585564164588,shift4.0_ramp40,4.0,40,16
Hard-reset ACI,0.9333333333333333,0.033333333333333326,4.173125326028519,0.0,0.0,,0.9,4.706038831340694,0.96,4.8877229975179555,0.92,5.058462852167715,0.95,4.839758035730443,50.0,50.0,50.0,50.0,1.1086627049716462,shift4.0_ramp40,4.0,40,16
BOCPD-weighted CP,0.8866666666666667,0.013333333333333308,3.4205531016588178,0.0,0.0,,0.9,4.397319710053493,0.96,4.082921372813087,0.9,3.8882498937996037,0.9,3.8347467264869852,49.9028701832725,49.98549310172377,49.987708215083906,49.994339460695414,1.3089204540279091,no_changepoint_control,0.0,0,16
BOCPD-weighted ACI,0.9366666666666666,0.036666666666666625,4.0456192247775045,0.0,0.0,,1.0,4.672393615381941,1.0,4.565223196478602,0.96,4.55926039737905,0.96,4.443082447222071,49.9028701832725,49.98549310172377,49.987708215083906,49.994339460695414,1.034192062811751,no_changepoint_control,0.0,0,16
Hard-reset CP,0.88,0.020000000000000018,3.336721475695447,0.0,0.0,,0.9,4.238485739277802,0.96,3.884032564399166,0.9,3.7582996551154895,0.9,3.7377925436003268,50.0,50.0,50.0,50.0,1.2602585564164588,no_changepoint_control,0.0,0,16
Hard-reset ACI,0.9366666666666666,0.036666666666666625,4.044886169831417,0.0,0.0,,1.0,4.672393615381941,1.0,4.565223196478602,0.96,4.55926039737905,0.96,4.443082447222071,50.0,50.0,50.0,50.0,1.034192062811751,no_changepoint_control,0.0,0,16
BOCPD-weighted CP,0.87,0.030000000000000027,3.447387513805287,2.0,0.0,158.0,0.8,3.5174708381178292,0.88,3.6064234526848598,0.86,3.5285494889199156,0.88,3.6695041400566515,49.98979201902419,49.99508985057698,49.99711638916288,49.976519326711006,1.321934055474054,shift1.0_ramp0,1.0,0,17
BOCPD-weighted ACI,0.9166666666666666,0.016666666666666607,4.044427482710639,0.0,0.0,158.0,0.9,4.566162159971587,0.92,4.62842448670365,0.94,4.473499586039964,0.94,4.340573329153427,49.98979201902419,49.99508985057698,49.99711638916288,49.976519326711006,1.1318645867583976,shift1.0_ramp0,1.0,0,17
Hard-reset CP,0.87,0.030000000000000027,3.543108726666341,2.0,0.0,158.0,0.8,3.458452873558148,0.88,3.4930912139518857,0.86,3.4254314484560826,0.88,3.5545539408460356,50.0,50.0,50.0,50.0,1.127255482065384,shift1.0_ramp0,1.0,0,17
Hard-reset ACI,0.9166666666666666,0.016666666666666607,4.2014399969234715,0.0,0.0,158.0,0.9,4.566162159971587,0.92,4.62842448670365,0.94,4.492523113312799,0.94,4.350085092789844,50.0,50.0,50.0,50.0,1.1318645867583976,shift1.0_ramp0,1.0,0,17
BOCPD-weighted CP,0.8766666666666667,0.023333333333333317,3.401445161479789,0.0,0.0,158.0,1.0,3.440373016934866,0.96,3.4351313840784696,0.9,3.2951094221534474,0.9,3.5360730647819434,49.988423013482205,49.985677694900026,49.96123394393565,49.98527374788297,1.0187317079426652,shift1.0_ramp10,1.0,10,17
BOCPD-weighted ACI,0.92,0.020000000000000018,3.988110542068451,0.0,0.0,158.0,1.0,4.518475843839431,0.96,4.408417367178743,0.96,4.169277279671727,0.95,4.171862935336536,49.988423013482205,49.985677694900026,49.96123394393565,49.98527374788297,1.0711648661938635,shift1.0_ramp10,1.0,10,17
Hard-reset CP,0.88,0.020000000000000018,3.4757222548577857,0.0,0.0,158.0,1.0,3.4180796123140027,0.96,3.4247676337002617,0.9,3.2714548303668005,0.9,3.468821806440226,50.0,50.0,50.0,50.0,1.088908278067429,shift1.0_ramp10,1.0,10,17
Hard-reset ACI,0.9166666666666666,0.016666666666666607,4.124603629163526,0.0,0.0,158.0,1.0,4.518475843839431,0.96,4.449872157678855,0.96,4.201269051155304,0.95,4.187858821078325,50.0,50.0,50.0,50.0,1.0711648661938635,shift1.0_ramp10,1.0,10,17
BOCPD-weighted CP,0.8733333333333333,0.026666666666666727,3.4014009851079368,0.0,0.0,158.0,1.0,3.437586341357258,0.96,3.4325703253175637,0.88,3.261858595737893,0.89,3.5381348448299184,49.98786871127266,49.968365926704784,49.93295264021796,49.98194623155556,1.0081527521113571,shift1.0_ramp40,1.0,40,17
BOCPD-weighted ACI,0.9166666666666666,0.016666666666666607,4.016362018417993,0.0,0.0,158.0,1.0,4.311201891338873,0.96,4.3255077861785205,0.94,4.178569251346473,0.94,4.241234984706102,49.98786871127266,49.968365926704784,49.93295264021796,49.98194623155556,1.0711648661938635,shift1.0_ramp40,1.0,40,17
Hard-reset CP,0.8766666666666667,0.023333333333333317,3.4533614434024624,0.0,0.0,158.0,1.0,3.418079612314002,0.96,3.4247676337002613,0.88,3.178400030942717,0.89,3.4017393720742546,50.0,50.0,50.0,50.0,1.0889082780674293,shift1.0_ramp40,1.0,40,17
Hard-reset ACI,0.9133333333333333,0.013333333333333308,4.145850249581128,0.0,0.0,158.0,1.0,4.414838867589152,0.96,4.366962576678632,0.94,4.199296646596529,0.94,4.25159868233113,50.0,50.0,50.0,50.0,1.0711648661938635,shift1.0_ramp40,1.0,40,17
BOCPD-weighted CP,0.8766666666666667,0.023333333333333317,3.6057475436958626,2.0,0.0,158.0,0.7,4.613647883060933,0.84,4.660879585673183,0.9,4.463254603693484,0.9,4.136346529206808,47.95974466373971,28.889457563491437,48.819387150417754,49.91026482210315,1.4727468982082499,shift2.0_ramp0,2.0,0,17
BOCPD-weighted ACI,0.9066666666666666,0.006666666666666599,4.1388390676342475,1.0,0.0,158.0,0.8,5.952643360330272,0.88,5.487403832917283,0.92,5.154281991897185,0.92,4.643473098995649,47.95974466373971,28.889457563491437,48.819387150417754,49.91026482210315,1.5686210692126226,shift2.0_ramp0,2.0,0,17
Hard-reset CP,0.8733333333333333,0.026666666666666727,3.761817242957872,3.0,0.0,158.0,0.6,4.798081319161225,0.8,4.644623928807795,0.88,4.453934617357486,0.89,4.08425449447774,50.0,9.0,50.0,50.0,2.1184988968123615,shift2.0_ramp0,2.0,0,17
Hard-reset ACI,0.91,0.010000000000000009,4.2938507459147015,2.0,0.0,158.0,0.7,5.544171085264867,0.84,5.30781704593453,0.9,5.083269608869857,0.91,4.60305275873063,50.0,9.0,50.0,50.0,1.5686210692126226,shift2.0_ramp0,2.0,0,17
BOCPD-weighted CP,0.8733333333333333,0.026666666666666727,3.4655239283732455,0.0,0.0,158.0,0.9,3.464026224713364,0.88,3.6208307034422664,0.88,3.586338612179834,0.89,3.72108740217702,49.98903477422387,49.99379292185565,49.99469605217561,49.99135721702699,1.2652204921754442,shift2.0_ramp10,2.0,10,17
BOCPD-weighted ACI,0.92,0.020000000000000018,4.030225703600652,0.0,0.0,158.0,1.0,4.518475843839431,0.96,4.532781738679078,0.96,4.369517332731708,0.95,4.297349065917502,49.98903477422387,49.99379292185565,49.99469605217561,49.99135721702699,1.0711648661938635,shift2.0_ramp10,2.0,10,17
Hard-reset CP,0.8733333333333333,0.026666666666666727,3.5592327325839355,0.0,0.0,158.0,0.9,3.432012990202042,0.88,3.471776095019855,0.88,3.4586302975040644,0.89,3.6079117923094692,50.0,50.0,50.0,50.0,1.1188288987759027,shift2.0_ramp10,2.0,10,17
Hard-reset ACI,0.92,0.020000000000000018,4.179916350256451,0.0,0.0,158.0,1.0,4.518475843839431,0.96,4.532781738679078,0.96,4.369517332731708,0.95,4.297349065917502,50.0,50.0,50.0,50.0,1.0711648661938635,shift2.0_ramp10,2.0,10,17
BOCPD-weighted CP,0.8766666666666667,0.023333333333333317,3.433113871572303,0.0,0.0,158.0,1.0,3.437586341357258,0.96,3.4325703253175637,0.86,3.387693545444262,0.9,3.6333148242202173,49.98806260959757,49.976144619775766,49.93909500955807,49.990244387798334,1.0081527521113571,shift2.0_ramp40,2.0,40,17
BOCPD-weighted ACI,0.9166666666666666,0.016666666666666607,4.045761152446763,0.0,0.0,158.0,1.0,4.414838867589152,0.96,4.366962576678632,0.92,4.253905927774915,0.94,4.343069809582467,49.98806260959757,49.976144619775766,49.93909500955807,49.990244387798334,1.0711648661938635,shift2.0_ramp40,2.0,40,17
Hard-reset CP,0.8733333333333333,0.026666666666666727,3.5179137716092836,0.0,0.0,158.0,1.0,3.418079612314002,0.96,3.4247676337002613,0.86,3.2766969004321025,0.88,3.5126918353698846,50.0,50.0,50.0,50.0,1.0889082780674293,shift2.0_ramp40,2.0,40,17
Hard-reset ACI,0.9166666666666666,0.016666666666666607,4.187857025829774,0.0,0.0,158.0,1.0,4.414838867589152,0.96,4.366962576678632,0.92,4.253905927774914,0.94,4.343069809582467,50.0,50.0,50.0,50.0,1.0711648661938635,shift2.0_ramp40,2.0,40,17
BOCPD-weighted CP,0.87,0.030000000000000027,3.7809813750880545,1.0,0.0,0.0,0.8,9.577751985610277,0.88,7.752143958934987,0.86,5.571349576702448,0.88,4.701213518193281,3.7435425371956397,7.261979799233259,12.780362283473483,16.857205429404743,3.0536181962485487,shift4.0_ramp0,4.0,0,17
BOCPD-weighted ACI,0.9133333333333333,0.013333333333333308,4.325489247060526,1.0,0.0,0.0,0.8,9.685004933185212,0.88,8.276796706940793,0.92,6.161589391782382,0.93,5.177584393449024,3.7435425371956397,7.261979799233259,12.780362283473483,16.857205429404743,2.442134034121072,shift4.0_ramp0,4.0,0,17
Hard-reset CP,0.87,0.030000000000000027,3.7582935589135946,1.0,0.0,0.0,0.8,9.57496531003267,0.84,6.721291949389184,0.84,5.038072676248404,0.87,4.404487014092665,3.0,7.0,14.0,17.0,3.2982205573398025,shift4.0_ramp0,4.0,0,17
Hard-reset ACI,0.91,0.010000000000000009,4.36826876104367,1.0,0.0,0.0,0.8,9.685004933185212,0.84,7.391308443659384,0.9,5.75939908473561,0.92,4.966923837868477,3.0,7.0,14.0,17.0,2.442134034121072,shift4.0_ramp0,4.0,0,17
BOCPD-weighted CP,0.8666666666666667,0.033333333333333326,3.5966463778721027,9.0,0.0,158.0,0.5,3.8150151153446776,0.76,4.598791047545051,0.84,4.358913282913794,0.87,4.13472414730729,49.989846961731594,49.991640738777335,47.3012483548673,42.42843358766055,1.514716506059929,shift4.0_ramp10,4.0,10,17
BOCPD-weighted ACI,0.91,0.010000000000000009,4.130956709054664,9.0,0.0,158.0,0.7,4.638757942729222,0.84,5.291974097444714,0.9,4.920367976594667,0.92,4.599260598208591,49.989846961731594,49.991640738777335,47.3012483548673,42.42843358766055,1.5422084398600513,shift4.0_ramp10,4.0,10,17
Hard-reset CP,0.86,0.040000000000000036,3.6996138559059015,9.0,0.0,158.0,0.5,3.619867441757568,0.76,4.4388545651222,0.8,4.236913828353194,0.85,4.102503541493502,50.0,50.0,50.0,50.0,1.6360490401080057,shift4.0_ramp10,4.0,10,17
Hard-reset ACI,0.9033333333333333,0.0033333333333332993,4.228506169348986,9.0,0.0,158.0,0.7,4.638757942729222,0.84,5.2842056630248155,0.84,4.788327791224004,0.9,4.561057680166394,50.0,50.0,50.0,50.0,1.5422084398600513,shift4.0_ramp10,4.0,10,17
BOCPD-weighted CP,0.8766666666666667,0.023333333333333317,3.5018911889106863,0.0,0.0,158.0,1.0,3.440373016934866,0.92,3.456719477824718,0.86,3.6306236552569224,0.9,3.8341149842372975,49.988423013482205,49.985677694900026,49.96123394393565,49.998653863535694,1.0467742441779668,shift4.0_ramp40,4.0,40,17
BOCPD-weighted ACI,0.9066666666666666,0.006666666666666599,4.093942607610572,0.0,0.0,158.0,1.0,4.518475843839431,0.96,4.423801248224721,0.9,4.402740089159346,0.92,4.506689685552387,49.988423013482205,49.985677694900026,49.96123394393565,49.998653863535694,1.0572180083623364,shift4.0_ramp40,4.0,40,17
Hard-reset CP,0.8766666666666667,0.023333333333333317,3.654858121407391,0.0,0.0,158.0,1.0,3.4180796123140027,0.92,3.440133986265695,0.86,3.537573905698208,0.9,3.7576044530383235,50.0,50.0,50.0,50.0,1.1003346343947775,shift4.0_ramp40,4.0,40,17
Hard-reset ACI,0.9133333333333333,0.013333333333333308,4.265918334647909,0.0,0.0,158.0,1.0,4.518475843839431,0.96,4.423801248224721,0.9,4.3976780710155685,0.92,4.502770051911561,50.0,50.0,50.0,50.0,1.0572180083623364,shift4.0_ramp40,4.0,40,17
BOCPD-weighted CP,0.8766666666666667,0.023333333333333317,3.4014201893828395,0.0,0.0,158.0,1.0,3.437586341357258,0.96,3.4340167138474267,0.9,3.285555835503193,0.9,3.5304166171230067,49.98766564594143,49.9622642158467,49.94120346264649,49.968872435913795,1.0187317079426652,no_changepoint_control,0.0,0,17
BOCPD-weighted ACI,0.92,0.020000000000000018,3.985882203308417,0.0,0.0,158.0,1.0,4.311201891338873,0.96,4.3255077861785205,0.96,4.126063180503996,0.95,4.15025588575267,49.98766564594143,49.9622642158467,49.94120346264649,49.968872435913795,1.0711648661938635,no_changepoint_control,0.0,0,17
Hard-reset CP,0.88,0.020000000000000018,3.4701828093971767,0.0,0.0,158.0,1.0,3.418079612314002,0.96,3.4247676337002613,0.9,3.252292626944097,0.9,3.4522034700583983,50.0,50.0,50.0,50.0,1.088908278067429,no_changepoint_control,0.0,0,17
Hard-reset ACI,0.9166666666666666,0.016666666666666607,4.109905711329679,0.0,0.0,158.0,1.0,4.311201891338873,0.96,4.284052995678409,0.96,4.113081544152224,0.95,4.143765067576783,50.0,50.0,50.0,50.0,1.0711648661938635,no_changepoint_control,0.0,0,17
BOCPD-weighted CP,0.8833333333333333,0.01666666666666672,3.4999636448051556,2.0,0.0,,0.8,3.6206510630443915,0.8,3.660906356164883,0.88,3.6691600215499487,0.88,3.617051297337117,49.97678963660751,49.997383096387566,49.996430788181094,49.957557839965546,1.284635841680581,shift1.0_ramp0,1.0,0,18
BOCPD-weighted ACI,0.9333333333333333,0.033333333333333326,4.098885984010092,0.0,0.0,,0.9,3.7256902118117337,0.84,3.838212391382568,0.92,3.947178594945351,0.92,4.077771808497006,49.97678963660751,49.997383096387566,49.996430788181094,49.957557839965546,0.9906939632686235,shift1.0_ramp0,1.0,0,18
Hard-reset CP,0.88,0.020000000000000018,3.399639657179597,2.0,0.0,,0.8,3.5710742885106725,0.8,3.6082006909443205,0.88,3.642807188939668,0.88,3.510240724446502,50.0,50.0,50.0,50.0,1.2364677903908472,shift1.0_ramp0,1.0,0,18
Hard-reset ACI,0.9333333333333333,0.033333333333333326,4.1274881779929,0.0,0.0,,0.9,3.7256902118117337,0.84,3.838212391382568,0.92,3.9489967014201737,0.92,4.078737539618287,50.0,50.0,50.0,50.0,0.9906939632686235,shift1.0_ramp0,1.0,0,18
BOCPD-weighted CP,0.8833333333333333,0.01666666666666672,3.494491788095834,0.0,0.0,,0.9,3.481840273902061,0.84,3.6354456115597107,0.9,3.632688601821201,0.88,3.5915240931404333,49.96612316471503,49.997973504844005,49.99890157132665,49.95648947647093,1.5514233664835315,shift1.0_ramp10,1.0,10,18
BOCPD-weighted ACI,0.9333333333333333,0.033333333333333326,4.145132296574234,0.0,0.0,,0.9,3.7256902118117337,0.84,4.078318850884415,0.92,4.200513620198091,0.92,4.216510746189434,49.96612316471503,49.997973504844005,49.99890157132665,49.95648947647093,1.3331092106260687,shift1.0_ramp10,1.0,10,18
Hard-reset CP,0.88,0.020000000000000018,3.3867154990458355,0.0,0.0,,0.9,3.421080635864935,0.84,3.531092045869568,0.9,3.5798452288017177,0.88,3.471468250045218,50.0,50.0,50.0,50.0,1.82241189527114,shift1.0_ramp10,1.0,10,18
Hard-reset ACI,0.9333333333333333,0.033333333333333326,4.171762760676707,0.0,0.0,,0.9,3.7256902118117337,0.84,4.0710464249851235,0.92,4.187841677926107,0.92,4.2115612876697055,50.0,50.0,50.0,50.0,1.3331092106260687,shift1.0_ramp10,1.0,10,18
BOCPD-weighted CP,0.8866666666666667,0.013333333333333308,3.4967830905596005,0.0,0.0,,0.9,3.4200142700977842,0.84,3.477510768949691,0.88,3.547774478744151,0.89,3.598585616120037,49.965183755997174,49.996636101267306,49.9926440585349,49.97298749090409,1.2051077249468323,shift1.0_ramp40,1.0,40,18
BOCPD-weighted ACI,0.9366666666666666,0.036666666666666625,4.124243671703508,0.0,0.0,,1.0,3.7247466281226855,0.88,3.8814572841858137,0.94,4.036471751321535,0.93,4.1538448715772525,49.965183755997174,49.996636101267306,49.9926440585349,49.97298749090409,1.0883045447726623,shift1.0_ramp40,1.0,40,18
Hard-reset CP,0.8833333333333333,0.01666666666666672,3.3931369724252662,0.0,0.0,,0.9,3.4200142700977842,0.84,3.38735331880567,0.88,3.4939511472849403,0.89,3.4913993368501774,50.0,50.0,50.0,50.0,1.168904367378275,shift1.0_ramp40,1.0,40,18
Hard-reset ACI,0.9366666666666666,0.036666666666666625,4.1518996180120045,0.0,0.0,,1.0,3.7247466281226855,0.88,3.8632515249531902,0.94,4.027368871705223,0.93,4.151971859675603,50.0,50.0,50.0,50.0,1.0327709589783196,shift1.0_ramp40,1.0,40,18
BOCPD-weighted CP,0.88,0.020000000000000018,3.5744382234672676,7.0,0.0,,0.6,4.263384142346417,0.76,4.299992121625665,0.88,4.187523608268318,0.88,3.8869673371984517,49.32863020116714,43.84890823295552,37.95980763273782,47.528358913971786,1.7745530754891286,shift2.0_ramp0,2.0,0,18
BOCPD-weighted ACI,0.9333333333333333,0.033333333333333326,4.2222057442561995,2.0,0.0,,0.7,4.626217495010042,0.84,5.074718622769313,0.92,4.744309105843216,0.92,4.447731089235328,49.32863020116714,43.84890823295552,37.95980763273782,47.528358913971786,1.3788525783263836,shift2.0_ramp0,2.0,0,18
Hard-reset CP,0.8766666666666667,0.023333333333333317,3.4728148986119063,16.0,0.0,,0.6,4.244172365829057,0.72,4.060999277600675,0.86,4.060390144529226,0.87,3.729766448743432,50.0,50.0,50.0,50.0,1.8849448496325198,shift2.0_ramp0,2.0,0,18
Hard-reset ACI,0.93,0.030000000000000027,4.21521757027765,2.0,0.0,,0.7,4.596410912263157,0.8,4.709295855378432,0.9,4.520110106859581,0.91,4.341925716472538,50.0,50.0,50.0,50.0,1.3788525783263836,shift2.0_ramp0,2.0,0,18
BOCPD-weighted CP,0.88,0.020000000000000018,3.507304418227579,0.0,0.0,,0.9,3.523288509714708,0.84,3.9443260032145058,0.9,3.7887952730846273,0.88,3.669577428772146,49.96765536435793,49.998488025111044,49.989680029418366,49.728051249841805,1.7887868814998151,shift2.0_ramp10,2.0,10,18
BOCPD-weighted ACI,0.9333333333333333,0.033333333333333326,4.202047717265923,0.0,0.0,,0.9,3.7256902118117337,0.88,4.342058922882581,0.92,4.531778484598532,0.92,4.387257008264502,49.96765536435793,49.998488025111044,49.989680029418366,49.728051249841805,1.358952985504316,shift2.0_ramp10,2.0,10,18
Hard-reset CP,0.88,0.020000000000000018,3.3870685178064384,0.0,0.0,,0.9,3.421080635864935,0.84,3.535328270996808,0.9,3.581963341365338,0.88,3.4725273063270277,50.0,50.0,50.0,50.0,1.8577413359361765,shift2.0_ramp10,2.0,10,18
Hard-reset ACI,0.9333333333333333,0.033333333333333326,4.237733254706611,0.0,0.0,,0.9,3.7256902118117337,0.88,4.286853898244303,0.92,4.549552060294438,0.92,4.409472769759421,50.0,50.0,50.0,50.0,1.358952985504316,shift2.0_ramp10,2.0,10,18
BOCPD-weighted CP,0.8866666666666667,0.013333333333333308,3.53786718923664,0.0,0.0,,0.9,3.481840273902061,0.84,3.5542253123069965,0.88,3.6875789448781857,0.89,3.733516836659998,49.965474967109245,49.99730047077643,49.99542562261847,49.94549934560698,1.4982630051952361,shift2.0_ramp40,2.0,40,18
BOCPD-weighted ACI,0.93,0.030000000000000027,4.186644385268973,0.0,0.0,,0.9,3.7256902118117337,0.84,4.042929414272644,0.9,4.271642469791472,0.91,4.341047012273652,49.965474967109245,49.99730047077643,49.99542562261847,49.94549934560698,1.1859151262767014,shift2.0_ramp40,2.0,40,18
Hard-reset CP,0.8833333333333333,0.01666666666666672,3.4246095316602183,0.0,0.0,,0.9,3.421080635864935,0.84,3.460833612859368,0.88,3.5963320098983913,0.89,3.5864836812217,50.0,50.0,50.0,50.0,1.2364677903908472,shift2.0_ramp40,2.0,40,18
Hard-reset ACI,0.93,0.030000000000000027,4.210569136722389,0.0,0.0,,0.9,3.7256902118117337,0.84,3.9800826501123634,0.9,4.240219087711333,0.91,4.327980415806755,50.0,50.0,50.0,50.0,1.129568118969825,shift2.0_ramp40,2.0,40,18
BOCPD-weighted CP,0.8866666666666667,0.013333333333333308,3.8198954871250788,1.0,0.0,0.0,0.8,8.556134740602536,0.92,7.879444344025866,0.92,5.646619662914122,0.89,4.582420651837059,3.449371190820613,6.808678037627963,12.257751782929995,15.878045064151825,2.9829491519356632,shift4.0_ramp0,4.0,0,18
BOCPD-weighted ACI,0.9333333333333333,0.033333333333333326,4.415048333620685,1.0,0.0,0.0,0.8,8.578368956613955,0.92,8.237739504772664,0.92,5.970569111907525,0.92,5.026258857328786,3.449371190820613,6.808678037627963,12.257751782929995,15.878045064151825,2.2489003938901466,shift4.0_ramp0,4.0,0,18
Hard-reset CP,0.86,0.040000000000000036,3.5997206733078064,1.0,0.0,0.0,0.8,8.556134740602536,0.88,7.39246636379456,0.8,5.003976865006925,0.83,4.1373818253321275,3.0,7.0,12.0,8.0,3.0743338928553428,shift4.0_ramp0,4.0,0,18
Hard-reset ACI,0.91,0.010000000000000009,4.313407286630913,1.0,0.0,0.0,0.8,8.578368956613955,0.88,7.7733193485576235,0.84,5.335515618063222,0.86,4.666338852792154,3.0,7.0,12.0,8.0,2.2489003938901466,shift4.0_ramp0,4.0,0,18
BOCPD-weighted CP,0.8733333333333333,0.026666666666666727,3.6402482727344263,7.0,0.0,,0.7,4.670083642517191,0.84,6.062945977108316,0.84,4.558771600169142,0.85,4.019869528575798,49.97147082390605,49.992366911245156,8.309170415222878,11.381739199194374,2.3467987949894384,shift4.0_ramp10,4.0,10,18
BOCPD-weighted ACI,0.9233333333333333,0.023333333333333317,4.217125564628645,7.0,0.0,,0.7,4.787463741012176,0.84,6.277667781232766,0.88,4.778586433144567,0.89,4.429359198307761,49.97147082390605,49.992366911245156,8.309170415222878,11.381739199194374,1.7819321720218186,shift4.0_ramp10,4.0,10,18
Hard-reset CP,0.8666666666666667,0.033333333333333326,3.4934818567045607,7.0,0.0,,0.7,4.64816395440212,0.84,5.8609646444504735,0.82,4.312747860385457,0.84,3.791767323021393,50.0,50.0,9.0,8.0,2.4186946232275965,shift4.0_ramp10,4.0,10,18
Hard-reset ACI,0.9166666666666666,0.016666666666666607,4.192769267821908,7.0,0.0,,0.7,4.787463741012176,0.84,6.0823828651762755,0.86,4.551999530689537,0.87,4.274580809105311,50.0,50.0,9.0,8.0,1.7819321720218186,shift4.0_ramp10,4.0,10,18
BOCPD-weighted CP,0.8766666666666667,0.023333333333333317,3.6675645818270284,0.0,0.0,,0.9,3.481840273902061,0.84,3.8270547550724827,0.84,4.051384243738049,0.87,4.174129771521358,49.96612316471503,49.997973504844005,49.99890157132665,49.38514129273622,1.755047171440125,shift4.0_ramp40,4.0,40,18
BOCPD-weighted ACI,0.9366666666666666,0.036666666666666625,4.298296344122353,0.0,0.0,,0.9,3.7256902118117337,0.88,4.3117951015071005,0.92,4.5288360169785955,0.93,4.676002888833788,49.96612316471503,49.997973504844005,49.99890157132665,49.38514129273622,1.3811362892847792,shift4.0_ramp40,4.0,40,18
Hard-reset CP,0.8766666666666667,0.023333333333333317,3.542297620408064,0.0,0.0,,0.9,3.421080635864935,0.84,3.695226226120624,0.84,3.941202343885202,0.87,3.9408812807985694,50.0,50.0,50.0,50.0,1.888066770914563,shift4.0_ramp40,4.0,40,18
Hard-reset ACI,0.9333333333333333,0.033333333333333326,4.308525936063362,0.0,0.0,,0.9,3.7256902118117337,0.84,4.101748288636441,0.9,4.425663560635317,0.92,4.621850813829677,50.0,50.0,50.0,50.0,1.3811362892847792,shift4.0_ramp40,4.0,40,18
BOCPD-weighted CP,0.8833333333333333,0.01666666666666672,3.457095520992751,0.0,0.0,,0.9,3.345014270097784,0.84,3.437510768949691,0.9,3.4125581374098615,0.88,3.4702236577624705,49.964915597307545,49.995458611340545,49.990925072090086,49.94802530591321,1.2051077249468323,no_changepoint_control,0.0,0,18
BOCPD-weighted ACI,0.9366666666666666,0.036666666666666625,4.066355833854233,0.0,0.0,,1.0,3.7247466281226855,0.88,3.761154404569502,0.94,3.798348379476406,0.93,3.9801813580294287,49.964915597307545,49.995458611340545,49.990925072090086,49.94802530591321,0.9906939632686235,no_changepoint_control,0.0,0,18
Hard-reset CP,0.88,0.020000000000000018,3.346641209098362,0.0,0.0,,0.9,3.345014270097784,0.84,3.34735331880567,0.9,3.367479412337851,0.88,3.3512453802027964,50.0,50.0,50.0,50.0,1.168904367378275,no_changepoint_control,0.0,0,18
Hard-reset ACI,0.9366666666666666,0.036666666666666625,4.092844871258063,0.0,0.0,,1.0,3.7247466281226855,0.88,3.7521848582865234,0.94,3.793863606334917,0.93,3.974807619413779,50.0,50.0,50.0,50.0,0.9359737989868141,no_changepoint_control,0.0,0,18
BOCPD-weighted CP,0.8933333333333333,0.00666666666666671,3.2428874330134607,0.0,0.0,,0.9,4.130084274967793,0.96,4.017908037990912,0.98,3.767092038086204,0.92,3.3317568135611144,49.106954950435515,48.820914890341996,49.64318959355342,49.99638463103115,1.257969536186838,shift1.0_ramp0,1.0,0,19
BOCPD-weighted ACI,0.9266666666666666,0.026666666666666616,3.6833364651761076,0.0,0.0,,1.0,5.133665316109373,1.0,4.802741538273599,1.0,4.389090723529392,0.96,3.836994237938935,49.106954950435515,48.820914890341996,49.64318959355342,49.99638463103115,1.2385779227541798,shift1.0_ramp0,1.0,0,19
Hard-reset CP,0.8866666666666667,0.013333333333333308,3.1737482746713925,0.0,0.0,,0.9,3.9278490752624307,0.96,3.9284286172367384,0.98,3.722352327709117,0.93,3.2996229117851845,50.0,50.0,50.0,50.0,1.1736186316930333,shift1.0_ramp0,1.0,0,19
Hard-reset ACI,0.9266666666666666,0.026666666666666616,3.687692367395921,0.0,0.0,,1.0,4.923705493488974,1.0,4.8123541488140305,1.0,4.414319988063602,0.96,3.8568388544930543,50.0,50.0,50.0,50.0,1.2385779227541798,shift1.0_ramp0,1.0,0,19
BOCPD-weighted CP,0.8866666666666667,0.013333333333333308,3.2654128919757603,0.0,0.0,,1.0,4.0234234977063235,0.88,4.20474149251693,0.94,3.912719806563714,0.9,3.3993331904480124,49.50427989614084,49.826168073187375,49.89847616379153,49.99425930408713,1.257969536186838,shift1.0_ramp10,1.0,10,19
BOCPD-weighted ACI,0.9266666666666666,0.026666666666666616,3.7014470435294333,0.0,0.0,,1.0,4.6656826181664215,1.0,4.765937839260101,1.0,4.419353243425782,0.96,3.887775224023727,49.50427989614084,49.826168073187375,49.89847616379153,49.99425930408713,1.2385779227541798,shift1.0_ramp10,1.0,10,19
Hard-reset CP,0.88,0.020000000000000018,3.1843005241597067,0.0,0.0,,1.0,3.615947481151796,0.88,3.985404361813366,0.94,3.803051241211932,0.91,3.3312796602501265,50.0,50.0,50.0,50.0,1.2687749966236685,shift1.0_ramp10,1.0,10,19
Hard-reset ACI,0.9266666666666666,0.026666666666666616,3.699301270469391,0.0,0.0,,1.0,4.611717028193674,1.0,4.744351603271002,1.0,4.408560125431232,0.96,3.891665563713466,50.0,50.0,50.0,50.0,1.2385779227541798,shift1.0_ramp10,1.0,10,19
BOCPD-weighted CP,0.8866666666666667,0.013333333333333308,3.2085953701963126,0.0,0.0,,1.0,3.9714398986878843,0.92,3.8012706854476495,0.94,3.6116379609992944,0.9,3.227396396982449,49.507648951685425,49.85338128394553,49.938928943373796,49.99598995000652,1.257969536186838,shift1.0_ramp40,1.0,40,19
BOCPD-weighted ACI,0.9266666666666666,0.026666666666666616,3.6678737829096537,0.0,0.0,,1.0,4.6656826181664215,1.0,4.579994705358209,1.0,4.282318974624771,0.96,3.7870554421643887,49.507648951685425,49.85338128394553,49.938928943373796,49.99598995000652,1.2385779227541798,shift1.0_ramp40,1.0,40,19
Hard-reset CP,0.88,0.020000000000000018,3.1333126565097684,0.0,0.0,,1.0,3.615947481151796,0.92,3.6590737184332145,0.94,3.5405394774920773,0.91,3.1783160573003113,50.0,50.0,50.0,50.0,1.1736186316930333,shift1.0_ramp40,1.0,40,19
Hard-reset ACI,0.93,0.030000000000000027,3.675017368653709,0.0,0.0,,1.0,4.611717028193674,1.0,4.55840846936911,1.0,4.269513951572336,0.97,3.818813858266418,50.0,50.0,50.0,50.0,1.2385779227541798,shift1.0_ramp40,1.0,40,19
BOCPD-weighted CP,0.8933333333333333,0.00666666666666671,3.406921824880792,2.0,0.0,,0.8,5.181156908539577,0.92,5.258693629434067,0.96,4.707539672926272,0.92,3.815681617425942,42.17124120501962,35.732443105694195,41.842845736560996,49.707082794114555,1.5212990714617898,shift2.0_ramp0,2.0,0,19
BOCPD-weighted ACI,0.92,0.020000000000000018,3.7930905842148226,2.0,0.0,,0.8,5.530454663747285,0.92,5.47217667930826,0.96,5.030133976139691,0.94,4.157254146490262,42.17124120501962,35.732443105694195,41.842845736560996,49.707082794114555,1.3197453603653195,shift2.0_ramp0,2.0,0,19
Hard-reset CP,0.8866666666666667,0.013333333333333308,3.3531524389221747,3.0,0.0,,0.7,4.87962055415764,0.88,4.8679316195934925,0.94,4.523797024656016,0.92,3.8002382840048186,50.0,23.0,44.0,50.0,1.5875129322044794,shift2.0_ramp0,2.0,0,19
Hard-reset ACI,0.9266666666666666,0.026666666666666616,3.8260160664466154,2.0,0.0,,0.8,5.4195950058885725,0.92,5.415609397599009,0.96,5.044663768217735,0.95,4.211166802707606,50.0,23.0,44.0,50.0,1.3197453603653195,shift2.0_ramp0,2.0,0,19
BOCPD-weighted CP,0.89,0.010000000000000009,3.3624895573188684,0.0,0.0,,1.0,4.127390695743202,0.88,4.7617031606250535,0.94,4.468381644108171,0.91,3.685928526691707,49.492620331896994,49.5756229710689,49.18387870630504,49.85811127692586,1.5319967464852573,shift2.0_ramp10,2.0,10,19
BOCPD-weighted ACI,0.9166666666666666,0.016666666666666607,3.771345296012957,0.0,0.0,,1.0,4.821676850814072,0.88,5.196820460793622,0.94,4.815698617703147,0.93,4.092018281884665,49.492620331896994,49.5756229710689,49.18387870630504,49.85811127692586,1.3010452199572604,shift2.0_ramp10,2.0,10,19
Hard-reset CP,0.8766666666666667,0.023333333333333317,3.2714000185536043,0.0,0.0,,0.9,3.6425426544870225,0.84,4.440323617614551,0.92,4.2945688721868,0.9,3.5849485904779397,50.0,50.0,50.0,50.0,1.6174208600239626,shift2.0_ramp10,2.0,10,19
Hard-reset ACI,0.9166666666666666,0.016666666666666607,3.784261685890839,0.0,0.0,,1.0,4.611717028193674,0.88,5.109205667840969,0.94,4.8198409628994545,0.93,4.118155784655371,50.0,50.0,50.0,50.0,1.3010452199572604,shift2.0_ramp10,2.0,10,19
BOCPD-weighted CP,0.89,0.010000000000000009,3.2562118563079747,0.0,0.0,,1.0,4.0234234977063235,0.92,3.9798394603153984,0.92,3.7887523229325892,0.91,3.370708998748999,49.507025730245424,49.85200613009996,49.936742129933265,49.996399327259915,1.257969536186838,shift2.0_ramp40,2.0,40,19
BOCPD-weighted ACI,0.9266666666666666,0.026666666666666616,3.7192004059005117,0.0,0.0,,1.0,4.6656826181664215,1.0,4.657992398417269,1.0,4.469871275412305,0.96,3.944586060112149,49.507025730245424,49.85200613009996,49.936742129933265,49.996399327259915,1.2385779227541798,shift2.0_ramp40,2.0,40,19
Hard-reset CP,0.88,0.020000000000000018,3.1776298879356286,0.0,0.0,,1.0,3.615947481151796,0.92,3.771150394735081,0.92,3.68440779014243,0.91,3.3112677515778923,50.0,50.0,50.0,50.0,1.1736186316930333,shift2.0_ramp40,2.0,40,19
Hard-reset ACI,0.93,0.030000000000000027,3.7308557827792788,0.0,0.0,,1.0,4.611717028193674,1.0,4.63640616242817,1.0,4.459078157417756,0.97,3.986329100643129,50.0,50.0,50.0,50.0,1.2385779227541798,shift2.0_ramp40,2.0,40,19
BOCPD-weighted CP,0.8933333333333333,0.00666666666666671,3.537525561127731,1.0,0.0,,0.8,8.239587097285751,0.92,7.6728552860984145,0.96,5.524873235812443,0.92,4.20714570342254,17.41914296300196,6.685443274489341,16.38548737452562,17.225215769213385,2.5342915762732714,shift4.0_ramp0,4.0,0,19
BOCPD-weighted ACI,0.9233333333333333,0.023333333333333317,3.92431448870561,1.0,0.0,,0.8,8.399683199164206,0.92,8.029832690978354,0.96,5.8103240469745,0.95,4.547375110987435,17.41914296300196,6.685443274489341,16.38548737452562,17.225215769213385,2.127299329288808,shift4.0_ramp0,4.0,0,19
Hard-reset CP,0.8766666666666667,0.023333333333333317,3.460206001909772,1.0,0.0,,0.8,8.273898871618437,0.88,7.404946673164042,0.9,5.21127161130847,0.9,4.158996093500323,3.0,7.0,12.0,12.0,2.644595482099947,shift4.0_ramp0,4.0,0,19
Hard-reset ACI,0.92,0.020000000000000018,3.872699004401423,1.0,0.0,,0.8,8.536831818635221,0.88,7.602412030631854,0.94,5.438218813160895,0.94,4.424441561581447,3.0,7.0,12.0,12.0,2.127299329288808,shift4.0_ramp0,4.0,0,19
BOCPD-weighted CP,0.8833333333333333,0.01666666666666672,3.3781971723956215,11.0,0.0,88.0,0.7,4.56407205377114,0.8,5.640140794161542,0.9,4.559157757757486,0.89,3.7291605372262113,49.44899835894267,46.0351008194592,36.62682405397012,25.54156176492467,2.1642793726004146,shift4.0_ramp10,4.0,10,19
BOCPD-weighted ACI,0.92,0.020000000000000018,3.793205819354871,0.0,0.0,88.0,0.9,5.150069066629522,0.88,6.2845131414420985,0.94,5.037504676421399,0.94,4.154049102935221,49.44899835894267,46.0351008194592,36.62682405397012,25.54156176492467,1.9566674110917779,shift4.0_ramp10,4.0,10,19
Hard-reset CP,0.8666666666666667,0.033333333333333326,3.25545380368429,11.0,0.0,88.0,0.7,4.152321357447853,0.76,4.538783791772757,0.84,3.7923692212527493,0.87,3.521850839962238,50.0,50.0,28.0,11.0,2.4324709381991245,shift4.0_ramp10,4.0,10,19
Hard-reset ACI,0.9166666666666666,0.016666666666666607,3.6785102537984162,0.0,0.0,88.0,0.9,5.079699726136624,0.84,5.003948573015632,0.92,4.110614868761757,0.93,3.8063827864996114,50.0,50.0,28.0,11.0,1.9566674110917779,shift4.0_ramp10,4.0,10,19
BOCPD-weighted CP,0.89,0.010000000000000009,3.4102578038479856,0.0,0.0,,1.0,4.0234234977063235,0.88,4.350718885711336,0.9,4.372365659544771,0.91,3.8378180923741034,49.50427989614084,49.826168073187375,49.89847616379153,49.976587721385776,1.3237154108237938,shift4.0_ramp40,4.0,40,19
BOCPD-weighted ACI,0.9266666666666666,0.026666666666666616,3.841830303261322,0.0,0.0,,1.0,4.6656826181664215,0.96,4.915715971817465,0.98,4.923603375044244,0.96,4.31592071107095,49.50427989614084,49.826168073187375,49.89847616379153,49.976587721385776,1.2385779227541798,shift4.0_ramp40,4.0,40,19
Hard-reset CP,0.8766666666666667,0.023333333333333317,3.3079132777063105,0.0,0.0,,1.0,3.615947481151796,0.88,4.045794212160685,0.9,4.1354572206201965,0.9,3.702117920889939,50.0,50.0,50.0,50.0,1.3127220968438194,shift4.0_ramp40,4.0,40,19
Hard-reset ACI,0.9266666666666666,0.026666666666666616,3.849252297649425,0.0,0.0,,1.0,4.611717028193674,0.96,4.894129735828366,0.98,4.917470059705993,0.96,4.341518645253565,50.0,50.0,50.0,50.0,1.2385779227541798,shift4.0_ramp40,4.0,40,19
BOCPD-weighted CP,0.8933333333333333,0.00666666666666671,3.198081792545034,0.0,0.0,,1.0,3.9714398986878843,0.96,3.700726027303714,0.98,3.516597047874717,0.92,3.195330420598035,49.50777714909755,49.849264050131644,49.93420102648637,49.995350472163146,1.257969536186838,no_changepoint_control,0.0,0,19
BOCPD-weighted ACI,0.9266666666666666,0.026666666666666616,3.6436032998010446,0.0,0.0,,1.0,4.6656826181664215,1.0,4.533195858828679,1.0,4.188281210661642,0.96,3.71424399283856,49.50777714909755,49.849264050131644,49.93420102648637,49.995350472163146,1.2385779227541798,no_changepoint_control,0.0,0,19
Hard-reset CP,0.8866666666666667,0.013333333333333308,3.123120913583529,0.0,0.0,,1.0,3.615947481151796,0.96,3.558529060289278,0.98,3.445498564367499,0.93,3.147740828521594,50.0,50.0,50.0,50.0,1.1736186316930333,no_changepoint_control,0.0,0,19
Hard-reset ACI,0.9266666666666666,0.026666666666666616,3.643560547173512,0.0,0.0,,1.0,4.611717028193674,1.0,4.51160962283958,1.0,4.203208321585846,0.96,3.7244433938258283,50.0,50.0,50.0,50.0,1.1753974971402514,no_changepoint_control,0.0,0,19
BOCPD-weighted CP,0.8866666666666667,0.013333333333333308,3.4985605629295695,1.0,0.0,,0.8,4.542539457762259,0.92,4.422623480779253,0.96,4.196677683023552,0.92,3.6459888560190574,49.939997821739865,49.9810584031447,49.99017389322803,49.99697724478866,1.169315560972623,shift1.0_ramp0,1.0,0,20
BOCPD-weighted ACI,0.92,0.020000000000000018,4.036495978396235,0.0,0.0,,0.9,5.587678024420213,0.96,5.153178279127704,0.98,4.770361314151363,0.95,4.1173167293418445,49.939997821739865,49.9810584031447,49.99017389322803,49.99697724478866,1.1139846619991536,shift1.0_ramp0,1.0,0,20
Hard-reset CP,0.88,0.020000000000000018,3.4269027559185936,1.0,0.0,,0.8,4.350792272389624,0.92,4.345924606630199,0.96,4.158328245949025,0.92,3.6101868318185577,50.0,50.0,50.0,50.0,1.1506767252530872,shift1.0_ramp0,1.0,0,20
Hard-reset ACI,0.92,0.020000000000000018,4.029491961317327,0.0,0.0,,0.9,5.587678024420213,0.96,5.153178279127704,0.98,4.770361314151363,0.95,4.118730228962677,50.0,50.0,50.0,50.0,1.2166202890499385,shift1.0_ramp0,1.0,0,20
BOCPD-weighted CP,0.8766666666666667,0.023333333333333317,3.5453063674447574,5.0,0.0,,0.7,4.677469622418586,0.84,4.694487941097782,0.92,4.481026394446186,0.9,3.7880298783970416,49.996856828385674,49.99746810078929,49.99747674496402,49.99911083685692,1.2250424703386662,shift1.0_ramp10,1.0,10,20
BOCPD-weighted ACI,0.9233333333333333,0.023333333333333317,4.057672633813433,0.0,0.0,,1.0,5.373710448557532,1.0,5.155411127528032,1.0,4.908311854165214,0.96,4.180846695593436,49.996856828385674,49.99746810078929,49.99747674496402,49.99911083685692,1.066788204706428,shift1.0_ramp10,1.0,10,20
Hard-reset CP,0.8733333333333333,0.026666666666666727,3.471295483968356,5.0,0.0,,0.7,4.457386467415619,0.84,4.582337714033951,0.92,4.424951280914271,0.9,3.7433650159678473,50.0,50.0,50.0,50.0,1.2098611284704583,shift1.0_ramp10,1.0,10,20
Hard-reset ACI,0.9233333333333333,0.023333333333333317,4.056980678181117,0.0,0.0,,1.0,5.373710448557532,1.0,5.155411127528032,1.0,4.949984817056531,0.96,4.201196379554046,50.0,50.0,50.0,50.0,1.1650754433511095,shift1.0_ramp10,1.0,10,20
BOCPD-weighted CP,0.88,0.020000000000000018,3.5242312505504865,1.0,0.0,,0.8,4.740408892558664,0.88,4.624775962262298,0.94,4.36502277588675,0.91,3.72811274902589,49.99673005554683,49.99511621594392,49.99816554536802,49.998863345755936,1.2448100722016633,shift1.0_ramp40,1.0,40,20
BOCPD-weighted ACI,0.9233333333333333,0.023333333333333317,4.038212740263007,0.0,0.0,,1.0,5.373710448557532,1.0,5.123798621194019,1.0,4.8182786216394495,0.96,4.122467014942159,49.99673005554683,49.99511621594392,49.99816554536802,49.998863345755936,1.066788204706428,shift1.0_ramp40,1.0,40,20
Hard-reset CP,0.8766666666666667,0.023333333333333317,3.4458683894822433,1.0,0.0,,0.8,4.4413933963419066,0.88,4.460705249400746,0.94,4.282987419455974,0.91,3.6669503991761734,50.0,50.0,50.0,50.0,1.169315560972623,shift1.0_ramp40,1.0,40,20
Hard-reset ACI,0.9233333333333333,0.023333333333333317,4.030942394742554,0.0,0.0,,1.0,5.373710448557532,1.0,5.126256678378817,1.0,4.819507650231848,0.96,4.123081529238359,50.0,50.0,50.0,50.0,1.1650754433511095,shift1.0_ramp40,1.0,40,20
BOCPD-weighted CP,0.8833333333333333,0.01666666666666672,3.501379738550986,1.0,0.0,,0.8,4.681355642215582,0.92,4.614675156809683,0.96,4.238250823458593,0.91,3.6579881952236097,43.63671833078318,47.597240661044665,48.6641885266635,49.588932790422994,1.3623408456175299,shift2.0_ramp0,2.0,0,20
BOCPD-weighted ACI,0.9166666666666666,0.016666666666666607,4.046209663637766,1.0,0.0,,0.8,5.8976534291991625,0.92,5.440896644525483,0.96,4.834040367202886,0.94,4.1464577850664375,43.63671833078318,47.597240661044665,48.6641885266635,49.588932790422994,1.768834520268086,shift2.0_ramp0,2.0,0,20
Hard-reset CP,0.8766666666666667,0.023333333333333317,3.4469946486804064,1.0,0.0,,0.8,5.259325992462665,0.92,4.724042154451386,0.96,4.296454064545841,0.91,3.6704625101039996,2.0,50.0,50.0,50.0,2.2588884142777412,shift2.0_ramp0,2.0,0,20
Hard-reset ACI,0.9166666666666666,0.016666666666666607,4.06027615954129,1.0,0.0,,0.8,6.223636214210148,0.92,5.542469671432623,0.96,4.965771890496265,0.94,4.211082823634567,2.0,50.0,50.0,50.0,1.9318039455481328,shift2.0_ramp0,2.0,0,20
BOCPD-weighted CP,0.88,0.020000000000000018,3.5411017726789487,1.0,0.0,,0.8,4.579670059232698,0.88,4.6302609043212275,0.94,4.402591233540154,0.91,3.773705589968295,49.99699186989142,49.99814518212891,49.99120222082062,49.99912318548336,1.2448100722016633,shift2.0_ramp10,2.0,10,20
BOCPD-weighted ACI,0.92,0.020000000000000018,4.083275510259778,0.0,0.0,,0.9,5.397484623653385,0.96,5.364270970250529,0.98,5.047861337562643,0.95,4.257655324932473,49.99699186989142,49.99814518212891,49.99120222082062,49.99912318548336,1.1139846619991536,shift2.0_ramp10,2.0,10,20
Hard-reset CP,0.8766666666666667,0.023333333333333317,3.458961965702177,1.0,0.0,,0.8,4.358144302285609,0.88,4.427405611778227,0.94,4.301163587268654,0.91,3.7063644611693087,50.0,50.0,50.0,50.0,1.169315560972623,shift2.0_ramp10,2.0,10,20
Hard-reset ACI,0.92,0.020000000000000018,4.080700564322836,0.0,0.0,,0.9,5.397484623653385,0.96,5.364270970250529,0.98,5.0617366885334505,0.95,4.272356037979206,50.0,50.0,50.0,50.0,1.2166202890499385,shift2.0_ramp10,2.0,10,20
BOCPD-weighted CP,0.8766666666666667,0.023333333333333317,3.5437653407727385,1.0,0.0,,0.8,4.740408892558664,0.88,4.637433942769531,0.92,4.469336587179473,0.9,3.7877218430829793,49.99677485001137,49.996155586028735,49.99815517871341,49.999166682872364,1.2448100722016633,shift2.0_ramp40,2.0,40,20
BOCPD-weighted ACI,0.92,0.020000000000000018,4.08816574474589,0.0,0.0,,1.0,5.373710448557532,0.96,5.186546464536778,0.98,4.978929624298515,0.95,4.272326028390808,49.99677485001137,49.996155586028735,49.99815517871341,49.999166682872364,1.066788204706428,shift2.0_ramp40,2.0,40,20
Hard-reset CP,0.8733333333333333,0.026666666666666727,3.463266490630442,1.0,0.0,,0.8,4.4413933963419066,0.88,4.460705249400746,0.92,4.380972240495081,0.9,3.719011369287438,50.0,50.0,50.0,50.0,1.169315560972623,shift2.0_ramp40,2.0,40,20
Hard-reset ACI,0.92,0.020000000000000018,4.078124770757199,0.0,0.0,,1.0,5.373710448557532,0.96,5.186546464536778,0.98,4.978929624298515,0.95,4.2646286572822945,50.0,50.0,50.0,50.0,1.1650754433511095,shift2.0_ramp40,2.0,40,20
BOCPD-weighted CP,0.8833333333333333,0.01666666666666672,3.7748257437053394,1.0,0.0,0.0,0.8,10.341773648490932,0.92,8.05873064617626,0.94,5.840160787158456,0.91,4.473391271167406,3.577728758315592,7.970642375595911,13.272729712542027,20.262711069081423,3.2729667563538194,shift4.0_ramp0,4.0,0,20
BOCPD-weighted ACI,0.9166666666666666,0.016666666666666607,4.289113224528115,0.0,0.0,0.0,0.9,12.156473666406262,0.96,8.870374111140764,0.96,6.298963218074375,0.94,4.875168467737482,3.577728758315592,7.970642375595911,13.272729712542027,20.262711069081423,2.562913929584073,shift4.0_ramp0,4.0,0,20
Hard-reset CP,0.88,0.020000000000000018,3.8019982377121013,0.0,0.0,0.0,0.9,11.992649634568291,0.96,9.026868208051004,0.96,6.38553243783917,0.92,4.73547327719908,3.0,7.0,11.0,17.0,3.2729667563538194,shift4.0_ramp0,4.0,0,20
Hard-reset ACI,0.9166666666666666,0.016666666666666607,4.3871252861786765,0.0,0.0,0.0,0.9,12.156473666406262,0.96,10.011621418711433,0.96,6.917618963795844,0.94,5.191630203546728,3.0,7.0,11.0,17.0,2.7990448990787433,shift4.0_ramp0,4.0,0,20
BOCPD-weighted CP,0.88,0.020000000000000018,3.6451549602313267,9.0,0.0,,0.8,4.621294606260847,0.88,5.9343417904153855,0.94,5.0796640147636865,0.9,4.077904209376638,49.99715376608335,49.99821207577128,12.702663877818264,40.25052304349039,2.1579945450486577,shift4.0_ramp10,4.0,10,20
BOCPD-weighted ACI,0.9166666666666666,0.016666666666666607,4.164966178243945,0.0,0.0,,0.9,5.39942632236934,0.92,6.659225946503576,0.96,5.594609880122305,0.94,4.501476576385478,49.99715376608335,49.99821207577128,12.702663877818264,40.25052304349039,1.6898290423313285,shift4.0_ramp10,4.0,10,20
Hard-reset CP,0.8666666666666667,0.033333333333333326,3.5961984875092754,9.0,0.0,,0.8,4.748125605722957,0.88,6.388610632557526,0.9,5.217215768224765,0.88,4.1180740265906035,50.0,50.0,4.0,18.0,2.1579945450486577,shift4.0_ramp10,4.0,10,20
Hard-reset ACI,0.91,0.010000000000000009,4.164903470239026,0.0,0.0,,0.9,5.6875535379591735,0.92,7.068307843333829,0.92,5.640485467249546,0.92,4.524964755727775,50.0,50.0,4.0,18.0,1.8455193936302903,shift4.0_ramp10,4.0,10,20
BOCPD-weighted CP,0.88,0.020000000000000018,3.6326025081259803,5.0,0.0,,0.7,4.677469622418586,0.84,4.728734682307379,0.9,4.674082490422063,0.91,4.053399533984574,49.996856828385674,49.99746810078929,49.99747674496402,49.999024830102854,1.2250424703386662,shift4.0_ramp40,4.0,40,20
BOCPD-weighted ACI,0.9233333333333333,0.023333333333333317,4.146435206699956,0.0,0.0,,1.0,5.373710448557532,0.96,5.18515297145768,0.96,5.0992852219491605,0.96,4.450886671751487,49.996856828385674,49.99746810078929,49.99747674496402,49.999024830102854,1.066788204706428,shift4.0_ramp40,4.0,40,20
Hard-reset CP,0.8766666666666667,0.023333333333333317,3.5587147513323036,5.0,0.0,,0.7,4.457386467415619,0.84,4.582337714033951,0.9,4.590893838437682,0.91,4.005089484726357,50.0,50.0,50.0,50.0,1.2098611284704583,shift4.0_ramp40,4.0,40,20
Hard-reset ACI,0.9233333333333333,0.023333333333333317,4.145787262215623,0.0,0.0,,1.0,5.373710448557532,0.96,5.18515297145768,0.96,5.0992852219491605,0.96,4.467616131657565,50.0,50.0,50.0,50.0,1.1650754433511095,shift4.0_ramp40,4.0,40,20
BOCPD-weighted CP,0.8833333333333333,0.01666666666666672,3.496248235476362,1.0,0.0,,0.8,4.740408892558664,0.92,4.540298171749347,0.96,4.197055379184234,0.92,3.6461777040993986,49.996682635346325,49.99347753467436,49.997975501566934,49.99883027945445,1.2448100722016633,no_changepoint_control,0.0,0,20
BOCPD-weighted ACI,0.92,0.020000000000000018,4.034098238955412,0.0,0.0,,0.9,5.432984733747557,0.96,5.142827420825666,0.98,4.7649124690835105,0.95,4.110123511019373,49.996682635346325,49.99347753467436,49.997975501566934,49.99883027945445,1.090322449392089,no_changepoint_control,0.0,0,20
Hard-reset CP,0.88,0.020000000000000018,3.4214048568122726,1.0,0.0,,0.8,4.4413933963419066,0.92,4.3968691160030815,0.96,4.125340851311101,0.92,3.593693134499596,50.0,50.0,50.0,50.0,1.169315560972623,no_changepoint_control,0.0,0,20
Hard-reset ACI,0.92,0.020000000000000018,4.027094221876504,0.0,0.0,,0.9,5.432984733747557,0.96,5.142827420825666,0.98,4.7649124690835105,0.95,4.111537010640206,50.0,50.0,50.0,50.0,1.1907779871551305,no_changepoint_control,0.0,0,20
